clientId,status,manifestRequests,noticeRequests,noticeRetries,bytes,manifestDetectedMs,endToEndMs
1,ready,1,1,0,636,5748.09,14640.02
2,ready,2,1,0,636,25392.88,29895.31
3,ready,1,1,0,636,18526.51,23021.81
4,ready,2,1,0,636,26034.08,31034.5
5,ready,2,1,0,636,26996.51,32308.76
6,ready,1,1,0,636,13946.74,19344.49
7,ready,3,1,0,636,27977.87,31757.78
8,ready,1,1,0,636,5748.73,14661.28
9,ready,1,1,0,636,13150.11,18505.33
10,ready,1,1,0,636,11792.67,16836.85
11,ready,1,1,0,636,17692.28,21906.79
12,ready,2,1,0,636,25747.97,30140.86
13,ready,2,2,1,636,13353.72,31052.72
14,ready,1,2,1,636,13913.62,66107.34
15,ready,2,2,1,636,26060.72,31970.37
16,ready,1,1,0,636,13946.84,18173.48
17,ready,2,1,0,636,25392.9,30186.65
18,ready,1,1,0,636,11796.61,16269.71
19,ready,1,1,0,636,18236.93,22738.97
20,ready,2,1,0,636,27014.52,31880.49
21,ready,1,1,0,636,15678.25,20114.36
22,ready,3,2,1,636,16775.58,21287.08
23,ready,1,1,0,636,13940.92,18437.47
24,ready,1,2,1,636,16875.11,23010.88
25,ready,1,1,0,636,21689.68,26898.16
26,ready,2,1,0,636,13345.18,18369.97
27,ready,2,1,0,636,27273.81,31968.87
28,ready,1,2,1,636,13149.93,65275.41
29,ready,1,1,0,636,9720.32,16814.56
30,ready,1,1,0,636,20444.86,24270.14
31,ready,3,1,0,636,28894.22,33954.01
32,ready,1,1,0,636,13901.83,18633.85
33,ready,2,1,0,636,26312.58,30343.97
34,ready,2,2,1,636,13326.02,18979.94
35,ready,1,1,0,636,11798.03,26211.24
36,ready,2,1,0,636,27024.97,32307.72
37,ready,3,1,0,636,28603.78,32345.09
38,ready,2,1,0,636,26184.28,30476.98
39,ready,1,1,0,636,11794.25,16096.15
40,ready,2,1,0,636,27039.26,31124.22
41,ready,2,1,0,636,13327.41,18001.47
42,ready,2,1,0,636,25554,29889.46
43,ready,3,1,0,636,28684.1,32874.5
44,ready,2,1,0,636,27285.13,31714.79
45,ready,2,1,0,636,25823.97,30003.92
46,ready,2,1,0,636,26003.12,31189.23
47,ready,1,1,0,636,22854.92,27207.83
48,ready,2,1,0,636,27273.95,32816.53
49,ready,1,1,0,636,23278.15,27311.91
50,ready,2,1,0,636,27269.74,31674.68
51,ready,2,1,0,636,27235.26,32453.26
52,ready,3,1,0,636,28430.32,33359.2
53,ready,2,2,1,636,27043.45,32840.13
54,ready,1,1,0,636,19208.94,24102.54
55,ready,2,2,1,636,25647.44,31717.06
56,ready,2,1,0,636,25898.77,30225.55
57,ready,2,2,1,636,11801.65,18039.83
58,ready,2,1,0,636,13365.86,18913.55
59,ready,1,1,0,636,21606.42,25716.69
60,ready,1,3,2,636,11794.77,18852.14
61,ready,1,1,0,636,19031.82,23191.37
62,ready,2,1,0,636,27032.34,31295.5
63,ready,2,1,0,636,26019.92,30953.27
64,ready,3,1,0,636,28688.03,33680.25
65,ready,2,1,0,636,25746.96,30548.34
66,ready,1,1,0,636,16664.61,21177.38
67,ready,3,1,0,636,16775.61,20568.39
68,ready,2,1,0,636,27280.3,32265.59
69,ready,1,1,0,636,13870.55,19279.43
70,ready,1,1,0,636,18493.36,23007.83
71,ready,2,1,0,636,27030.35,31080.53
72,ready,1,1,0,636,11166.6,16351.35
73,ready,2,2,1,636,13341.21,18383.67
74,ready,1,1,0,636,18149.57,28290.96
75,ready,3,1,0,636,23255.28,27385.06
76,ready,1,1,0,636,11802.81,20446.81
77,ready,1,1,0,636,13997.84,19137.12
78,ready,1,1,0,636,11788.89,16744
79,ready,1,1,0,636,16111.11,20926.64
80,ready,2,2,1,636,11801.09,17936.48
81,ready,2,1,0,636,25392.98,30507.29
82,ready,2,1,0,636,27491.19,32213.63
83,ready,3,1,0,636,28971.09,33011.68
84,ready,2,1,0,636,13329.93,17549.48
85,ready,3,1,0,636,28045.29,33284.49
86,ready,3,1,0,636,29090.72,34001.29
87,ready,2,1,0,636,27044.8,31812.82
88,ready,1,2,1,636,11802.73,17569.35
89,ready,2,2,1,636,13344.81,65893.79
90,ready,1,1,0,636,11162.12,33028.05
91,ready,1,1,0,636,18319.3,22054.04
92,ready,1,1,0,636,11166.41,26590.04
93,ready,2,1,0,636,27284.42,31715.07
94,ready,1,2,1,636,20924.05,27402.6
95,ready,2,1,0,636,25128.9,29433.88
96,ready,2,1,0,636,25775.62,29895.28
97,ready,2,1,0,636,11803.83,16501.07
98,ready,2,1,0,636,27237,31138.13
99,ready,2,1,0,636,27026.78,32145.36
100,ready,1,2,1,636,21605.13,28249.17
101,ready,1,2,1,636,17085.71,23478.9
102,ready,2,1,0,636,13326.07,17192.85
103,ready,2,1,0,636,13353.17,27032.88
104,ready,2,1,0,636,27385.27,31765.06
105,ready,2,1,0,636,27030.04,31122.06
106,ready,3,1,0,636,28373.01,33889.53
107,ready,1,1,0,636,5747.73,14661.53
108,ready,1,1,0,636,20367.92,25132.92
109,ready,1,1,0,636,13881.32,22439.73
110,ready,1,2,1,636,13901.76,19950.44
111,ready,1,2,1,636,19196.44,25183.16
112,ready,2,2,1,636,28006.37,33889.38
113,ready,1,1,0,636,11789.17,19201.32
114,ready,1,1,0,636,16698.13,21472.42
115,ready,2,1,0,636,25679.15,30400.19
116,ready,2,1,0,636,25910.3,30751.18
117,ready,1,1,0,636,14075.91,19591.78
118,ready,2,1,0,636,27032.99,30959.9
119,ready,2,1,0,636,26235.48,30256.31
120,ready,2,1,0,636,25442.82,30362.71
121,ready,3,1,0,636,28783.52,33580.94
122,ready,2,1,0,636,25944.6,30463.4
123,ready,3,1,0,636,16189.65,20490.72
124,ready,2,1,0,636,25527.88,30122.14
125,ready,2,1,0,636,25725.79,29971.25
126,ready,2,1,0,636,25946.4,31000.07
127,ready,2,1,0,636,27007.73,32308.8
128,ready,2,1,0,636,25717.41,30359.21
129,ready,1,1,0,636,13117.56,17550.39
130,ready,1,1,0,636,13150.43,18241.75
131,ready,2,1,0,636,25430.65,30698.39
132,ready,1,1,0,636,21670.47,26018.99
133,ready,2,2,1,636,25633.21,30380.71
134,ready,2,1,0,636,25366.86,30593.25
135,ready,1,2,1,636,11787.52,24098.48
136,ready,1,1,0,636,20296.05,24264.41
137,ready,1,1,0,636,11166.25,28429.75
138,ready,1,1,0,636,13997.86,19076.16
139,ready,1,1,0,636,11162.72,26347.67
140,ready,2,1,0,636,13330.47,26989.59
141,ready,2,1,0,636,27533.43,31867.41
142,ready,1,1,0,636,11789.3,19546.21
143,ready,2,1,0,636,13383.95,17261.81
144,ready,2,1,0,636,13344.95,18107.37
145,ready,1,1,0,636,19031.94,23715.72
146,ready,2,1,0,636,26998.33,30990.75
147,ready,2,1,0,636,28013.02,33007.4
148,ready,1,1,0,636,5748.57,14640.32
149,ready,1,1,0,636,14405.33,19976.88
150,ready,1,1,0,636,5748.68,14661.81
151,ready,1,1,0,636,11165.94,16454
152,ready,1,1,0,636,17788.37,21607.68
153,ready,1,1,0,636,15287.06,19441.77
154,ready,2,1,0,636,27020.84,31280.98
155,ready,2,1,0,636,27045.38,32140.26
156,ready,2,1,0,636,11803.85,16862.01
157,ready,3,1,0,636,18687.4,22451.36
158,ready,1,1,0,636,13104.1,17555.01
159,ready,3,1,0,636,28418.92,32816.58
160,ready,1,2,1,636,11787.14,28713.81
161,ready,2,1,0,636,13327.2,18385.18
162,ready,1,1,0,636,13940.95,19417.22
163,ready,2,2,1,636,27002.61,31992.14
164,ready,2,1,0,636,27624.36,32363.15
165,ready,2,1,0,636,13341.88,17915.72
166,ready,2,1,0,636,25653.86,29655.49
167,ready,2,1,0,636,26019.93,30707.18
168,ready,1,2,1,636,11790.78,63060.99
169,ready,1,1,0,636,13973.77,24100.43
170,ready,2,1,0,636,25947.55,31228.2
171,ready,1,2,1,636,13104.43,18242.59
172,ready,1,1,0,636,18236.98,23562.18
173,ready,1,1,0,636,17498.02,21688.38
174,ready,1,1,0,636,11166.09,29620.53
175,ready,2,1,0,636,13327.45,18172
176,ready,2,1,0,636,26993.93,32010.12
177,ready,2,2,1,636,13330.6,18242.47
178,ready,1,2,1,636,13940.66,64752.3
179,ready,2,2,1,636,27014.9,32167.39
180,ready,2,1,0,636,25767.86,30316.64
181,ready,1,1,0,636,5748.54,12907.96
182,ready,2,1,0,636,26237.34,31431.33
183,ready,1,2,1,636,5748.62,20957.33
184,ready,1,1,0,636,13150.44,19691.23
185,ready,1,2,1,636,13913.69,18978.28
186,ready,1,1,0,636,16875.14,21459.11
187,ready,2,1,0,636,27533.33,31975.93
188,ready,2,1,0,636,26022.64,30036.57
189,ready,1,2,1,636,11799.04,30136.15
190,ready,2,1,0,636,25966.76,30903.65
191,ready,1,1,0,636,19198.5,25132.1
192,ready,1,2,1,636,11795.46,17236.55
193,ready,2,1,0,636,26010.06,31053.43
194,ready,2,1,0,636,26989.92,31950.55
195,ready,3,1,0,636,28602.07,33395.16
196,ready,2,1,0,636,27236.74,31514.85
197,ready,1,1,0,636,14012.12,23475.07
198,ready,1,1,0,636,16993.92,21542.85
199,ready,1,1,0,636,11788.73,16186.88
200,ready,1,1,0,636,15400.93,20457.92
201,ready,2,1,0,636,13330.85,18121.67
202,ready,2,1,0,636,25961.32,31248.9
203,ready,2,1,0,636,27502.86,33077.23
204,ready,1,2,1,636,13939,19301.72
205,ready,1,1,0,636,14021.97,18533.28
206,ready,3,1,0,636,28546.3,33352.38
207,ready,2,1,0,636,25947.56,30833.31
208,ready,1,2,1,636,13949.49,19000.57
209,ready,1,1,0,636,11165.52,26100.52
210,ready,2,2,1,636,13330.61,26898.19
211,ready,1,1,0,636,21611.74,26973.19
212,ready,2,2,1,636,27032.94,31799.35
213,ready,3,1,0,636,28865.48,33442.96
214,ready,2,1,0,636,13353.59,18351.75
215,ready,2,1,0,636,11802.92,17088.82
216,ready,2,1,0,636,26075.74,31408.36
217,ready,1,1,0,636,15146.5,19253.04
218,ready,2,1,0,636,13353.4,17915.7
219,ready,2,1,0,636,13345.31,18007.88
220,ready,1,2,1,636,11802.38,16811.83
221,ready,3,2,1,636,28235.3,33009.05
222,ready,2,1,0,636,28045.23,32036.4
223,ready,1,2,1,636,11787.53,30112.7
224,ready,1,1,0,636,16698.36,20622.91
225,ready,1,2,1,636,21039.2,27211.34
226,ready,2,1,0,636,25653.89,30081.79
227,ready,1,1,0,636,18759.08,22940.85
228,ready,1,1,0,636,13870.51,18436.93
229,ready,1,1,0,636,15185.1,19526.55
230,ready,2,1,0,636,25988.95,30903.7
231,ready,1,1,0,636,17129.94,22014.95
232,ready,1,1,0,636,16684.36,21083
233,ready,1,1,0,636,11164.61,16351.46
234,ready,1,1,0,636,20924.11,25437.84
235,ready,3,2,1,636,28960.87,35218.95
236,ready,2,1,0,636,25963.36,30751.26
237,ready,2,1,0,636,11800.33,25216.9
238,ready,2,1,0,636,27033.06,31335.12
239,ready,1,1,0,636,13687.62,18851.3
240,ready,1,1,0,636,11787.38,16813.15
241,ready,1,1,0,636,19970.87,25190.6
242,ready,2,1,0,636,27237.04,31159.04
243,ready,1,1,0,636,13913.47,18398.39
244,ready,2,1,0,636,26028.19,31075.75
245,ready,1,1,0,636,17085.84,20989.86
246,ready,1,1,0,636,11161.85,26477.34
247,ready,1,2,1,636,5748.89,17729.46
248,ready,1,1,0,636,21708.19,26278.68
249,ready,1,1,0,636,19420.33,24264.59
250,ready,2,1,0,636,27288.01,31723.38
251,notice_fetch_failed,1,3,2,240,11794.34,26212.57
252,ready,2,2,1,636,25996.65,31664.85
253,ready,1,1,0,636,11802.28,17570.88
254,ready,1,1,0,636,19032.02,24261.22
255,ready,1,1,0,636,16839.24,21919.63
256,ready,1,1,0,636,13917.27,18559.76
257,ready,1,2,1,636,13150.79,19019.95
258,ready,2,1,0,636,25710.97,31072.74
259,ready,1,1,0,636,14029.94,18120.37
260,ready,2,1,0,636,11804.34,16781.26
261,ready,2,2,1,636,27833.46,33284.54
262,ready,2,1,0,636,11800.41,17087.25
263,ready,4,1,0,636,29605.36,34850.96
264,ready,2,1,0,636,26062.26,31277.92
265,ready,2,1,0,636,13330.02,17568.06
266,ready,1,3,2,636,13937.24,21049.96
267,ready,1,2,1,636,13110.77,30230.87
268,ready,2,1,0,636,25182.98,30427.15
269,ready,2,1,0,636,27028.22,32011.73
270,ready,1,1,0,636,13881.35,18399.07
271,ready,1,1,0,636,13946.75,19090.08
272,ready,1,1,0,636,13110.83,17462.77
273,ready,1,1,0,636,9719.46,28295.47
274,ready,3,1,0,636,15560.65,20520.83
275,ready,1,1,0,636,18195.98,23338.67
276,ready,3,1,0,636,28832.53,33467.15
277,ready,1,1,0,636,13110.54,18039.88
278,ready,1,1,0,636,13948.19,23476.98
279,ready,2,1,0,636,27008.25,32042.08
280,ready,2,1,0,636,25203.72,29624.92
281,ready,2,2,1,636,13344.83,19055.06
282,ready,1,1,0,636,11802.82,16443.36
283,ready,2,1,0,636,25946.36,31263.62
284,ready,1,2,1,636,13881.37,65158.32
285,ready,1,1,0,636,17085.66,21922.29
286,ready,2,1,0,636,27020.92,30981.77
287,ready,1,1,0,636,17948.91,23313.31
288,ready,3,1,0,636,28849.86,33499.64
289,ready,3,1,0,636,28434.37,33808.29
290,ready,2,1,0,636,27020.99,32037.98
291,ready,1,1,0,636,13110.79,18145.43
292,ready,2,1,0,636,26219.85,30615.38
293,ready,2,1,0,636,25840.98,30215.41
294,ready,1,1,0,636,18178.42,22515.21
295,ready,1,1,0,636,16801.86,21830.77
296,ready,2,1,0,636,27237.59,32170.62
297,ready,1,1,0,636,20296.02,24264.54
298,ready,2,1,0,636,25940.96,30855.94
299,ready,1,1,0,636,13892.42,18512.46
300,ready,1,3,2,636,13901.84,20443.23
301,ready,2,1,0,636,13342.74,18121.93
302,ready,1,1,0,636,5748.96,14640.84
303,ready,3,1,0,636,29183.25,33396.42
304,ready,1,1,0,636,13152.49,17562.83
305,ready,1,1,0,636,13687.49,25961.49
306,ready,2,1,0,636,27533.41,31732.42
307,ready,1,2,1,636,21602.47,26162.93
308,ready,1,1,0,636,15223.12,20328.16
309,ready,2,1,0,636,27531.85,31757.11
310,ready,2,1,0,636,27536.34,31990.77
311,ready,1,1,0,636,11165.75,18009.4
312,ready,1,1,0,636,11797.73,15961.31
313,ready,1,1,0,636,11796.94,16096.14
314,ready,2,1,0,636,27028.15,31241.37
315,ready,2,1,0,636,25828.55,30858.61
316,ready,1,1,0,636,13892.37,18479.96
317,ready,1,1,0,636,14565.02,18979.71
318,ready,1,1,0,636,9719.44,28295.63
319,ready,2,1,0,636,27039.43,31934.77
320,ready,1,1,0,636,21586.11,26483.95
321,ready,1,1,0,636,13150.81,17230.21
322,ready,1,1,0,636,9719.97,16909.03
323,ready,2,1,0,636,27737.13,32414.99
324,ready,1,1,0,636,15223.1,19376.24
325,ready,1,1,0,636,18908.77,23169.07
326,ready,1,1,0,636,17260.31,22602.66
327,ready,1,1,0,636,13913.73,19138.36
328,ready,2,1,0,636,27274.01,32418.75
329,ready,1,2,1,636,11788.78,16849.27
330,ready,2,1,0,636,27000.1,31053.66
331,ready,1,1,0,636,20444.79,25131.89
332,ready,2,1,0,636,13327.44,19051.29
333,ready,2,1,0,636,27273.76,32037.63
334,ready,1,1,0,636,18177.11,23711.09
335,ready,3,1,0,636,28021.44,32220.05
336,ready,1,1,0,636,13971.24,27475.97
337,ready,1,1,0,636,13880.94,19669.31
338,ready,1,1,0,636,11787.91,15963.82
339,ready,1,1,0,636,11791.53,21057.74
340,ready,2,2,1,636,13325.41,66030.35
341,ready,2,3,2,636,27275.61,34120.8
342,ready,1,2,1,636,13926.23,19654.66
343,ready,1,1,0,636,11165.4,21909.43
344,ready,2,1,0,636,27007.64,31846.44
345,ready,1,1,0,636,13152.25,17129.34
346,ready,3,1,0,636,29289.77,34334.96
347,ready,1,1,0,636,5749.06,14640.24
348,ready,1,1,0,636,13117.04,18352.31
349,ready,2,1,0,636,25747.92,30230.97
350,ready,1,1,0,636,11161.97,16096.24
351,ready,1,1,0,636,13152.14,18039.86
352,ready,1,1,0,636,11788.61,20306.11
353,ready,1,1,0,636,13104.94,17396.24
354,ready,1,1,0,636,18122.38,23313.33
355,ready,2,1,0,636,28011.08,32062.3
356,ready,2,1,0,636,26219.88,31045.22
357,ready,2,1,0,636,25513.21,29938.27
358,ready,1,1,0,636,9720.58,24981.99
359,ready,2,1,0,636,27294.32,32220.32
360,ready,2,1,0,636,26142.68,30553.29
361,ready,2,1,0,636,13342.68,18106.92
362,ready,1,1,0,636,13174.25,18575.04
363,ready,1,1,0,636,15963.77,19973.25
364,ready,1,2,1,636,11793.46,30326.18
365,ready,2,1,0,636,27011.32,30951.93
366,ready,1,1,0,636,11798.16,25562.3
367,ready,1,1,0,636,13914.12,19665.52
368,ready,1,1,0,636,17826.21,22986.4
369,ready,1,1,0,636,13174.11,17539.11
370,ready,2,1,0,636,25513.22,29402.81
371,ready,1,1,0,636,11167.05,21902.99
372,ready,1,2,1,636,15953.08,21092.95
373,ready,1,1,0,636,16287.92,21603.61
374,ready,2,1,0,636,25508.62,29581.9
375,ready,1,1,0,636,13945.31,19061.64
376,ready,1,1,0,636,16287.89,21117.53
377,ready,1,3,2,636,13149.43,30864.33
378,ready,1,1,0,636,15148.53,19763.87
379,ready,2,1,0,636,13341.14,18173.36
380,ready,1,1,0,636,18418.56,23129.37
381,ready,1,1,0,636,13901.36,18482.98
382,ready,2,1,0,636,27044.1,32072.64
383,ready,2,1,0,636,25725.76,29895.32
384,ready,4,1,0,636,30562.55,35851.91
385,ready,3,1,0,636,29060.05,34110.68
386,ready,2,1,0,636,25129.26,30466.95
387,ready,2,1,0,636,25691.88,30988.1
388,ready,1,1,0,636,13150.2,18300.01
389,ready,2,1,0,636,25541.39,29440.85
390,ready,1,2,1,636,21702.92,26935.86
391,ready,2,1,0,636,27284.85,31484.33
392,ready,1,2,1,636,11799.9,16754.53
393,ready,3,1,0,636,26240.1,30842.59
394,ready,2,1,0,636,27034.85,31112.74
395,ready,1,2,1,636,11798.64,18122.32
396,ready,2,1,0,636,26148.78,31317.3
397,ready,1,1,0,636,18038.96,22920.44
398,ready,2,1,0,636,27531.79,31413.93
399,ready,3,1,0,636,28521.77,33381.87
400,ready,2,1,0,636,27039.22,32166.49
401,ready,2,1,0,636,25318.92,30313.3
402,ready,2,1,0,636,13329.91,21414.08
403,ready,1,1,0,636,18306.41,23208.05
404,ready,1,1,0,636,15806.59,20926.91
405,ready,2,1,0,636,11801.79,16551.14
406,ready,1,1,0,636,21449.45,26254.06
407,ready,2,1,0,636,27012.78,30789.86
408,ready,1,1,0,636,13937.31,18172.65
409,ready,2,1,0,636,27011.3,30825.04
410,ready,1,1,0,636,9718.49,25183.14
411,ready,1,1,0,636,14943.08,19253.3
412,ready,2,1,0,636,27011.33,32056.66
413,ready,3,1,0,636,28560.35,33383.14
414,ready,2,1,0,636,27236.78,30958.51
415,ready,2,1,0,636,26130.78,31200.54
416,ready,2,1,0,636,28065.85,33028.18
417,ready,2,1,0,636,25273.29,30669.17
418,ready,2,1,0,636,11804.36,16855.47
419,ready,2,1,0,636,26169.89,30034.87
420,ready,2,1,0,636,27014.6,32109.18
421,ready,1,1,0,636,18375.39,23641.61
422,ready,1,1,0,636,13149.58,18352.26
423,ready,2,1,0,636,11801.94,17159.32
424,ready,2,1,0,636,26018.91,30926
425,ready,1,1,0,636,21198.12,25878.7
426,ready,2,1,0,636,27289.64,31846.13
427,ready,2,1,0,636,27500.34,31834.5
428,ready,2,1,0,636,11801.11,16351.4
429,ready,1,3,2,636,11791.89,18004.22
430,ready,1,1,0,636,14005.66,19120.68
431,ready,2,1,0,636,13341.01,18295.78
432,ready,1,1,0,636,9720.07,16630.2
433,ready,2,1,0,636,25710.71,31023.61
434,ready,1,1,0,636,13891.93,18107.19
435,ready,2,1,0,636,13326.23,18351.89
436,ready,2,1,0,636,25993.19,30350.35
437,ready,1,1,0,636,23278.1,28772.64
438,ready,2,1,0,636,27533.3,31357.67
439,ready,2,1,0,636,13353.86,18120.84
440,ready,1,1,0,636,11793.13,29458.1
441,ready,2,1,0,636,13345.49,25367.22
442,ready,2,1,0,636,27028.34,31072.22
443,ready,1,2,1,636,11167.12,16502.86
444,ready,2,1,0,636,25834,31006.12
445,ready,1,1,0,636,20327.96,24982.39
446,ready,2,1,0,636,26083.53,30176.89
447,ready,2,2,1,636,27540.04,33352.32
448,ready,1,1,0,636,13104.61,18229.49
449,ready,1,1,0,636,11163.02,19931.8
450,ready,1,1,0,636,13917.32,19426.51
451,ready,1,1,0,636,13150.62,20927.2
452,ready,2,1,0,636,26089.99,30114.41
453,ready,1,1,0,636,18761.53,23317.87
454,ready,2,1,0,636,27288.06,31164.97
455,ready,1,1,0,636,11792.76,29859.98
456,ready,2,1,0,636,27272.23,32522.71
457,ready,1,3,2,636,11795.22,18246.58
458,ready,4,1,0,636,31815.46,36709.95
459,ready,2,2,1,636,27237.28,31951.33
460,ready,1,1,0,636,20516.29,25369.07
461,ready,2,1,0,636,26998.53,32038.13
462,ready,1,1,0,636,5748.91,14661.57
463,ready,1,1,0,636,13870.73,18244.51
464,ready,2,3,2,636,27271.6,33864.85
465,ready,2,1,0,636,27000.14,32056.02
466,ready,1,1,0,636,16754.19,22018.93
467,ready,1,1,0,636,11797.96,17167.34
468,ready,1,1,0,636,14404.68,18359.95
469,ready,1,1,0,636,21585.98,26363.98
470,ready,2,1,0,636,13341.43,17946.52
471,ready,1,1,0,636,11789.29,16143.86
472,ready,2,1,0,636,27014.87,32041.82
473,ready,2,2,1,636,28098.93,33975.27
474,ready,1,1,0,636,13111.38,18292.64
475,ready,1,2,1,636,20360.78,25309.34
476,ready,2,1,0,636,27235.21,31810.65
477,ready,1,1,0,636,13917.18,27461.12
478,ready,3,1,0,636,27991.32,32309.27
479,ready,2,1,0,636,11800.61,16962.65
480,ready,1,1,0,636,16698.58,20927.34
481,ready,1,1,0,636,11793.9,27077.46
482,ready,1,1,0,636,5748.42,14661.65
483,ready,2,1,0,636,27498.87,31564.65
484,ready,1,1,0,636,13941.74,18004.62
485,ready,1,2,1,636,13150.03,17913.16
486,ready,1,1,0,636,21690.72,25495.84
487,ready,1,1,0,636,13948.27,18978.14
488,ready,1,1,0,636,13110.75,18373.59
489,ready,1,1,0,636,13940.64,19323.45
490,ready,1,1,0,636,16804.25,21565.79
491,ready,1,1,0,636,19092.82,23000.78
492,ready,3,1,0,636,28463.34,34033.52
493,ready,1,2,1,636,13941.84,30736.23
494,ready,1,1,0,636,11789.87,29864.78
495,ready,2,1,0,636,27284.49,32415.07
496,ready,1,1,0,636,13151.36,17445.86
497,ready,2,3,2,636,27028.18,33307.03
498,ready,2,3,2,636,26083.49,32959.82
499,ready,2,1,0,636,25508.64,29654.04
500,ready,2,2,1,636,11801.45,30263.34
501,ready,2,1,0,636,27009.96,31403.06
502,ready,1,1,0,636,11789.51,25133.01
503,ready,2,1,0,636,27537.8,32392.86
504,ready,2,1,0,636,27533.25,31757.47
505,ready,2,2,1,636,11803.38,16849.4
506,ready,2,1,0,636,27364.56,32863.08
507,ready,2,1,0,636,26083.54,31408.57
508,ready,1,1,0,636,5748.5,14661.26
509,ready,2,1,0,636,26096.68,30354.04
510,ready,2,1,0,636,27233.15,31589.29
511,ready,1,1,0,636,5749.02,14640.45
512,ready,1,2,1,636,9718.52,16110.58
513,ready,2,1,0,636,28052.5,32041.94
514,ready,1,1,0,636,18254.91,22926.13
515,ready,1,1,0,636,11789.41,16095.97
516,ready,1,1,0,636,11162.97,16500.57
517,ready,3,1,0,636,15560.69,19418.81
518,ready,1,2,1,636,13881.34,20306.3
519,ready,2,1,0,636,13345.27,18246.4
520,ready,1,1,0,636,18108.07,23026.72
521,ready,2,1,0,636,26993.91,32219.75
522,ready,2,1,0,636,25246.81,29423.41
523,ready,2,3,2,636,13317.12,31138.51
524,ready,2,1,0,636,26316.07,31717.6
525,ready,2,1,0,636,13341.61,17219.71
526,ready,2,1,0,636,26040.19,30412.33
527,ready,2,2,1,636,25983.99,31023.52
528,ready,1,1,0,636,5749.09,14641.29
529,ready,1,1,0,636,11788.97,17088.56
530,ready,1,1,0,636,16761.49,22015
531,ready,2,1,0,636,13353.47,18285.38
532,ready,2,1,0,636,25651.49,30147.08
533,ready,1,1,0,636,9719.17,28536.42
534,ready,1,1,0,636,11802.46,20926.56
535,ready,1,3,2,636,13174.22,19939.85
536,ready,2,1,0,636,27273.67,31053.04
537,ready,2,1,0,636,26993.83,31711.06
538,ready,2,1,0,636,27611.75,31757.17
539,ready,2,1,0,636,25961.38,30218.51
540,ready,3,1,0,636,29142.36,34397.11
541,ready,1,1,0,636,13945.33,18142.33
542,ready,2,1,0,636,26309.91,30424.03
543,ready,2,1,0,636,27288.07,32132.83
544,ready,2,1,0,636,25971.97,31208.7
545,ready,2,1,0,636,25957.67,30757.08
546,ready,1,1,0,636,15173.12,19505.36
547,ready,2,1,0,636,28058.72,33107.83
548,ready,1,1,0,636,13948.09,18881.48
549,ready,2,1,0,636,27285.16,32124.5
550,ready,1,1,0,636,13937.23,19478.28
551,ready,2,1,0,636,27271.75,32258.67
552,ready,1,1,0,636,18619.56,23051.5
553,ready,1,1,0,636,16165.02,21092.98
554,ready,3,1,0,636,28888.78,33695.32
555,ready,1,1,0,636,11800.06,21902.76
556,ready,2,1,0,636,27607.12,31414.01
557,ready,2,1,0,636,13341.5,28259.89
558,ready,2,1,0,636,28010.99,33050.96
559,ready,2,2,1,636,13353.78,29328.89
560,ready,1,1,0,636,15856.66,20448.19
561,ready,2,1,0,636,26996.26,31145.7
562,ready,1,1,0,636,13104.21,18145.37
563,ready,2,2,1,636,27008.19,32082.59
564,ready,3,1,0,636,29356.75,34318.54
565,ready,2,1,0,636,27632.06,31832.72
566,ready,1,2,1,636,11795.75,63390.23
567,ready,1,1,0,636,20923.9,26231.29
568,ready,1,1,0,636,11165.21,17718.91
569,ready,2,2,1,636,27039.47,31665.04
570,ready,1,1,0,636,21042.65,25473.54
571,ready,1,1,0,636,21611.64,26311.37
572,ready,2,1,0,636,27469.59,31950.72
573,ready,1,1,0,636,15213.55,20583.1
574,ready,1,1,0,636,13935.12,17936.31
575,ready,1,1,0,636,18325.81,23314.5
576,ready,2,1,0,636,13326.56,18446.01
577,ready,1,1,0,636,11797.44,19631.71
578,ready,1,1,0,636,14786.12,19353.29
579,ready,2,1,0,636,25978.74,30853.13
580,ready,1,1,0,636,13104.63,18172.21
581,ready,2,1,0,636,27030.37,31158.89
582,ready,2,1,0,636,26315.99,30041.69
583,ready,1,1,0,636,13870.48,19231.76
584,ready,1,1,0,636,13943.27,19280.06
585,ready,2,1,0,636,11800.34,16132.4
586,ready,1,2,1,636,13149.45,30218.47
587,ready,1,1,0,636,13870.66,19024.99
588,ready,3,1,0,636,29579.87,34352.03
589,ready,2,1,0,636,25671.03,30337.65
590,ready,2,1,0,636,27237.36,31563.34
591,ready,2,1,0,636,27014.88,32107.63
592,ready,2,1,0,636,11803.59,18039.41
593,ready,1,1,0,636,13901.49,19214.19
594,ready,2,1,0,636,27495.09,32211.71
595,ready,1,1,0,636,9719.28,25553.95
596,ready,2,1,0,636,27024.17,31181.07
597,ready,2,1,0,636,25700.16,29623.69
598,ready,2,1,0,636,25990.78,31149.76
599,ready,3,1,0,636,29354.55,33564.58
600,ready,2,2,1,636,11803.68,26947.25
601,ready,1,2,1,636,11798.19,63871.38
602,ready,1,1,0,636,11789.69,20383.45
603,ready,1,1,0,636,16675.69,20927.43
604,ready,1,1,0,636,15409.31,19949.35
605,ready,2,1,0,636,25737.07,30265.89
606,ready,3,1,0,636,29468.77,34078.71
607,ready,1,1,0,636,11792.8,17087.07
608,ready,1,1,0,636,5747.84,14661.3
609,ready,1,1,0,636,14075.92,19010.71
610,ready,2,1,0,636,25963.33,30999.83
611,ready,1,1,0,636,14039.05,21577.18
612,ready,3,1,0,636,28719.14,34009.07
613,ready,2,1,0,636,25836.39,30867.86
614,ready,2,1,0,636,11800.7,16294.94
615,ready,2,1,0,636,27007.43,31717.18
616,ready,1,1,0,636,11797.11,16378.15
617,ready,1,2,1,636,11162.59,17569.09
618,ready,2,1,0,636,26996.69,32132.89
619,ready,1,1,0,636,13933.11,18120.48
620,ready,2,1,0,636,27043.7,32124
621,ready,1,1,0,636,11799.1,17690.83
622,ready,1,1,0,636,20923.91,25133.05
623,ready,1,1,0,636,13152.71,18370.04
624,ready,1,1,0,636,19208.97,23512.66
625,ready,2,1,0,636,26993.59,31106.88
626,ready,2,1,0,636,27285.12,32389.89
627,ready,1,1,0,636,9718.21,31756.78
628,ready,3,1,0,636,29383.52,34476.74
629,ready,2,1,0,636,27030.16,30870.32
630,ready,2,1,0,636,25805.39,30418.94
631,ready,2,1,0,636,27238.22,31834.58
632,ready,2,1,0,636,25556.45,30760.47
633,ready,1,2,1,636,18761.47,25132.29
634,ready,2,1,0,636,11804.14,20443.09
635,ready,2,1,0,636,25944.7,29672.34
636,ready,2,1,0,636,27039.66,30838.08
637,ready,2,1,0,636,27238.15,32308.71
638,ready,2,1,0,636,25781.25,30897.29
639,ready,1,1,0,636,18149.5,23338.72
640,ready,1,1,0,636,18108.32,22115.44
641,ready,1,1,0,636,15609.57,20339.85
642,ready,2,1,0,636,25409.85,29586.8
643,ready,2,1,0,636,27042.06,31295.84
644,ready,1,1,0,636,19281.61,24982.51
645,ready,2,1,0,636,11804.27,17129.43
646,ready,1,1,0,636,13937.37,19030.72
647,ready,3,1,0,636,25245.55,30707.1
648,ready,1,1,0,636,13150.94,17936.53
649,ready,1,1,0,636,11791.63,15989.02
650,ready,2,1,0,636,26052.42,30653.24
651,ready,3,1,0,636,28929.88,32816.94
652,ready,2,1,0,636,13383.84,18304.37
653,ready,1,3,2,636,11793.58,19279.39
654,ready,1,1,0,636,13117.26,17555.38
655,ready,2,1,0,636,13360.01,17946.5
656,ready,2,3,2,636,11801.25,29311.84
657,ready,2,1,0,636,27039.32,31529.62
658,ready,3,1,0,636,29162.86,33285.09
659,ready,1,1,0,636,13870.96,18526.99
660,ready,1,2,1,636,14405.3,65997.78
661,ready,2,2,1,636,27045.04,32124.58
662,ready,1,1,0,636,11794.95,17087.03
663,ready,2,1,0,636,27045.35,31071.22
664,ready,1,1,0,636,20296.08,25367.15
665,ready,2,1,0,636,27236.87,32363.01
666,ready,1,2,1,636,11798.04,63907.86
667,ready,4,1,0,636,32058.19,36801.04
668,ready,2,1,0,636,27763.42,32840.1
669,ready,1,1,0,636,5748.93,14661.77
670,ready,1,1,0,636,21617.6,25628.73
671,ready,2,1,0,636,26018.88,30087.87
672,ready,1,1,0,636,22857.81,28250.65
673,ready,2,1,0,636,27022.67,31080.46
674,ready,2,1,0,636,25993.15,30317.88
675,ready,2,2,1,636,13383.56,19030.66
676,ready,1,2,1,636,14025.34,19120.91
677,ready,1,1,0,636,22460.98,27172.62
678,ready,3,1,0,636,29274.7,33564.64
679,ready,1,2,1,636,11800.16,63672.9
680,ready,2,1,0,636,26994.07,31316.37
681,ready,1,1,0,636,13687.72,19129.65
682,ready,2,1,0,636,13353.41,18145.32
683,ready,1,1,0,636,21739.17,25678.27
684,ready,1,1,0,636,17224.35,22303.11
685,ready,1,1,0,636,13943.26,19303.17
686,ready,1,1,0,636,13150.69,18172.9
687,ready,2,1,0,636,25183.07,29220.47
688,ready,1,2,1,636,13117.66,26878.4
689,ready,1,2,1,636,11162,62556.05
690,ready,2,2,1,636,26052.38,31846.18
691,ready,1,1,0,636,11165.34,26502.08
692,ready,1,1,0,636,11794.4,17129.7
693,ready,3,1,0,636,24095.55,28455.66
694,ready,1,1,0,636,18074.89,23169.12
695,ready,2,1,0,636,27234.58,31832.91
696,ready,1,1,0,636,15843.69,20636.46
697,ready,1,1,0,636,21868.35,26209.18
698,ready,2,1,0,636,27842.63,33027.99
699,ready,2,1,0,636,25926.84,30713.93
700,ready,1,1,0,636,13949.65,19192.74
701,ready,4,1,0,636,31580.17,35594.22
702,ready,2,1,0,636,25898.8,30291
703,ready,1,1,0,636,13152.55,17088.35
704,ready,2,1,0,636,27284.59,32145.74
705,ready,1,3,2,636,13913.63,21134.74
706,ready,1,1,0,636,9719.27,28523.58
707,ready,2,1,0,636,27625.78,33284.07
708,ready,1,1,0,636,14404.63,18398.86
709,ready,1,1,0,636,11799.27,16348.67
710,ready,1,1,0,636,14404.88,19418.57
711,notice_fetch_failed,2,3,2,240,27827.84,29749.6
712,ready,2,2,1,636,27534.81,33409.09
713,ready,2,1,0,636,13342.77,17913.53
714,ready,1,1,0,636,15217.03,19154.79
715,ready,1,1,0,636,18192.71,23478.77
716,ready,2,1,0,636,27026.76,32265.84
717,ready,2,2,1,636,13343.05,18246.61
718,ready,1,2,1,636,11787.93,28888.84
719,ready,2,1,0,636,26083.41,30220.23
720,ready,2,1,0,636,25878.58,29882.91
721,ready,1,1,0,636,13150.47,18597.2
722,ready,1,1,0,636,9719.67,17147.56
723,ready,1,1,0,636,14900.55,18980.04
724,ready,2,1,0,636,27812,32833.74
725,ready,2,2,1,636,27533.44,33063.38
726,ready,2,1,0,636,25577.94,30748.97
727,ready,2,1,0,636,11801.42,21577.05
728,ready,1,1,0,636,13940.72,18475.69
729,ready,1,1,0,636,11790.38,18106.13
730,ready,1,1,0,636,13933.09,18123.02
731,ready,2,3,2,636,26091.76,32520.75
732,ready,1,1,0,636,13951.22,18361.59
733,ready,1,1,0,636,13104.31,17088.42
734,ready,2,1,0,636,11800.38,16818.99
735,ready,2,1,0,636,25191.79,29247.31
736,ready,2,2,1,636,13383.79,19538.78
737,ready,1,2,1,636,11791.96,29655.45
738,ready,2,1,0,636,27271.96,31317.19
739,ready,1,1,0,636,13949.52,19149.89
740,ready,1,1,0,636,13687.73,18242.4
741,ready,1,1,0,636,11165.15,18093.67
742,ready,2,1,0,636,27271.99,32069.44
743,ready,1,1,0,636,13870.4,19019.98
744,ready,2,1,0,636,26091.61,31099.01
745,ready,2,2,1,636,27271.57,32123.91
746,ready,2,1,0,636,11803.44,18093.63
747,ready,2,1,0,636,13383.58,18462.07
748,ready,2,2,1,636,26064.85,30601.23
749,ready,2,1,0,636,27025.06,31484.28
750,ready,2,2,1,636,13326.58,64735.48
751,ready,1,1,0,636,15898.82,21212.43
752,ready,1,1,0,636,22392.18,26839.96
753,ready,1,2,1,636,11799.16,63216.88
754,ready,2,1,0,636,26075.7,30304.88
755,ready,1,1,0,636,11793.81,19253.74
756,ready,2,1,0,636,27012.75,32109.61
757,ready,2,1,0,636,25618.78,29911.66
758,ready,2,2,1,636,11801.04,23475.13
759,ready,2,1,0,636,27009.9,32056.63
760,ready,2,1,0,636,27028.05,32167.48
761,ready,2,1,0,636,25930.1,30614.1
762,ready,1,2,1,636,18442.1,23498.39
763,ready,2,2,1,636,26083.62,32036.43
764,ready,1,2,1,636,11789.66,17405.84
765,ready,2,1,0,636,25817.31,30205.59
766,ready,1,1,0,636,13152.37,17923.92
767,ready,1,1,0,636,13174.03,17197.73
768,ready,3,1,0,636,28993.76,32798.84
769,ready,2,1,0,636,13342.23,23481.09
770,ready,2,1,0,636,27537.94,32487.88
771,ready,2,1,0,636,27238.19,32267.33
772,ready,2,1,0,636,13325.94,26998.72
773,notice_fetch_failed,2,3,2,240,25930.12,27987.8
774,ready,2,1,0,636,25757,30260.27
775,ready,1,1,0,636,13151.77,17926.98
776,ready,1,1,0,636,17129.99,22451.18
777,ready,1,1,0,636,11790.79,28241.71
778,ready,2,1,0,636,27537.91,32071.25
779,ready,2,1,0,636,26998.41,31813
780,ready,2,1,0,636,25802.76,30795.27
781,ready,2,1,0,636,27234.56,31000
782,ready,1,1,0,636,11799.44,16389.53
783,ready,1,1,0,636,22234.11,27316.47
784,ready,2,1,0,636,13386.21,23641.66
785,ready,2,1,0,636,27280.35,32069.83
786,ready,2,1,0,636,25944.59,30412.45
787,ready,2,1,0,636,27011.34,31167.55
788,ready,1,2,1,636,17189.32,22901.95
789,ready,2,2,1,636,25496.02,30848.18
790,ready,2,1,0,636,26997.01,31732.56
791,ready,2,1,0,636,25979.96,29987.93
792,ready,2,1,0,636,27670.95,31513.29
793,ready,1,1,0,636,11796.06,16433.05
794,ready,1,1,0,636,13150.45,18437.29
795,ready,1,1,0,636,11789.91,25367.32
796,ready,2,1,0,636,13317.36,18287.12
797,ready,3,3,2,636,28416.07,35568.64
798,ready,1,2,1,636,11792.69,29343.11
799,ready,2,1,0,636,28091.01,33564.47
800,ready,2,1,0,636,27601.05,31734.33
801,ready,1,1,0,636,13174.06,22577.2
802,ready,1,1,0,636,18195.57,23314.43
803,ready,2,1,0,636,27235.1,31757.7
804,ready,2,1,0,636,26997.1,31780.5
805,ready,2,3,2,636,11801.91,19418.86
806,ready,2,1,0,636,27012.79,31279.49
807,ready,2,1,0,636,27387.75,31964.09
808,ready,1,1,0,636,13151.34,17731.51
809,ready,2,1,0,636,26033.31,30081.98
810,ready,1,2,1,636,13117.13,30036.6
811,ready,1,1,0,636,21622.21,26431.07
812,ready,2,1,0,636,27000.33,31085.49
813,ready,3,1,0,636,28465.11,33381.89
814,ready,2,1,0,636,27016.51,30791.4
815,ready,4,1,0,636,31135.38,36468.38
816,ready,1,1,0,636,21262.5,25919.43
817,ready,1,1,0,636,15150.8,19459.73
818,ready,1,2,1,636,11789.89,28766.44
819,ready,2,2,1,636,27236.93,32258.01
820,ready,2,1,0,636,26207.82,30308.8
821,ready,2,1,0,636,13330.71,17569.24
822,ready,2,1,0,636,27235.19,32145.14
823,ready,1,1,0,636,18301.36,22975.81
824,ready,1,1,0,636,19835.55,24264.61
825,ready,1,2,1,636,11798.79,25698.18
826,ready,1,1,0,636,9720.37,31316.51
827,ready,2,1,0,636,13317.61,18246.14
828,ready,1,1,0,636,13174.35,17191.66
829,ready,1,1,0,636,21010.38,25183.19
830,ready,2,1,0,636,13330.62,18306.53
831,ready,2,1,0,636,27271.76,32310
832,ready,2,1,0,636,26108.1,31158.72
833,ready,2,1,0,636,27014.28,30881.22
834,ready,2,1,0,636,27025.1,31642.83
835,ready,1,1,0,636,13151.85,17913.27
836,ready,2,2,1,636,26130.84,31138.46
837,ready,1,1,0,636,11802.52,29208.93
838,ready,1,1,0,636,5747.82,14639.9
839,ready,1,1,0,636,13174.23,18280.49
840,ready,2,1,0,636,27002.68,31819.47
841,ready,3,2,1,636,29589.41,35293.87
842,ready,1,2,1,636,13914.61,20009.09
843,ready,3,2,1,636,29468.79,34440.78
844,ready,1,1,0,636,20296.26,25250.53
845,ready,1,1,0,636,15143.13,20047.52
846,ready,1,1,0,636,9720.09,17397.6
847,ready,2,3,2,636,11801.17,63204.61
848,ready,1,1,0,636,11799.83,17087.05
849,ready,1,2,1,636,11165.28,27169.41
850,ready,1,1,0,636,13948.16,19150.74
851,ready,2,2,1,636,25944.68,31713.69
852,ready,1,1,0,636,13150.14,19195.45
853,ready,2,2,1,636,26130.85,31867.28
854,ready,1,1,0,636,11165.63,18106.36
855,ready,1,1,0,636,14005.73,18367.41
856,ready,1,1,0,636,11789.83,25367.19
857,ready,1,1,0,636,13152.34,17197.81
858,ready,2,1,0,636,13325.5,18005.19
859,ready,2,1,0,636,26120.38,30308.59
860,ready,2,1,0,636,25961.35,30477.03
861,ready,2,1,0,636,26193.48,30858.56
862,ready,1,1,0,636,11802.68,16110.53
863,ready,1,1,0,636,9719.43,18093.83
864,ready,1,1,0,636,13687.6,18143.89
865,ready,1,1,0,636,11796.55,17088.98
866,ready,2,1,0,636,27533.26,32414.73
867,ready,1,1,0,636,18229.21,22930.96
868,ready,1,1,0,636,13913.86,18292.61
869,ready,1,1,0,636,5749.05,14661.83
870,ready,2,1,0,636,13317.1,17936.42
871,ready,1,1,0,636,21263.44,25977.28
872,ready,2,1,0,636,27501.57,31952.78
873,ready,1,1,0,636,13149.95,18383.59
874,ready,2,2,1,636,13360.22,20047.63
875,ready,2,1,0,636,26991.84,31610.68
876,ready,2,1,0,636,13326.88,18039.68
877,ready,2,1,0,636,27502.9,31845.96
878,ready,3,1,0,636,29283.4,34374.87
879,ready,1,1,0,636,13901.29,19192.77
880,ready,1,1,0,636,11165.57,17387.1
881,ready,3,1,0,636,29349.53,34102.99
882,ready,1,1,0,636,11802.8,16339.71
883,ready,2,2,1,636,25801.3,31279.46
884,ready,2,1,0,636,25916.2,31044.98
885,ready,2,1,0,636,26211.33,31327.81
886,ready,1,2,1,636,17541.69,22145.99
887,ready,2,1,0,636,26126.09,31106.68
888,ready,2,1,0,636,26042.86,30961.15
889,ready,1,2,1,636,19053.69,25132.63
890,ready,2,1,0,636,25970.62,31256.4
891,ready,2,2,1,636,13367.53,64735.33
892,ready,2,1,0,636,28107.82,32361.6
893,ready,2,1,0,636,25129.03,29081.83
894,ready,1,1,0,636,13111.32,18161.97
895,ready,2,1,0,636,27014.53,31642.86
896,ready,2,1,0,636,25577.87,30813.26
897,ready,1,1,0,636,13946.82,18494.72
898,ready,2,1,0,636,26962.21,32038.15
899,ready,2,1,0,636,25183.05,29951.98
900,ready,1,1,0,636,5749.07,14661.2
901,ready,1,1,0,636,11164.77,25832.74
902,ready,1,2,1,636,11796.95,27140.05
903,ready,2,2,1,636,25963.38,31513.08
904,ready,2,1,0,636,13342.67,27522.46
905,ready,2,1,0,636,25961.36,30435.94
906,ready,2,1,0,636,27271.94,31715.13
907,ready,1,2,1,636,18038.8,24105.7
908,ready,1,1,0,636,22236.91,27451.94
909,ready,2,1,0,636,27289.54,32219.45
910,ready,2,2,1,636,27011.27,31971.9
911,ready,1,1,0,636,18183.25,22848.88
912,ready,1,3,2,636,20367.9,27129.46
913,ready,2,1,0,636,27281.92,32069.41
914,ready,1,1,0,636,13883.33,18399.12
915,ready,1,1,0,636,11161.96,16413.63
916,ready,1,2,1,636,13149.59,64460.45
917,ready,2,1,0,636,25629.82,29711.99
918,ready,1,1,0,636,16205.38,20927.04
919,ready,2,1,0,636,27367.16,31905.19
920,ready,2,1,0,636,25823.95,30813.84
921,ready,1,1,0,636,21618.89,25414.45
922,ready,1,1,0,636,9719.35,18009.24
923,ready,2,1,0,636,27031.08,31099.04
924,ready,1,1,0,636,11162.56,19553.88
925,ready,2,1,0,636,27374.77,32056.37
926,ready,2,2,1,636,11801.63,28521.91
927,ready,2,1,0,636,13330.01,18122.14
928,ready,2,1,0,636,25378.86,30316.56
929,ready,2,1,0,636,27007.95,32036.98
930,ready,2,1,0,636,13381.23,18283.9
931,ready,1,1,0,636,11793.16,16698.91
932,ready,1,1,0,636,13883.67,18044.83
933,ready,2,1,0,636,13341.27,25367.09
934,ready,1,1,0,636,11793.15,17147.54
935,ready,2,1,0,636,27212.4,31280.93
936,ready,1,1,0,636,13945.27,26438.11
937,ready,1,1,0,636,13117.67,17087.69
938,ready,1,3,2,636,11797.12,64590.14
939,ready,1,1,0,636,13880.59,18794.84
940,ready,1,1,0,636,11788.91,16500.51
941,ready,2,1,0,636,13385.5,18943
942,ready,1,3,2,636,13933,66136.81
943,ready,2,1,0,636,13344.87,18461.91
944,ready,1,1,0,636,11796.85,16855.58
945,ready,2,2,1,636,11801.46,29096.58
946,ready,2,1,0,636,27044.93,31249.07
947,ready,1,1,0,636,11165.67,22538.88
948,ready,2,1,0,636,27024.13,31034.83
949,ready,1,1,0,636,22237.95,26378.46
950,ready,2,1,0,636,26130.8,30018.87
951,ready,1,1,0,636,21464.3,25700.08
952,ready,1,2,1,636,13931.51,18464.59
953,ready,2,1,0,636,26064.83,30186.58
954,ready,2,1,0,636,28157.37,33285.01
955,ready,2,1,0,636,26989.93,31905.01
956,ready,1,1,0,636,9720.02,18692.21
957,ready,2,1,0,636,27043.81,31112.89
958,ready,1,2,1,636,13174.12,19198.68
959,ready,2,3,2,636,13326.34,31949.76
960,ready,1,1,0,636,17678.45,22061.58
961,ready,2,1,0,636,25691.59,30654.45
962,ready,1,1,0,636,11788.18,25946.34
963,ready,2,1,0,636,26108.06,30260.32
964,ready,2,1,0,636,27014.56,30951.86
965,ready,1,2,1,636,18719.22,25131.96
966,ready,3,1,0,636,28172.04,32453.88
967,ready,1,1,0,636,19031.25,22998.11
968,ready,2,1,0,636,25914.88,29939.84
969,ready,1,2,1,636,13901.91,64464.19
970,ready,1,1,0,636,15188.28,20443.2
971,ready,1,1,0,636,11795.79,18093.71
972,ready,2,1,0,636,27000.17,31990.87
973,ready,1,1,0,636,11165.53,28628.57
974,ready,2,1,0,636,28029.3,33285.32
975,ready,1,1,0,636,5747.34,14661.85
976,ready,2,1,0,636,27044.01,31436.32
977,ready,2,1,0,636,26277.15,30256.14
978,ready,2,1,0,636,25756.94,30307.35
979,ready,3,1,0,636,28744.07,34038.1
980,ready,1,2,1,636,11789.7,30427.52
981,ready,1,1,0,636,13104.67,25132.65
982,ready,1,2,1,636,13881.18,19867.89
983,ready,2,2,1,636,27235.33,32646.46
984,ready,2,1,0,636,27955.88,33372.7
985,ready,1,1,0,636,13943.43,18282.16
986,ready,1,1,0,636,13914.43,18005
987,ready,1,1,0,636,11790.4,16389.65
988,ready,2,1,0,636,27281.89,31355.87
989,ready,3,1,0,636,27787.43,32108.85
990,ready,1,1,0,636,14405.38,19442.37
991,ready,2,1,0,636,28014.89,33063.45
992,ready,1,2,1,636,18898.74,24982.27
993,ready,1,1,0,636,18216.96,22907.47
994,ready,3,1,0,636,28052.55,31931.98
995,ready,1,1,0,636,13149.87,18486.71
996,ready,1,2,1,636,13901.94,19374.93
997,ready,2,1,0,636,27589.02,31913.24
998,ready,2,1,0,636,25128.87,29552.78
999,ready,1,2,1,636,17678.5,23662.25
1000,ready,1,3,2,636,20924.09,27143.69
1001,ready,1,1,0,636,5748.87,14640.4
1002,ready,1,1,0,636,18230.23,23014.73
1003,ready,1,1,0,636,9718.88,27419.48
1004,ready,2,1,0,636,25495.96,30765.49
1005,ready,2,1,0,636,13341.35,18754.38
1006,ready,2,1,0,636,27275.65,31295.56
1007,ready,1,1,0,636,14160.75,18120.61
1008,ready,2,2,1,636,27369.95,33077.19
1009,ready,2,1,0,636,25129.08,29096.63
1010,ready,1,1,0,636,18340.84,23317.8
1011,ready,2,1,0,636,13326.77,18515.96
1012,ready,2,1,0,636,25700.17,30545.31
1013,ready,2,1,0,636,27289.65,32863.18
1014,ready,2,1,0,636,26994.04,32109.56
1015,ready,1,2,1,636,11792.06,63204.5
1016,ready,2,2,1,636,13331.06,19282.92
1017,ready,2,2,1,636,27014.37,32669.49
1018,ready,2,1,0,636,27487.54,32180.2
1019,ready,1,1,0,636,14005.6,18205.62
1020,ready,1,1,0,636,13881.43,19040.16
1021,ready,1,1,0,636,11166.07,19030.64
1022,ready,2,2,1,636,27641.8,33426.61
1023,ready,2,1,0,636,28098.98,33497.11
1024,ready,2,1,0,636,27288.09,32036.34
1025,ready,2,3,2,636,13369.43,66284.73
1026,ready,1,2,1,636,11797.35,16435.71
1027,ready,1,1,0,636,11789.72,17129.42
1028,ready,1,1,0,636,13150,17261.69
1029,ready,2,1,0,636,27491.28,32840.16
1030,ready,1,1,0,636,11166.13,16095.9
1031,ready,1,1,0,636,18661.71,24100.39
1032,ready,2,1,0,636,26083.65,30303.61
1033,ready,1,3,2,636,17669.14,24111.32
1034,ready,1,1,0,636,18108.18,22847.03
1035,ready,1,1,0,636,13926.47,19374.89
1036,ready,1,1,0,636,23278.19,28732.11
1037,ready,2,1,0,636,25938.8,30932.56
1038,ready,2,1,0,636,25614.72,30669.14
1039,ready,1,1,0,636,18263.6,23147.47
1040,ready,2,1,0,636,25129.13,29632.71
1041,ready,1,1,0,636,18366.82,22779.78
1042,ready,1,2,1,636,17229.09,23313.35
1043,ready,1,1,0,636,11797.19,25131.95
1044,ready,1,1,0,636,11792.63,16629.52
1045,ready,2,1,0,636,27012.81,31081.05
1046,ready,1,1,0,636,18184.6,22161.26
1047,ready,2,1,0,636,13385.49,18143.84
1048,ready,1,1,0,636,11789.16,16314.77
1049,ready,2,1,0,636,11801.16,16096.09
1050,ready,1,2,1,636,11792.91,29533.68
1051,ready,1,1,0,636,13111.4,26319.41
1052,ready,1,1,0,636,11795.88,17134.85
1053,ready,1,2,1,636,18229.8,27227.35
1054,ready,2,1,0,636,13345.23,24101.46
1055,ready,2,1,0,636,27009.44,31231.15
1056,ready,2,2,1,636,13342.31,19459.78
1057,ready,1,1,0,636,9719.09,22406.11
1058,ready,1,1,0,636,20945.65,25636.82
1059,ready,2,1,0,636,27284.98,31014.23
1060,ready,1,1,0,636,19126.93,24982.43
1061,ready,3,2,1,636,29711.05,35006.2
1062,ready,2,1,0,636,27280.16,31880.43
1063,ready,2,1,0,636,27876.1,33428.06
1064,ready,1,1,0,636,13913.4,19212.68
1065,ready,2,1,0,636,13325.31,18173.19
1066,ready,2,1,0,636,25926.87,30116.21
1067,ready,2,1,0,636,25993.22,31180.8
1068,ready,1,1,0,636,15843.55,20927.27
1069,ready,2,2,1,636,13326.51,66865.92
1070,ready,2,1,0,636,11800.51,16384.91
1071,ready,2,2,1,636,28006.34,32955.67
1072,ready,1,1,0,636,5748.52,14661.59
1073,ready,1,1,0,636,14565.09,19785.07
1074,ready,1,1,0,636,17085.82,22282.02
1075,ready,2,1,0,636,25273.27,30327.91
1076,ready,1,1,0,636,17670.5,22034.06
1077,ready,2,1,0,636,25513.3,29826.95
1078,ready,1,1,0,636,17256.65,22303.25
1079,ready,2,1,0,636,25957.72,30789.66
1080,ready,1,1,0,636,11787.67,16706.7
1081,ready,2,1,0,636,27271.69,31717.54
1082,ready,2,1,0,636,25978.69,31053.35
1083,ready,2,1,0,636,25973.92,30115.72
1084,ready,1,2,1,636,11800.11,63213.12
1085,ready,1,2,1,636,13870.98,64404.11
1086,ready,1,3,2,636,11796.97,19324.21
1087,ready,2,1,0,636,27269.62,32219.86
1088,ready,3,1,0,636,17444.39,22354.82
1089,ready,1,1,0,636,18388.06,23049.93
1090,ready,2,1,0,636,27233.18,31713.76
1091,ready,1,1,0,636,14404.43,19049.99
1092,ready,2,2,1,636,13353.19,19257.68
1093,ready,3,1,0,636,28231.02,33736.56
1094,ready,1,2,1,636,11165.96,16580.77
1095,ready,2,1,0,636,25318.87,30377.62
1096,ready,2,1,0,636,13371.9,18879.93
1097,ready,1,1,0,636,13104.5,17422.02
1098,ready,1,1,0,636,13917.25,18508.24
1099,ready,2,1,0,636,11803.41,18106.27
1100,ready,2,1,0,636,27210.98,31137.89
1101,ready,1,1,0,636,13937.25,18478.5
1102,ready,1,2,1,636,11790.91,16929.1
1103,ready,2,1,0,636,13317.52,18039.71
1104,ready,3,1,0,636,29474.23,34096.03
1105,ready,1,1,0,636,5748.98,12903.9
1106,ready,1,1,0,636,13117.71,17088.58
1107,ready,2,1,0,636,27024.96,31834.69
1108,ready,1,1,0,636,5748.18,14661.25
1109,ready,1,1,0,636,13935.08,18490.5
1110,ready,1,1,0,636,13939.16,19137.09
1111,ready,2,2,1,636,27271.73,32042.04
1112,ready,2,1,0,636,28081.51,32042.26
1113,ready,2,1,0,636,27534.86,32170.66
1114,ready,2,1,0,636,27212.37,31925.47
1115,ready,2,2,1,636,13326.18,18121.34
1116,ready,1,1,0,636,11792.61,16698.94
1117,ready,2,1,0,636,11801.5,17129.71
1118,ready,2,1,0,636,27271.71,31799.87
1119,ready,1,1,0,636,13104.44,17289.53
1120,ready,2,1,0,636,25829.85,29657
1121,ready,2,1,0,636,27275.66,31905.39
1122,ready,2,1,0,636,26322.31,30353.78
1123,ready,2,1,0,636,25728.97,30722.92
1124,ready,3,1,0,636,29248.95,33509
1125,ready,2,1,0,636,27039.45,31346.5
1126,ready,1,1,0,636,13149.69,17923.89
1127,ready,2,2,1,636,27002.6,32145.57
1128,ready,2,1,0,636,27000.21,30789.8
1129,ready,2,1,0,636,25747.91,30086.45
1130,ready,2,1,0,636,13383.96,18349.33
1131,ready,1,1,0,636,13174.07,18241.85
1132,ready,1,1,0,636,13104.79,18145.35
1133,ready,3,1,0,636,28817.42,34072.5
1134,ready,1,1,0,636,18170.94,22951.84
1135,ready,1,1,0,636,11794.47,17088.39
1136,ready,1,1,0,636,22234.07,26988.47
1137,ready,2,1,0,636,26312.67,30808.61
1138,ready,1,1,0,636,9719.14,20959.56
1139,ready,1,1,0,636,20512.97,25133.05
1140,ready,1,1,0,636,11789.37,16433.06
1141,ready,1,1,0,636,13104.39,18462.02
1142,ready,2,1,0,636,27002.71,31663.78
1143,ready,1,1,0,636,11798.1,16813.18
1144,ready,1,1,0,636,18458.16,22864.88
1145,ready,2,1,0,636,25430.64,30631.84
1146,ready,1,3,2,636,21152.13,27417.61
1147,ready,1,2,1,636,17084.24,22848.7
1148,ready,2,1,0,636,27539.92,31545.82
1149,ready,2,1,0,636,13326.22,18373.67
1150,ready,1,1,0,636,16698.29,21326.06
1151,ready,1,1,0,636,11793.44,26178.88
1152,ready,3,1,0,636,28276.95,33285.06
1153,ready,1,1,0,636,13938.96,21434.8
1154,ready,1,1,0,636,16675.94,21836.46
1155,ready,2,1,0,636,27284.36,31382.04
1156,ready,2,1,0,636,27009.46,32265.95
1157,ready,1,1,0,636,11798.17,16237.57
1158,ready,1,1,0,636,11798.06,16526.83
1159,ready,2,1,0,636,27603.73,32800.15
1160,ready,2,1,0,636,13316.96,18122.2
1161,ready,2,1,0,636,27863.63,32863.12
1162,ready,2,1,0,636,26155.74,30978.96
1163,ready,2,1,0,636,27531.77,32308.44
1164,ready,2,1,0,636,25993.14,30707.29
1165,ready,1,1,0,636,13117.4,17554.77
1166,ready,1,1,0,636,15287.11,19849.96
1167,ready,1,1,0,636,13937.22,18370.33
1168,ready,2,1,0,636,13345.09,17946.36
1169,ready,1,1,0,636,15843.57,21139.92
1170,ready,1,2,1,636,13996.21,66136.7
1171,ready,2,1,0,636,25662.48,29703.9
1172,ready,1,1,0,636,11802.49,28957.11
1173,ready,1,2,1,636,16309.94,21553.58
1174,ready,2,1,0,636,27850.7,33283.97
1175,ready,2,1,0,636,13341.25,18567.65
1176,ready,1,1,0,636,20605.59,25132.86
1177,ready,1,1,0,636,14031.41,19279.74
1178,ready,1,1,0,636,22460.95,27333.51
1179,ready,1,1,0,636,5748.4,14661.69
1180,ready,1,1,0,636,13913.97,18287.02
1181,ready,1,1,0,636,11793.47,16376.09
1182,ready,2,1,0,636,27007.83,30873.33
1183,ready,1,3,2,636,11789.63,64285.83
1184,ready,1,2,1,636,13892.18,19663.45
1185,ready,2,1,0,636,26998.36,31335.16
1186,ready,1,3,2,636,13150.71,19288.89
1187,ready,2,1,0,636,27030.98,31402.56
1188,ready,2,1,0,636,27030.1,32132.42
1189,ready,2,1,0,636,25614.66,30347.85
1190,ready,1,1,0,636,9719.19,25132.79
1191,ready,2,1,0,636,13385.57,23475.16
1192,ready,1,1,0,636,5748.61,14661.88
1193,ready,1,1,0,636,19452.18,25132.51
1194,ready,1,2,1,636,16876.95,22303.23
1195,ready,2,3,2,636,13330.72,20528.04
1196,ready,1,1,0,636,13151.12,23254.39
1197,ready,1,1,0,636,5748.23,14661.39
1198,notice_fetch_failed,1,3,2,240,11793.34,25347.83
1199,ready,1,1,0,636,11795.86,27191.69
1200,ready,3,1,0,636,28650.86,33284.96
1201,ready,2,1,0,636,27362.74,32833.56
1202,ready,2,1,0,636,13307.29,28263.21
1203,ready,2,1,0,636,27028.2,31019.41
1204,ready,2,1,0,636,26049.06,30362.75
1205,ready,2,1,0,636,27014.82,32165.9
1206,ready,2,1,0,636,27216.26,31913.54
1207,ready,2,1,0,636,13353.35,17562.58
1208,ready,2,1,0,636,25842.31,29871.62
1209,ready,2,1,0,636,27376.05,32084.41
1210,ready,1,1,0,636,13949.6,27408.51
1211,ready,2,1,0,636,25318.88,30412.2
1212,ready,1,1,0,636,11162.05,28773.94
1213,ready,1,1,0,636,11164.45,19860.35
1214,ready,2,1,0,636,13327.15,18172.97
1215,ready,2,1,0,636,27043.99,31758.41
1216,ready,1,1,0,636,14082.18,19526.13
1217,ready,1,1,0,636,13117.68,18437.07
1218,ready,1,1,0,636,20607.9,25132.47
1219,ready,2,1,0,636,26056.94,30939.59
1220,ready,3,2,1,636,28021.39,33443.01
1221,ready,2,1,0,636,27237.09,31764.55
1222,ready,2,1,0,636,27275.63,32219.79
1223,ready,1,1,0,636,17669.18,23066.68
1224,ready,2,1,0,636,25947.54,30098.96
1225,ready,1,1,0,636,11789.68,16926.55
1226,ready,1,1,0,636,11795.23,16754.6
1227,ready,2,1,0,636,25799.89,30838.16
1228,ready,1,1,0,636,17129.89,21755.69
1229,ready,1,1,0,636,11797.47,16930.47
1230,ready,2,1,0,636,26004.76,31202.11
1231,ready,2,1,0,636,27033.02,31567.42
1232,ready,1,1,0,636,14786.14,18559.97
1233,ready,2,1,0,636,25533.6,30813.32
1234,ready,1,2,1,636,13174.31,18582.53
1235,ready,1,1,0,636,20511.99,25446.13
1236,notice_fetch_failed,1,3,2,240,13901.25,15828.96
1237,ready,1,2,1,636,13892.36,19574.85
1238,ready,2,1,0,636,25901.77,31013.96
1239,ready,1,1,0,636,13149.7,18173.11
1240,ready,1,1,0,636,11789.85,16051.96
1241,ready,2,1,0,636,25437.9,30157.58
1242,ready,1,1,0,636,15154.7,20395.48
1243,ready,2,1,0,636,13342.15,18461.9
1244,ready,2,1,0,636,26996.97,31971.75
1245,ready,2,1,0,636,26033.35,30364.01
1246,ready,1,1,0,636,11789.73,28257.81
1247,ready,1,1,0,636,13174.19,18144.01
1248,ready,3,1,0,636,29286.24,34334.81
1249,ready,1,1,0,636,17864.94,22437.15
1250,ready,1,1,0,636,13914.1,18397.06
1251,ready,1,2,1,636,13901.66,26193.31
1252,ready,1,1,0,636,13151.66,28894.99
1253,ready,2,1,0,636,13359.76,21421.13
1254,ready,2,1,0,636,27238.38,30993.88
1255,ready,1,1,0,636,14139.7,19279.83
1256,ready,2,1,0,636,27009.34,30889.14
1257,ready,1,1,0,636,5749.03,14640.36
1258,ready,2,1,0,636,11803.72,17268.6
1259,ready,2,1,0,636,13342,17685.92
1260,ready,2,1,0,636,26193.55,31756.71
1261,ready,2,1,0,636,26004.74,30155.94
1262,ready,2,1,0,636,27231.02,31778.6
1263,ready,1,1,0,636,13997.88,18280.22
1264,ready,1,1,0,636,13117.07,18501.74
1265,ready,1,1,0,636,18435.89,23641.59
1266,ready,1,1,0,636,13951.08,18280.58
1267,ready,2,1,0,636,26274.85,31403.91
1268,ready,1,1,0,636,23278.17,27235.51
1269,ready,1,2,1,636,13150.66,18441.08
1270,ready,1,1,0,636,13913.9,18142.44
1271,ready,2,1,0,636,25378.94,29468.57
1272,ready,2,1,0,636,25542.84,29539.89
1273,ready,2,1,0,636,27021.03,31278.16
1274,ready,2,1,0,636,25990.67,29995.99
1275,ready,4,1,0,636,31272.56,35499.37
1276,ready,1,1,0,636,11793.35,17252.7
1277,ready,1,1,0,636,11800.18,17088.72
1278,ready,1,1,0,636,11790.8,16743.95
1279,ready,2,1,0,636,26068.53,31085.33
1280,ready,2,1,0,636,13326.45,18445.87
1281,ready,2,1,0,636,11803.47,16607.35
1282,ready,2,1,0,636,27045.27,31404.21
1283,ready,2,1,0,636,25518.45,29601.15
1284,ready,1,1,0,636,14015.26,18120.64
1285,ready,2,1,0,636,25687.81,30950.32
1286,ready,2,2,1,636,11803.86,23662.19
1287,ready,1,1,0,636,13870.42,19090.15
1288,ready,1,1,0,636,21246.15,26035.46
1289,ready,2,2,1,636,27002.56,32167.27
1290,ready,1,1,0,636,18480.03,23059.25
1291,ready,2,2,1,636,27289.57,33307.01
1292,ready,2,1,0,636,27024.12,31491.17
1293,ready,1,1,0,636,13913.44,18216.85
1294,ready,2,1,0,636,13330.16,27028.63
1295,ready,1,1,0,636,13883.42,18107.49
1296,ready,2,1,0,636,27007.85,32309.89
1297,ready,2,1,0,636,27533.4,33035.24
1298,ready,1,2,1,636,18290.04,23736
1299,ready,2,2,1,636,25395.74,30279.57
1300,ready,2,1,0,636,13345.17,17311.62
1301,ready,1,1,0,636,17994.33,22538.84
1302,ready,2,1,0,636,27014.58,32163.05
1303,ready,1,1,0,636,18399.23,23177.34
1304,ready,2,1,0,636,13371.91,18369.92
1305,ready,1,1,0,636,13943.37,19253.78
1306,ready,2,1,0,636,13343.11,17554.86
1307,ready,1,1,0,636,11795.2,18093.96
1308,ready,2,1,0,636,28077.74,32430.35
1309,ready,2,1,0,636,27520.51,32943.14
1310,ready,3,1,0,636,28829.64,33381.84
1311,ready,2,1,0,636,27043.36,31346.43
1312,ready,1,1,0,636,13104.81,18121.87
1313,ready,1,1,0,636,17765.9,23120.15
1314,ready,2,1,0,636,26312.61,30111.34
1315,ready,2,1,0,636,27385.14,32875.87
1316,ready,2,1,0,636,11803.43,16501.1
1317,ready,1,1,0,636,11799.72,16591.39
1318,ready,1,2,1,636,11799.35,63320.82
1319,ready,2,1,0,636,13329.96,18840.99
1320,ready,2,2,1,636,13353.25,31180.3
1321,ready,1,1,0,636,5747.66,14661.46
1322,ready,2,1,0,636,27007.8,31146.25
1323,ready,1,1,0,636,16964.97,21078.21
1324,ready,1,1,0,636,9720.01,18106.55
1325,ready,2,1,0,636,13383.61,27023.91
1326,ready,1,2,1,636,15843.73,20448.23
1327,ready,1,1,0,636,15230.79,19567.06
1328,ready,2,1,0,636,26130.86,31715.2
1329,ready,3,1,0,636,28762.62,34013.24
1330,ready,2,1,0,636,11803.69,17129.49
1331,ready,1,3,2,636,14786.19,20926.8
1332,ready,1,1,0,636,15236.99,20926.54
1333,ready,2,1,0,636,27014.61,32042.14
1334,ready,1,2,1,636,11799.5,63072.63
1335,ready,1,1,0,636,11788.45,26642.19
1336,ready,1,1,0,636,11789.32,17129.72
1337,ready,1,1,0,636,18195.45,22933.07
1338,ready,2,1,0,636,26187.61,29960.12
1339,ready,1,1,0,636,17826.27,21762.87
1340,ready,1,2,1,636,5748.2,18106.58
1341,ready,3,1,0,636,15660.17,19432.76
1342,ready,1,1,0,636,19053.8,23314.57
1343,ready,3,1,0,636,25128.79,29453.44
1344,ready,1,1,0,636,13883.35,18418.82
1345,ready,1,2,1,636,9719.83,17087.75
1346,ready,2,2,1,636,13330.77,22784.88
1347,ready,1,1,0,636,9720.56,31925.42
1348,ready,1,1,0,636,15146.37,19797.88
1349,ready,2,1,0,636,27280.51,31112.95
1350,ready,2,1,0,636,13309.72,17946.33
1351,ready,1,1,0,636,16808.81,20961.97
1352,ready,1,1,0,636,11166.48,23049.91
1353,ready,2,1,0,636,25957.71,30121.98
1354,ready,2,1,0,636,25781.23,30652.83
1355,ready,2,1,0,636,13314.13,18582.56
1356,ready,1,1,0,636,11799.96,16664.64
1357,ready,1,2,1,636,19047.47,25132.88
1358,ready,3,1,0,636,28736.02,33994.29
1359,ready,2,1,0,636,25552.72,30825.85
1360,ready,1,1,0,636,11788.76,18440.98
1361,ready,2,2,1,636,25647.45,31231.12
1362,ready,1,1,0,636,11792.36,19389.81
1363,ready,1,1,0,636,22236.83,26285.94
1364,ready,2,2,1,636,25963.29,31975.86
1365,ready,2,1,0,636,27000.5,32170.84
1366,ready,1,1,0,636,13902.04,18845.36
1367,ready,1,1,0,636,13880.63,28263.27
1368,ready,2,1,0,636,26003.08,30014.6
1369,ready,1,1,0,636,13870.44,19282.88
1370,ready,1,1,0,636,13892.33,18360.18
1371,ready,2,2,1,636,11804.05,17539.18
1372,ready,2,1,0,636,27497.51,31949.72
1373,ready,2,2,1,636,13345.35,66291.88
1374,ready,2,1,0,636,25842.33,30278.07
1375,ready,2,1,0,636,27030.23,31996.03
1376,ready,2,1,0,636,13384.13,18351.96
1377,ready,1,1,0,636,18636.18,23314.35
1378,ready,2,1,0,636,26062.22,31072.08
1379,ready,1,2,1,636,13931.49,25880.71
1380,ready,3,1,0,636,28655.39,33564.42
1381,ready,1,1,0,636,16671.04,21690.8
1382,ready,3,1,0,636,28285.97,32308.67
1383,ready,1,1,0,636,16965.38,22275.8
1384,ready,2,1,0,636,13342.03,17089.75
1385,ready,1,1,0,636,13149.39,18383.44
1386,ready,1,1,0,636,13946.71,18548.88
1387,ready,1,1,0,636,11789.55,28268.02
1388,ready,2,1,0,636,25554.01,29817.14
1389,ready,1,1,0,636,13152.2,18296.15
1390,ready,2,1,0,636,26996.32,31080.85
1391,ready,2,1,0,636,13345.21,18039.76
1392,ready,2,1,0,636,27281.76,32036.53
1393,ready,1,1,0,636,11790.41,16339.99
1394,ready,2,1,0,636,27269.7,32798.94
1395,ready,1,1,0,636,20438.26,25374.09
1396,ready,3,2,1,636,28971.07,34420.45
1397,ready,2,1,0,636,11804.46,26051.15
1398,ready,2,1,0,636,13327.5,23474.97
1399,ready,1,1,0,636,22233.94,27275.88
1400,ready,2,1,0,636,25129.13,30323.27
1401,ready,2,1,0,636,13342.52,27520.49
1402,ready,1,1,0,636,18418.37,22172.23
1403,ready,2,1,0,636,25607.9,29548.45
1404,ready,2,1,0,636,25890.89,30970.43
1405,ready,1,1,0,636,15186.91,19812.47
1406,ready,2,2,1,636,25183.02,31042.46
1407,ready,2,1,0,636,27028.01,30800.3
1408,ready,2,1,0,636,25885.26,29899.41
1409,ready,1,1,0,636,19053.68,23641.55
1410,ready,2,1,0,636,11801.56,17324.24
1411,ready,2,1,0,636,27531.87,31513.19
1412,ready,2,2,1,636,27498.85,32556.36
1413,ready,1,1,0,636,11793.97,17129.59
1414,ready,1,1,0,636,13117.41,18135.81
1415,ready,1,1,0,636,5747.98,14661.43
1416,ready,2,1,0,636,27041.58,32010.07
1417,ready,1,1,0,636,5749.01,14661.87
1418,ready,2,1,0,636,27536.25,31996.06
1419,ready,2,2,1,636,13327.42,21261.58
1420,ready,1,1,0,636,13948.15,18280.3
1421,ready,1,1,0,636,18256.89,21970.19
1422,ready,2,1,0,636,26151.7,31723.45
1423,ready,1,1,0,636,15331.5,20328.2
1424,ready,1,1,0,636,13110.87,18229.44
1425,ready,2,1,0,636,27491.22,32446.26
1426,ready,2,1,0,636,27533.27,31285.5
1427,ready,2,1,0,636,25239.11,29491.88
1428,ready,3,1,0,636,29642.79,33448.19
1429,ready,2,2,1,636,27272.18,32974.33
1430,ready,2,1,0,636,27275.62,31640.36
1431,ready,2,1,0,636,25221.67,29533.73
1432,ready,1,1,0,636,19048.68,23485.17
1433,ready,2,1,0,636,27030.35,31277.98
1434,ready,1,1,0,636,13901.67,18887.75
1435,ready,1,1,0,636,5748.37,14640.76
1436,ready,1,1,0,636,13892.25,18383.82
1437,ready,2,1,0,636,25740.87,29703.94
1438,ready,1,1,0,636,15828.63,19594.91
1439,ready,2,1,0,636,25704.93,30462.15
1440,ready,2,3,2,636,13367.54,66335.84
1441,ready,3,1,0,636,29264.13,34815.31
1442,ready,1,3,2,636,11799.47,18771.89
1443,ready,1,1,0,636,15188.21,19465.75
1444,ready,3,1,0,636,27990.07,33285
1445,ready,2,1,0,636,25787.67,30339.56
1446,ready,2,1,0,636,26111.36,31128.27
1447,ready,1,1,0,636,16979.01,21461.27
1448,ready,2,2,1,636,13331,19279.73
1449,ready,1,1,0,636,11165.87,16240.3
1450,ready,2,1,0,636,27288,31925.23
1451,ready,1,1,0,636,9720.28,33675.31
1452,ready,2,1,0,636,27503.82,31734.26
1453,ready,2,2,1,636,25220.42,30445.94
1454,ready,1,2,1,636,21047.47,26110.53
1455,ready,1,1,0,636,13150.82,18121.78
1456,ready,1,2,1,636,13913.41,65865.43
1457,ready,2,2,1,636,26091.86,31325.14
1458,ready,1,1,0,636,11788.99,16096.34
1459,ready,2,2,1,636,26107.63,32083.86
1460,ready,1,1,0,636,13902.07,19079.76
1461,ready,1,1,0,636,20152.15,25132.91
1462,ready,2,1,0,636,27002.77,31815.56
1463,ready,2,2,1,636,13371.69,19288.82
1464,ready,3,1,0,636,28914.73,33941.82
1465,ready,2,1,0,636,27275.6,32310.1
1466,ready,2,1,0,636,27043.72,32307.66
1467,ready,1,1,0,636,14405.23,21212.28
1468,ready,1,1,0,636,17085.69,21167.86
1469,ready,3,1,0,636,29292.08,33675.47
1470,ready,2,1,0,636,27392.58,32847.83
1471,ready,1,1,0,636,15188.3,20114.28
1472,ready,1,1,0,636,11788.81,29402.68
1473,ready,2,1,0,636,13383.8,27334.99
1474,ready,2,1,0,636,26237.3,31097.48
1475,ready,2,1,0,636,27234.65,31014.16
1476,ready,1,2,1,636,19328.93,25132.12
1477,ready,2,1,0,636,13343.14,18143.92
1478,ready,1,1,0,636,11802.6,16754.57
1479,ready,1,1,0,636,11794.78,17087.89
1480,ready,2,1,0,636,11802.02,17244.26
1481,ready,1,1,0,636,17084.19,22169.61
1482,ready,1,1,0,636,22234.63,27271.53
1483,ready,3,2,1,636,28589.6,33941.86
1484,ready,2,1,0,636,25889.66,29889.49
1485,ready,1,1,0,636,18259.8,23091.59
1486,ready,1,1,0,636,15184.42,20339.91
1487,notice_fetch_failed,2,3,2,240,13353.27,15318.94
1488,ready,1,1,0,636,13931.52,19218.33
1489,ready,2,1,0,636,25285.47,29550.31
1490,ready,1,1,0,636,22233.85,27268.42
1491,ready,1,1,0,636,11789.09,18229.67
1492,ready,1,1,0,636,18159.25,22901.87
1493,ready,2,1,0,636,11801.84,16389.62
1494,ready,2,2,1,636,11803.3,17129.73
1495,ready,2,1,0,636,26033.2,31071.72
1496,ready,1,1,0,636,11791.75,17324.29
1497,ready,2,1,0,636,26187.66,30183.08
1498,ready,1,1,0,636,17213.14,21492.51
1499,ready,1,1,0,636,11163.99,16110.55
1500,ready,1,2,1,636,11789.6,29222.01
1501,ready,1,1,0,636,13946.66,18280.15
1502,ready,2,1,0,636,13341.73,17554.98
1503,ready,4,1,0,636,30379.28,35234.89
1504,ready,1,1,0,636,11789.19,17243.06
1505,ready,2,1,0,636,11803.28,16855.37
1506,ready,1,1,0,636,13901.72,19014.6
1507,ready,1,2,1,636,5748.25,25133.12
1508,ready,2,1,0,636,27382.1,31799.73
1509,ready,1,1,0,636,20367.93,25132.07
1510,ready,2,1,0,636,25367.02,30067.4
1511,ready,1,1,0,636,9720.29,18939.57
1512,ready,2,1,0,636,27032.91,31112.54
1513,ready,2,1,0,636,27238.07,31334.95
1514,ready,1,1,0,636,18815.8,23791.9
1515,ready,1,1,0,636,20446.98,25279.13
1516,ready,2,1,0,636,27271.66,32036.25
1517,ready,2,1,0,636,27273.7,31563.18
1518,ready,2,2,1,636,26193.77,31968.82
1519,ready,2,1,0,636,26116.37,30825.8
1520,ready,1,1,0,636,13946.9,18456.11
1521,ready,2,1,0,636,27016.59,31194.49
1522,ready,1,2,1,636,5748.94,17452.54
1523,ready,1,1,0,636,5747.87,14661.71
1524,ready,1,1,0,636,11787.69,25367.28
1525,ready,1,1,0,636,13940.91,18515.98
1526,ready,2,2,1,636,26989.87,32972.82
1527,ready,1,1,0,636,13151.47,17269.92
1528,ready,2,1,0,636,25946.37,30319.29
1529,ready,1,1,0,636,11792.75,16516.86
1530,ready,2,1,0,636,25761.31,30386.76
1531,ready,2,1,0,636,25685.25,29802.93
1532,ready,1,1,0,636,18200.98,22341.92
1533,ready,2,1,0,636,27539.94,32816.44
1534,ready,2,1,0,636,27235,32311.85
1535,ready,2,1,0,636,27550.98,33284.11
1536,ready,2,1,0,636,27155.3,32037.5
1537,ready,1,2,1,636,13150.46,18802.05
1538,ready,2,1,0,636,27234.63,31757.64
1539,ready,1,1,0,636,11787.22,16814.51
1540,ready,1,1,0,636,22856.32,27463.99
1541,ready,2,1,0,636,26998.42,32179.89
1542,ready,2,1,0,636,13353.5,18205.8
1543,ready,1,1,0,636,13935.17,18880
1544,ready,2,1,0,636,27273.96,32124.65
1545,ready,2,2,1,636,25607.87,31106.86
1546,ready,1,2,1,636,13902.04,19774.44
1547,ready,1,1,0,636,21078.09,25132.9
1548,ready,1,2,1,636,14942.92,19949.52
1549,ready,2,1,0,636,25795.3,30917.08
1550,ready,2,1,0,636,13330.34,18642.62
1551,ready,1,1,0,636,18208.54,22230.28
1552,ready,1,1,0,636,22236.86,25965.22
1553,ready,2,1,0,636,28021.29,33493.85
1554,notice_fetch_failed,1,3,2,240,11798.91,25173.57
1555,ready,2,1,0,636,26320.83,30523.2
1556,ready,1,2,1,636,13104.68,29246.44
1557,ready,2,1,0,636,11804.18,16507.78
1558,ready,2,1,0,636,27028.14,31075.72
1559,ready,3,1,0,636,28377.46,33345.44
1560,ready,1,2,1,636,13152.12,19279.71
1561,ready,2,2,1,636,11804.43,29862.8
1562,ready,1,1,0,636,13689.42,17729.59
1563,ready,2,1,0,636,13326.84,27032.25
1564,ready,1,1,0,636,17175.05,22368.49
1565,ready,2,2,1,636,11803.71,63609.15
1566,ready,1,1,0,636,16698.5,21139.96
1567,ready,1,1,0,636,14405.11,19280.12
1568,ready,2,1,0,636,26091.82,31284.31
1569,ready,2,1,0,636,26092.91,30701.63
1570,ready,1,2,1,636,13940.9,66297.7
1571,ready,3,1,0,636,28043.97,33299.93
1572,ready,1,1,0,636,13150.28,18462.05
1573,ready,1,1,0,636,11797.37,16433.03
1574,ready,2,1,0,636,27277.44,31112.61
1575,ready,2,1,0,636,13365.84,17192.87
1576,ready,1,1,0,636,14405.45,19459.6
1577,ready,1,2,1,636,15156.14,20457.89
1578,ready,1,1,0,636,11789.64,30034.93
1579,ready,2,1,0,636,13345.4,17129.41
1580,ready,1,1,0,636,13152.16,17087.23
1581,ready,2,1,0,636,27832.06,31899.75
1582,ready,1,1,0,636,13150.04,18039.63
1583,ready,3,1,0,636,23328.55,28270.42
1584,ready,1,1,0,636,11794.28,17088.25
1585,ready,2,2,1,636,11803.74,16684.71
1586,ready,1,1,0,636,11794.71,17382.33
1587,ready,1,1,0,636,20505.97,25132.95
1588,ready,1,1,0,636,18195.53,22480.78
1589,ready,2,2,1,636,25740.89,31815.76
1590,ready,1,1,0,636,14404.84,19948.07
1591,ready,2,1,0,636,27234.67,31345.64
1592,ready,1,1,0,636,18585.55,23791.95
1593,ready,2,1,0,636,26991.72,30842.57
1594,ready,1,1,0,636,15946.43,19970.12
1595,ready,2,2,1,636,26340.42,31216.87
1596,ready,2,1,0,636,27272.02,32444.36
1597,ready,2,1,0,636,27044.04,30980.38
1598,ready,2,2,1,636,13326.6,18505.1
1599,ready,1,1,0,636,15143.09,20010.7
1600,ready,1,1,0,636,16671.08,21690.9
1601,ready,2,1,0,636,26040.22,30825
1602,ready,1,1,0,636,16438.37,21024.24
1603,ready,1,1,0,636,9719.53,18063.75
1604,ready,1,1,0,636,15230.83,19323.41
1605,ready,2,1,0,636,26052.45,29773.49
1606,ready,1,1,0,636,16790.15,21027.99
1607,ready,1,1,0,636,13914.06,18398.51
1608,ready,1,1,0,636,16808.85,21049.98
1609,ready,1,1,0,636,9718.89,17150.89
1610,ready,1,1,0,636,11795.41,21058.99
1611,ready,1,1,0,636,5748.8,14661.8
1612,ready,1,1,0,636,17282.74,22115.51
1613,ready,2,1,0,636,27016.52,31085.39
1614,ready,2,1,0,636,13342.93,17936.45
1615,ready,2,1,0,636,27031.02,31814.13
1616,ready,1,1,0,636,13883.34,19051.36
1617,ready,1,1,0,636,13945.39,18782.84
1618,ready,2,1,0,636,25508.77,30736.15
1619,ready,1,2,1,636,9718.08,24100.36
1620,ready,2,2,1,636,27374.88,33284.53
1621,ready,2,1,0,636,13345.2,17310.34
1622,ready,2,1,0,636,27031.13,32212.29
1623,ready,1,1,0,636,13917.2,19035.65
1624,ready,1,1,0,636,13934.99,18286.77
1625,ready,2,1,0,636,27364.66,31402.31
1626,ready,1,2,1,636,22227.47,28740.69
1627,ready,2,2,1,636,11800.94,63285.52
1628,ready,1,1,0,636,16857.1,22114.09
1629,ready,2,1,0,636,13342.73,18120.41
1630,ready,1,1,0,636,11793.68,16377.76
1631,ready,2,2,1,636,11800.46,29539.85
1632,ready,2,1,0,636,27269.75,31758.51
1633,ready,2,1,0,636,27024.03,30990.9
1634,ready,4,1,0,636,31884.78,35983.33
1635,ready,1,1,0,636,13902.08,19573.53
1636,ready,1,1,0,636,13104.02,17555.41
1637,ready,1,1,0,636,13174.24,18384.45
1638,ready,2,1,0,636,27274.03,32522.75
1639,ready,2,1,0,636,25865.75,30220.27
1640,notice_fetch_failed,2,3,2,240,28100.19,30076.02
1641,ready,2,1,0,636,26996.12,31112.67
1642,ready,1,1,0,636,5747.78,14661.41
1643,ready,2,1,0,636,26004.69,30386.69
1644,ready,2,1,0,636,25182.97,29549.77
1645,ready,1,1,0,636,11792.37,16732.49
1646,ready,3,1,0,636,15664.22,20927.45
1647,ready,1,1,0,636,17628.7,22267.09
1648,ready,1,2,1,636,15678.17,20926.79
1649,ready,1,2,1,636,15311.05,21068.81
1650,ready,1,1,0,636,13913.68,18004.01
1651,ready,2,1,0,636,27000.12,30958.62
1652,ready,2,1,0,636,27280.37,32041.87
1653,ready,1,2,1,636,11794.13,29202.28
1654,ready,2,1,0,636,27630.46,33077.07
1655,ready,1,1,0,636,18483.15,23478.88
1656,ready,1,1,0,636,13152.5,18006.32
1657,ready,2,2,1,636,13359.81,18173.05
1658,ready,2,1,0,636,27011.28,32056.48
1659,ready,3,1,0,636,29112.52,33815.16
1660,ready,1,1,0,636,11792.08,16959.91
1661,ready,1,1,0,636,13901.52,18945.95
1662,ready,1,1,0,636,18039.03,22073.92
1663,ready,3,1,0,636,29454.82,34170.44
1664,ready,2,1,0,636,25553.98,30167.93
1665,ready,1,2,1,636,17084.26,22400.42
1666,ready,2,1,0,636,25372.37,30905.83
1667,ready,2,1,0,636,27271.97,31812.77
1668,ready,1,1,0,636,13913.33,18456.96
1669,ready,2,2,1,636,13331.01,18508.43
1670,ready,1,2,1,636,13174.3,19426.32
1671,ready,2,1,0,636,26003.05,30113.81
1672,ready,2,1,0,636,26962.23,31975.97
1673,ready,2,1,0,636,26998.52,32262.41
1674,ready,1,2,1,636,11161.8,16754.64
1675,ready,2,1,0,636,27847.51,31765.25
1676,ready,1,1,0,636,13117.35,18143.87
1677,ready,2,1,0,636,27000.4,31813.78
1678,ready,1,1,0,636,14942.99,18945.87
1679,ready,3,1,0,636,28230.91,33453.03
1680,ready,2,1,0,636,27237.38,32487.76
1681,ready,1,1,0,636,21590.85,26067.25
1682,ready,2,1,0,636,26052.36,30249.3
1683,ready,2,1,0,636,25629.88,30825.02
1684,ready,2,1,0,636,13353.84,17554.95
1685,ready,3,1,0,636,27271.62,31457.75
1686,ready,2,2,1,636,27030.25,32833.42
1687,ready,2,1,0,636,26998.62,30981.81
1688,ready,2,2,1,636,13341.31,18976.72
1689,ready,2,1,0,636,25662.46,30246.05
1690,ready,1,1,0,636,22234.87,27323.44
1691,ready,2,1,0,636,26257.12,30589.05
1692,ready,2,1,0,636,27273.87,32453.39
1693,ready,1,2,1,636,11789.1,62618.42
1694,ready,2,1,0,636,27547.23,31711.19
1695,ready,1,1,0,636,13913.74,17930.88
1696,ready,1,1,0,636,14405.32,18411.13
1697,ready,3,1,0,636,28757.42,32799.71
1698,ready,1,1,0,636,11164.13,30950.29
1699,ready,2,1,0,636,27002.86,30908.24
1700,ready,1,2,1,636,18149.53,24102.45
1701,ready,2,1,0,636,27547.43,31642.93
1702,ready,2,1,0,636,25807.82,30631.91
1703,ready,2,1,0,636,27028.07,31664.78
1704,ready,2,1,0,636,13326.65,17920.8
1705,ready,2,2,1,636,11804.26,29414.31
1706,ready,1,1,0,636,17256.69,21921.92
1707,ready,2,1,0,636,27385.4,31778.7
1708,ready,2,1,0,636,27008.09,31846.52
1709,ready,2,2,1,636,13381.27,18822.1
1710,ready,2,1,0,636,13383.76,18307.94
1711,ready,2,1,0,636,26142.6,30220.16
1712,ready,2,1,0,636,25940.94,31106.55
1713,ready,2,1,0,636,13331.05,17200.24
1714,ready,2,1,0,636,25880.58,31297.35
1715,ready,2,1,0,636,27835.56,33285.44
1716,ready,2,1,0,636,11803.8,16500.59
1717,ready,2,1,0,636,27024.94,30873.39
1718,ready,2,2,1,636,25880.9,30749.05
1719,ready,3,1,0,636,28852.6,34308.04
1720,ready,1,1,0,636,18082.64,21967.86
1721,ready,1,1,0,636,5748.75,14661.23
1722,ready,1,1,0,636,19032,23105.12
1723,ready,2,1,0,636,27025.08,31996.07
1724,ready,5,1,0,636,34296.15,38989.05
1725,ready,2,2,1,636,13317.3,31014.12
1726,ready,2,1,0,636,13330.5,17915.78
1727,ready,4,1,0,636,30370.54,35076.18
1728,ready,1,1,0,636,11793.6,18229.62
1729,ready,2,3,2,636,25373.55,31254.15
1730,ready,1,1,0,636,13151.07,18162.13
1731,ready,3,1,0,636,28158.91,33494.25
1732,ready,3,1,0,636,16314.87,20926.62
1733,ready,1,1,0,636,18418.46,24102.49
1734,ready,1,2,1,636,14405.4,19118.97
1735,ready,1,2,1,636,19031.78,25132.15
1736,ready,2,1,0,636,13330.95,18218.31
1737,ready,1,1,0,636,18230.08,22973.79
1738,ready,1,1,0,636,13945.26,19007.89
1739,ready,1,1,0,636,13901.68,19212.82
1740,ready,1,1,0,636,15156.17,20153.57
1741,ready,2,1,0,636,27043.54,31125.46
1742,ready,1,1,0,636,18490.75,23317.76
1743,ready,2,1,0,636,26111.07,30813.29
1744,ready,2,2,1,636,25373.56,30901.96
1745,ready,2,1,0,636,13386.25,18143.81
1746,ready,2,2,1,636,11803.99,18107.39
1747,ready,1,1,0,636,17806.61,22969.94
1748,ready,3,1,0,636,28937.9,34144.17
1749,ready,1,1,0,636,20504.5,25132.5
1750,ready,2,1,0,636,26087.98,30952
1751,ready,1,2,1,636,13151.96,18123.26
1752,ready,1,2,1,636,13883.41,65413.18
1753,ready,2,1,0,636,26083.63,30883.75
1754,ready,1,2,1,636,14080.93,65015.02
1755,ready,1,1,0,636,11793.2,16814.43
1756,ready,1,1,0,636,11798.24,16435.69
1757,ready,2,1,0,636,27235.08,31122.15
1758,ready,1,1,0,636,11789.86,16432.95
1759,ready,2,1,0,636,25764.17,30124.36
1760,ready,2,2,1,636,25816.5,31757.3
1761,ready,1,1,0,636,13151.01,17913.32
1762,ready,1,1,0,636,13948.2,18822.06
1763,ready,2,1,0,636,27272.15,31009.88
1764,ready,2,1,0,636,26114.26,30155.91
1765,ready,1,1,0,636,20924.15,26038.63
1766,ready,1,1,0,636,13949.66,19319.47
1767,ready,2,2,1,636,25724.01,30631.79
1768,ready,2,1,0,636,25844.84,30991.15
1769,ready,2,1,0,636,25968.24,30198.6
1770,ready,2,1,0,636,11801.59,16340.81
1771,ready,2,1,0,636,26112.78,30958.55
1772,ready,1,1,0,636,11799.48,16566.77
1773,ready,2,1,0,636,27271.95,32789.71
1774,ready,2,1,0,636,27236.8,31241.21
1775,ready,1,1,0,636,15959.14,21092.93
1776,ready,2,1,0,636,26142.65,30774.24
1777,ready,1,2,1,636,13881.29,65988.54
1778,ready,2,1,0,636,27273.9,32056.26
1779,ready,2,1,0,636,28070.09,32939.81
1780,ready,1,2,1,636,22232.3,27191.9
1781,ready,2,1,0,636,27534.91,32189.71
1782,ready,1,1,0,636,13152.63,20610.65
1783,ready,2,1,0,636,27008.13,31071.4
1784,ready,1,3,2,636,11796.86,30601.32
1785,ready,1,1,0,636,16096.49,20457.82
1786,ready,2,1,0,636,27030.08,31122.27
1787,ready,2,1,0,636,26141.11,31054.64
1788,ready,2,1,0,636,27008.18,31451.9
1789,ready,1,1,0,636,13880.83,19009.29
1790,ready,2,1,0,636,13342.27,17549.41
1791,ready,1,1,0,636,14786.34,23485.2
1792,ready,2,2,1,636,26989.84,31964.06
1793,ready,2,1,0,636,25878.6,30652.99
1794,ready,3,2,1,636,16134.44,20927.11
1795,ready,1,1,0,636,16299.69,20927.42
1796,ready,2,1,0,636,27030.28,31375.65
1797,ready,1,1,0,636,15843.56,20158.03
1798,ready,1,1,0,636,17129.93,21481.17
1799,ready,1,1,0,636,13957.21,19070.47
1800,ready,1,1,0,636,18347.83,24101.52
1801,ready,1,1,0,636,13917.31,19023.73
1802,ready,1,2,1,636,11789.43,62397.1
1803,ready,1,1,0,636,22857.76,26919.24
1804,ready,1,1,0,636,21623.77,26791.19
1805,ready,2,2,1,636,25607.88,31403.14
1806,ready,2,1,0,636,25495.92,30213.57
1807,ready,3,1,0,636,28800.74,32847.86
1808,ready,3,1,0,636,28909.56,33370.29
1809,ready,2,1,0,636,27613.93,32849.07
1810,ready,3,1,0,636,28974.74,34528.26
1811,ready,1,1,0,636,15230.82,19851.96
1812,ready,1,1,0,636,18488.5,23715.74
1813,ready,1,1,0,636,14365.6,19553.98
1814,ready,1,1,0,636,20923.77,25704.65
1815,ready,3,2,1,636,28953.52,33819.38
1816,ready,1,1,0,636,11788.17,16395.41
1817,ready,2,1,0,636,11800.74,16613.24
1818,ready,2,1,0,636,26996.99,31402.39
1819,ready,2,1,0,636,27531.74,32056.76
1820,ready,1,1,0,636,16684.23,21603.03
1821,ready,1,1,0,636,13996.2,19279.54
1822,ready,2,1,0,636,13359.97,18003.89
1823,ready,2,1,0,636,25804.06,30005.58
1824,ready,2,1,0,636,25775.58,29975.84
1825,ready,2,1,0,636,27548.43,31799.22
1826,ready,2,1,0,636,26111.14,31039.83
1827,ready,2,1,0,636,27041.92,31149.62
1828,ready,1,1,0,636,15217.06,20306.17
1829,ready,2,1,0,636,11804.01,16051.87
1830,ready,1,1,0,636,17661.85,22825.63
1831,ready,1,1,0,636,18871.63,22998.09
1832,ready,2,1,0,636,27007.66,32107.94
1833,ready,2,1,0,636,27237.18,31538.59
1834,ready,1,1,0,636,11787.7,16051.9
1835,ready,1,1,0,636,11791.56,16348.69
1836,ready,1,1,0,636,13150.85,18436.88
1837,ready,2,1,0,636,27022.7,32084.32
1838,ready,1,1,0,636,11789.22,26399.43
1839,ready,2,1,0,636,27043.52,31228.37
1840,ready,2,1,0,636,28087.08,32360.23
1841,ready,1,1,0,636,13914.62,19022.51
1842,ready,1,1,0,636,13111.33,17925.75
1843,ready,1,1,0,636,13996.17,18419.13
1844,ready,1,1,0,636,13110.55,17087.44
1845,ready,3,1,0,636,28901.85,33285.53
1846,ready,1,1,0,636,16994.89,21685.86
1847,ready,3,1,0,636,16855.63,20926.99
1848,ready,3,1,0,636,30918.99,35866.61
1849,ready,2,1,0,636,25608.02,29562.33
1850,ready,1,2,1,636,14083.46,19895.89
1851,ready,1,1,0,636,9719.91,20959.59
1852,ready,2,1,0,636,26317.51,30679.26
1853,ready,1,1,0,636,18170.79,22602.77
1854,ready,1,3,2,636,13149.49,19804.11
1855,ready,2,1,0,636,27833.54,31717.76
1856,ready,2,1,0,636,25430.7,30562.62
1857,ready,1,1,0,636,21322.99,25500.08
1858,ready,2,1,0,636,27587.76,32038.21
1859,ready,2,1,0,636,26099.14,31006.19
1860,ready,2,1,0,636,27236.94,31990.89
1861,ready,1,1,0,636,13901.82,23224.35
1862,ready,1,1,0,636,11788.21,27408.45
1863,ready,3,2,1,636,28646.99,34895.36
1864,ready,2,1,0,636,26022.76,30657.1
1865,ready,2,1,0,636,27269.61,32453.94
1866,ready,2,1,0,636,25392.94,29171.97
1867,ready,1,2,1,636,14786.17,20927.12
1868,ready,1,1,0,636,18298.91,22149.01
1869,ready,1,1,0,636,14786.1,19320.74
1870,ready,1,1,0,636,13935.1,18889.31
1871,ready,2,2,1,636,26042.92,30996.74
1872,ready,1,2,1,636,13901.89,30507.24
1873,ready,1,1,0,636,9720.34,30297.37
1874,ready,2,1,0,636,27400.08,32016.05
1875,ready,2,1,0,636,25892.23,29908.96
1876,ready,1,1,0,636,14565.04,19860.41
1877,ready,2,1,0,636,27620.13,32894.72
1878,ready,2,1,0,636,25829.78,29860.04
1879,ready,1,2,1,636,13945.34,30893.63
1880,ready,1,1,0,636,18086.05,22163.45
1881,ready,1,1,0,636,17279.83,21083.03
1882,ready,3,1,0,636,28556.2,33285.26
1883,ready,2,1,0,636,27035.09,31451.7
1884,ready,1,1,0,636,18876.14,22901.9
1885,ready,1,2,1,636,13152.52,65403.03
1886,ready,5,2,1,636,33795.58,38846.77
1887,ready,1,1,0,636,11796.88,18052.73
1888,ready,1,1,0,636,16633.85,20960.7
1889,ready,1,1,0,636,13939.07,19089.51
1890,ready,1,1,0,636,22234.52,28254.89
1891,ready,1,1,0,636,13689.58,18508.18
1892,ready,1,2,1,636,18322.84,23129.29
1893,ready,1,1,0,636,22857.68,27170.88
1894,ready,2,1,0,636,13341.28,18842.93
1895,ready,2,2,1,636,25764.2,31904.51
1896,ready,1,1,0,636,21749.9,25704.63
1897,ready,1,1,0,636,14012.2,19039.12
1898,ready,2,1,0,636,27237.52,31072.02
1899,ready,1,1,0,636,11795.83,18022.37
1900,ready,1,2,1,636,16317.63,22579.77
1901,ready,1,1,0,636,17530.52,22847.05
1902,ready,1,1,0,636,11800.12,18040.1
1903,ready,2,1,0,636,25392.91,30685.74
1904,ready,1,1,0,636,13110.5,18497.16
1905,ready,1,1,0,636,13149.71,18202.96
1906,ready,2,1,0,636,25220.47,30774.31
1907,ready,1,1,0,636,13104.97,17554.69
1908,ready,1,2,1,636,13870.57,19376.26
1909,ready,1,1,0,636,13940.93,18441.04
1910,ready,2,2,1,636,27273.62,33051.07
1911,ready,3,1,0,636,28699.49,33633.73
1912,ready,1,1,0,636,21125.99,25132.83
1913,ready,1,1,0,636,19698.86,25132.94
1914,ready,1,1,0,636,18218.36,23080.31
1915,ready,1,2,1,636,19610.33,25525.55
1916,ready,2,1,0,636,26187.7,30414.67
1917,ready,1,1,0,636,9719.13,16655.35
1918,ready,1,1,0,636,18526.53,22389.33
1919,ready,2,1,0,636,13342.12,18107.65
1920,ready,2,1,0,636,11800.72,20576.77
1921,ready,1,1,0,636,11792.09,16389.51
1922,ready,2,2,1,636,26004.79,31302.47
1923,ready,1,1,0,636,14786.27,19804.1
1924,ready,1,1,0,636,22234.7,27044.26
1925,ready,2,1,0,636,26316.05,30780.85
1926,ready,2,1,0,636,27280.09,31612.16
1927,ready,2,1,0,636,27531.92,31994.69
1928,ready,1,2,1,636,17963.82,23314.37
1929,ready,2,1,0,636,13330.81,17915.81
1930,ready,3,1,0,636,28656.69,33815.11
1931,ready,3,1,0,636,27660.72,32165.75
1932,ready,1,2,1,636,13940.78,18383.37
1933,ready,3,1,0,636,28783.55,33284.4
1934,ready,1,1,0,636,13914.2,18941.77
1935,ready,1,1,0,636,13892.2,27008.48
1936,ready,1,1,0,636,13881.39,26904.43
1937,ready,1,1,0,636,18897.58,24111.05
1938,ready,2,1,0,636,27014.26,31925.36
1939,ready,2,3,2,636,11801.01,63935.87
1940,ready,1,1,0,636,11161.87,18056.1
1941,ready,2,1,0,636,26010.08,30231
1942,ready,1,1,0,636,18258.74,22129.01
1943,ready,2,1,0,636,26074.48,30745.59
1944,ready,2,2,1,636,25957.66,30678.68
1945,ready,2,1,0,636,25968.3,29979.74
1946,ready,2,1,0,636,13342.17,20441.73
1947,ready,1,1,0,636,13931.48,18286.81
1948,ready,2,1,0,636,11800.73,16215.28
1949,ready,1,1,0,636,18230.18,22396.01
1950,ready,2,1,0,636,25885.2,30122.17
1951,ready,1,1,0,636,18301.28,23498.36
1952,ready,1,1,0,636,13901.86,18004.77
1953,ready,3,2,1,636,16290.03,21737.86
1954,ready,1,1,0,636,19047.41,24982.21
1955,ready,2,1,0,636,11804.31,25802.66
1956,ready,3,1,0,636,23996.04,28953.72
1957,ready,1,1,0,636,11792.81,16500.54
1958,ready,1,1,0,636,13870.75,19631.76
1959,ready,2,1,0,636,25761.34,30789.93
1960,ready,3,1,0,636,28262.02,32834.06
1961,ready,1,2,1,636,14082.15,30296
1962,ready,2,1,0,636,26083.59,30500.26
1963,ready,2,1,0,636,27000.54,31053.27
1964,ready,2,2,1,636,25533.56,31071.31
1965,ready,1,1,0,636,11787.2,17207.05
1966,ready,2,2,1,636,27041.48,32179.82
1967,ready,2,1,0,636,13327.3,18121.1
1968,ready,1,1,0,636,17947.78,22398.84
1969,ready,1,2,1,636,13104.69,17946.49
1970,ready,1,1,0,636,13174.36,18280.19
1971,ready,2,1,0,636,25395.75,30204.03
1972,ready,2,1,0,636,27581.4,32446.14
1973,ready,2,1,0,636,25749.82,30709.12
1974,ready,1,1,0,636,17836.37,22811.22
1975,ready,1,2,1,636,13151.2,64744.18
1976,ready,2,1,0,636,27030.96,31112.86
1977,ready,2,1,0,636,27274.15,31758.1
1978,ready,2,1,0,636,26142.63,30534.33
1979,ready,1,3,2,636,11163.7,29951.95
1980,ready,1,1,0,636,13111.01,17088.3
1981,ready,1,1,0,636,11798.78,16849.23
1982,ready,1,1,0,636,9718.23,30993.93
1983,ready,1,1,0,636,9718.26,16663.14
1984,ready,1,1,0,636,20924.12,25132.6
1985,ready,2,1,0,636,27007.92,31812.94
1986,ready,2,1,0,636,26161.03,30511.99
1987,ready,2,2,1,636,25559.49,31567.49
1988,ready,2,1,0,636,27230.03,32453.13
1989,ready,1,1,0,636,14059.93,19029.04
1990,ready,2,3,2,636,27002.69,32900.89
1991,ready,3,2,1,636,16454.13,21922.23
1992,ready,2,1,0,636,27043.88,32166.72
1993,ready,2,1,0,636,26309.87,31039.98
1994,ready,1,1,0,636,22234.84,26882.56
1995,ready,1,1,0,636,13946.77,18296.04
1996,ready,1,2,1,636,11796.1,17087.73
1997,ready,2,2,1,636,11800.97,63487.25
1998,ready,2,1,0,636,28098.69,33370.31
1999,ready,1,3,2,636,13151.37,30286.8
2000,ready,1,1,0,636,13880.98,25216.96
2001,ready,2,1,0,636,27834.01,31949.94
2002,ready,2,1,0,636,28098.61,33284.93
2003,ready,1,1,0,636,11798.44,16096.11
2004,ready,2,1,0,636,27537.83,31711.51
2005,ready,1,2,1,636,13150.84,19578.07
2006,ready,2,1,0,636,26238.28,30839.43
2007,ready,2,1,0,636,27237.26,31333.38
2008,ready,1,1,0,636,17085.89,22114.18
2009,ready,1,2,1,636,11165.3,16580.71
2010,ready,2,2,1,636,13341,30509.74
2011,ready,1,1,0,636,5748.97,14661.78
2012,ready,1,1,0,636,17664.05,23012.18
2013,ready,1,1,0,636,21590.91,27012.7
2014,ready,1,1,0,636,11166.12,16375.86
2015,ready,2,1,0,636,13330.89,18445.73
2016,ready,2,1,0,636,11802.1,16932.04
2017,ready,1,1,0,636,13174.27,17549.62
2018,ready,2,1,0,636,27234.86,32199.78
2019,ready,2,1,0,636,13340.87,25221.75
2020,ready,2,1,0,636,27275.7,31138.58
2021,ready,2,1,0,636,27784.82,33108.02
2022,ready,3,1,0,636,28001.88,33285.34
2023,ready,2,1,0,636,26049.03,30545.48
2024,ready,2,2,1,636,13342.78,18360.08
2025,ready,3,2,1,636,27825.82,32395.31
2026,ready,1,1,0,636,11162.21,18063.1
2027,ready,2,1,0,636,27509.17,31333.53
2028,ready,1,1,0,636,11798.45,18014.3
2029,ready,2,1,0,636,27022.84,31950.85
2030,ready,2,1,0,636,13381.17,17252.78
2031,ready,1,1,0,636,13914.59,18004.19
2032,ready,2,1,0,636,25724.05,29923.44
2033,ready,2,1,0,636,25513.31,30256.38
2034,ready,1,1,0,636,11789.56,17238.89
2035,ready,3,1,0,636,29096.8,33284.97
2036,ready,2,1,0,636,27485.29,32065.87
2037,ready,2,1,0,636,13330.64,17689.19
2038,ready,2,1,0,636,13343.13,18120.44
2039,ready,2,1,0,636,27002.83,31122.19
2040,ready,1,1,0,636,16965.3,21212.64
2041,ready,2,1,0,636,11800.42,17088.8
2042,ready,1,1,0,636,16143.81,21307.81
2043,ready,1,1,0,636,11798.49,16815.87
2044,ready,1,2,1,636,13943.34,65538.11
2045,ready,1,1,0,636,13881.12,18512.53
2046,ready,1,1,0,636,9718.9,32974.27
2047,ready,1,1,0,636,16698.2,21052.33
2048,ready,2,2,1,636,13384.11,19194.26
2049,ready,1,2,1,636,13689.57,18976.93
2050,ready,1,1,0,636,11792.65,27218.91
2051,ready,1,1,0,636,16052.23,20617.59
2052,ready,1,1,0,636,15954.32,20927.06
2053,ready,1,2,1,636,20492.81,25224.46
2054,ready,2,1,0,636,13330.86,17290.83
2055,ready,2,1,0,636,27536.37,32084.2
2056,ready,1,1,0,636,15828.49,19571.5
2057,ready,1,1,0,636,18435.97,23330.02
2058,ready,1,1,0,636,13880.54,19110.42
2059,ready,2,1,0,636,26106.18,30925.9
2060,ready,1,1,0,636,13149.89,18162.01
2061,ready,2,1,0,636,27032.33,31045.42
2062,ready,2,1,0,636,25956.49,30220.19
2063,ready,1,1,0,636,16300.85,20448.21
2064,ready,1,1,0,636,11796.64,17946.56
2065,ready,2,1,0,636,26053.94,30353.68
2066,ready,2,2,1,636,26083.57,31529.95
2067,ready,2,1,0,636,27034.99,31898.88
2068,ready,2,1,0,636,25552.7,29641.55
2069,ready,2,1,0,636,27237.47,30997.05
2070,ready,2,1,0,636,26069.78,30996.53
2071,ready,2,1,0,636,25908.47,30308.85
2072,ready,2,1,0,636,27284.32,31039.87
2073,ready,2,1,0,636,27237.61,31279.52
2074,ready,2,1,0,636,27550.92,32124.11
2075,ready,3,1,0,636,27582.32,33284.12
2076,ready,1,1,0,636,14786.21,19835.62
2077,ready,2,1,0,636,27547.12,32002.66
2078,ready,2,1,0,636,25128.98,30293.02
2079,ready,2,2,1,636,26309.83,31832.52
2080,ready,1,1,0,636,16299.71,21099.06
2081,ready,2,1,0,636,27784.81,32109.38
2082,ready,1,1,0,636,13951.16,19069.13
2083,ready,2,1,0,636,13342.94,18826.11
2084,ready,2,1,0,636,25815.39,29983.63
2085,ready,1,1,0,636,18331.39,22451.4
2086,ready,1,1,0,636,13914.42,19426.4
2087,ready,1,1,0,636,18481.65,24103.75
2088,ready,2,1,0,636,27271.91,32496.08
2089,ready,2,1,0,636,13327.52,18486.48
2090,ready,2,1,0,636,27491.17,32069.77
2091,ready,1,1,0,636,11795.3,29533.78
2092,ready,1,1,0,636,14786.08,19374.97
2093,ready,2,1,0,636,25710.83,30915.8
2094,ready,1,1,0,636,11791.65,16096.19
2095,ready,1,1,0,636,13110.92,17209.51
2096,ready,1,1,0,636,13104.85,18246.33
2097,ready,2,1,0,636,13327.14,18004.69
2098,ready,1,1,0,636,17256.74,22140.21
2099,ready,2,1,0,636,13317.24,27030.88
2100,ready,3,2,1,636,28067.36,34136.55
2101,ready,2,1,0,636,27000.07,31233.68
2102,ready,1,1,0,636,11802.33,20068.13
2103,ready,2,1,0,636,26106.21,30971.95
2104,ready,2,1,0,636,27418.84,32267.39
2105,ready,1,1,0,636,11797.18,17089.36
2106,ready,2,1,0,636,11801.6,17088.67
2107,ready,1,1,0,636,13883.26,18299.97
2108,ready,1,1,0,636,11162.73,16263.6
2109,ready,2,1,0,636,13371.94,27266.56
2110,ready,1,1,0,636,15141.73,19478.16
2111,ready,2,1,0,636,27495.03,32446.33
2112,ready,2,1,0,636,27044.89,31601.04
2113,ready,2,1,0,636,27288.08,31993.48
2114,ready,2,1,0,636,26002.95,30002.71
2115,ready,1,2,1,636,11797.6,30420.24
2116,ready,1,1,0,636,15223.02,19892.27
2117,ready,1,1,0,636,5748.69,14640.29
2118,ready,2,2,1,636,13331.03,18207.33
2119,ready,1,1,0,636,11799.71,16663.04
2120,ready,1,1,0,636,11798.52,16931.78
2121,ready,1,1,0,636,11165.58,18008.02
2122,ready,1,1,0,636,11788.69,16504.07
2123,ready,1,1,0,636,13117.57,17731.57
2124,ready,2,1,0,636,27275.71,31404.38
2125,ready,2,2,1,636,27271.63,32345.37
2126,ready,1,2,1,636,21612.99,26221.27
2127,ready,1,1,0,636,9718.95,18280.1
2128,ready,2,1,0,636,25938.74,29719.14
2129,ready,1,1,0,636,19196.97,24982.45
2130,ready,1,2,1,636,11166.05,18054.28
2131,ready,2,2,1,636,27289.62,32189.61
2132,ready,1,1,0,636,13914.27,18145.29
2133,ready,1,1,0,636,11787.96,28950.17
2134,ready,1,1,0,636,13949.56,18398.45
2135,ready,2,2,1,636,27022.81,31949.68
2136,ready,2,1,0,636,26028.22,30631.96
2137,ready,2,1,0,636,26993.88,32016.31
2138,ready,2,3,2,636,13345.44,68098.71
2139,ready,2,1,0,636,25387.97,30673.02
2140,ready,1,1,0,636,17130.15,21492.44
2141,ready,1,1,0,636,13951.01,18437.39
2142,ready,2,2,1,636,13343.1,30361.5
2143,ready,2,1,0,636,27014.54,32308.25
2144,ready,2,1,0,636,13326.96,20068.19
2145,ready,1,3,2,636,18150.97,25132.05
2146,ready,2,1,0,636,27014.92,30987.58
2147,ready,2,1,0,636,25878.64,30558.33
2148,ready,2,1,0,636,11802.21,17088.31
2149,ready,2,1,0,636,25880.43,29935.69
2150,ready,2,1,0,636,27235.24,32308.17
2151,ready,1,1,0,636,9719.71,18093.86
2152,ready,2,1,0,636,27216.22,31146.13
2153,ready,2,1,0,636,13343.17,18172.11
2154,ready,1,1,0,636,15044.04,19051.32
2155,ready,2,1,0,636,13330.44,19970.08
2156,ready,2,1,0,636,25938.78,30016.8
2157,ready,2,1,0,636,27014.81,31513.23
2158,ready,1,1,0,636,13151.03,17936.57
2159,ready,2,1,0,636,27034.83,31780.58
2160,ready,1,1,0,636,11788.27,26454.77
2161,ready,1,1,0,636,11799.52,34082.17
2162,ready,2,1,0,636,13342.11,33315.03
2163,ready,1,1,0,636,13150.13,26866.87
2164,ready,1,1,0,636,13152.38,18915.18
2165,ready,2,1,0,636,27039.4,32001.22
2166,ready,2,1,0,636,27520.54,31287.58
2167,ready,3,1,0,636,29558.44,33801.5
2168,ready,1,1,0,636,13104.88,16959.76
2169,ready,2,1,0,636,11802.12,17429
2170,ready,2,1,0,636,27741.05,32212.22
2171,ready,2,1,0,636,27272.21,30999.67
2172,ready,1,1,0,636,17861.09,21990.67
2173,ready,1,1,0,636,18418.4,23108.84
2174,ready,1,1,0,636,19031.11,24100.49
2175,ready,2,1,0,636,26064.63,31023.78
2176,ready,2,1,0,636,28060.97,31912
2177,ready,2,1,0,636,25366.67,30113.92
2178,ready,2,1,0,636,27043.41,31661.39
2179,ready,1,1,0,636,11162.99,32973.03
2180,ready,2,1,0,636,27380.34,32670.8
2181,ready,1,1,0,636,14017.01,27454.26
2182,ready,2,1,0,636,25634.44,30775.73
2183,ready,1,2,1,636,11797.66,18121.27
2184,ready,2,2,1,636,13340.91,19257.64
2185,ready,1,2,1,636,13151.69,19303.13
2186,ready,2,1,0,636,26275.01,30838.21
2187,ready,2,1,0,636,27008.04,32168.64
2188,ready,1,2,1,636,11799.75,17547.86
2189,ready,3,1,0,636,27540.1,31428.6
2190,ready,2,1,0,636,27238.35,31867.59
2191,ready,1,2,1,636,11787.03,62327.19
2192,ready,1,1,0,636,14405.36,18354.11
2193,ready,1,1,0,636,11788.42,27187.89
2194,ready,2,1,0,636,27552.9,31428.53
2195,ready,1,1,0,636,11793.21,16378.09
2196,ready,3,1,0,636,28193.78,33352.36
2197,ready,2,1,0,636,25392.95,30636.95
2198,ready,1,2,1,636,14012.17,20520.97
2199,ready,2,1,0,636,25983.96,30940.85
2200,ready,2,1,0,636,26993.7,31813.67
2201,ready,1,1,0,636,19198.41,24313.8
2202,ready,1,1,0,636,11791.47,16348.79
2203,ready,1,1,0,636,13951.2,26878.36
2204,ready,2,1,0,636,26149.98,31347.74
2205,ready,3,1,0,636,28804.15,34068.9
2206,ready,1,2,1,636,15188.19,20991.21
2207,ready,2,1,0,636,27030.95,31145.53
2208,ready,1,1,0,636,11791.9,30039.2
2209,ready,1,1,0,636,13949.61,18172.07
2210,ready,1,2,1,636,11789.53,30418.83
2211,ready,1,2,1,636,13931.46,31080.38
2212,ready,1,1,0,636,9719.47,28407.12
2213,ready,1,1,0,636,11793.61,17089.73
2214,ready,1,1,0,636,13870.43,18575.39
2215,ready,1,1,0,636,20296.14,25133.06
2216,ready,2,1,0,636,25481.21,30359.12
2217,ready,2,1,0,636,27850.65,32977.28
2218,ready,1,1,0,636,18150.79,22381.74
2219,ready,1,1,0,636,11162.23,24488.76
2220,ready,1,1,0,636,9719.82,24982.09
2221,ready,1,1,0,636,16675.66,20456.47
2222,ready,1,2,1,636,11790.43,29315.46
2223,ready,1,2,1,636,16321.45,22469.8
2224,ready,2,2,1,636,27607.1,32954.41
2225,ready,2,1,0,636,27044.77,31078.89
2226,ready,2,2,1,636,25748.01,31375.72
2227,ready,1,1,0,636,13150.52,21950.48
2228,ready,2,1,0,636,26051,30961.2
2229,ready,2,1,0,636,27833.51,31972
2230,ready,2,1,0,636,25841.02,30147.05
2231,ready,2,2,1,636,26095.37,31072.89
2232,ready,1,1,0,636,15213.52,19785.12
2233,ready,3,2,1,636,25128.81,30240.4
2234,ready,1,1,0,636,14405.05,19198.54
2235,ready,1,1,0,636,22855.01,27193.27
2236,ready,2,1,0,636,25700.14,29706.14
2237,ready,1,1,0,636,11161.86,25988.93
2238,ready,1,1,0,636,20399.07,25224.43
2239,ready,2,1,0,636,27533.22,31928.06
2240,ready,1,1,0,636,13117.33,25273.99
2241,ready,2,1,0,636,27028.31,30978.77
2242,ready,1,1,0,636,11790.82,17087.11
2243,ready,1,1,0,636,11799.86,17087.01
2244,ready,1,2,1,636,18486.97,23478.87
2245,ready,1,1,0,636,11792.83,16874.95
2246,ready,2,1,0,636,25129.18,29680.5
2247,ready,1,1,0,636,19199.73,25131.98
2248,ready,1,1,0,636,19974.76,25235.4
2249,ready,1,1,0,636,11165.93,17388.36
2250,ready,1,2,1,636,13917.28,19775.74
2251,ready,1,1,0,636,13151.25,18299.86
2252,ready,1,1,0,636,13116.88,17348.51
2253,ready,1,1,0,636,18435.94,22463.24
2254,ready,2,1,0,636,27024.15,31764.84
2255,ready,1,1,0,636,15400.95,20927.33
2256,ready,2,1,0,636,27002.64,32165.83
2257,ready,1,2,1,636,11800.19,28779.18
2258,ready,3,1,0,636,60394.76,65982.72
2259,ready,1,1,0,636,15885.87,23224.4
2260,ready,1,1,0,636,21183.29,25608.44
2261,ready,1,1,0,636,13901.99,18244.32
2262,ready,2,1,0,636,25284.49,29280.08
2263,ready,2,1,0,636,27768.88,33064.81
2264,ready,3,1,0,636,20605.69,25759.07
2265,ready,2,1,0,636,26274.98,30918.85
2266,ready,2,1,0,636,13384.05,18120.78
2267,ready,1,1,0,636,13939.15,18411.05
2268,ready,2,2,1,636,11801.72,29102.83
2269,ready,2,1,0,636,25962.25,29960.15
2270,ready,1,1,0,636,13117.48,18121.7
2271,ready,3,1,0,636,29092.69,33284.9
2272,ready,2,1,0,636,27536.26,32984.77
2273,ready,2,1,0,636,11800.44,17088.27
2274,ready,2,2,1,636,25647.46,31294.11
2275,ready,1,1,0,636,22233.77,26948.43
2276,ready,1,1,0,636,11164.85,18931.69
2277,ready,1,1,0,636,11788.26,17087.77
2278,ready,1,1,0,636,14083.48,18505.42
2279,ready,1,1,0,636,13104.34,17569.33
2280,ready,1,1,0,636,13945.36,18437.49
2281,ready,1,2,1,636,18150.89,22986.37
2282,ready,1,1,0,636,21255.45,25684.03
2283,ready,1,1,0,636,18038.84,22349.8
2284,ready,1,1,0,636,13951.05,19280.07
2285,ready,1,1,0,636,11161.83,31475.14
2286,ready,2,2,1,636,28011.05,34133.27
2287,ready,1,1,0,636,17498.12,22105.58
2288,ready,1,2,1,636,13149.6,30178.39
2289,ready,2,1,0,636,13330.55,17549.66
2290,ready,1,3,2,636,13689.83,67374.76
2291,ready,2,1,0,636,26996.91,31495.81
2292,ready,2,2,1,636,27503.86,31904.94
2293,ready,3,1,0,636,28120.7,32367.14
2294,ready,2,2,1,636,27842.47,32882.09
2295,ready,1,2,1,636,13914.07,19323.52
2296,ready,2,1,0,636,11801.83,21950.41
2297,ready,1,1,0,636,11797.2,27082.08
2298,ready,2,1,0,636,13371.88,18456.94
2299,ready,1,1,0,636,13117.17,18121.31
2300,ready,1,1,0,636,20595.89,25132
2301,ready,2,1,0,636,26998.58,32108.24
2302,ready,1,1,0,636,13151.32,18244.38
2303,ready,1,2,1,636,13150.3,18447.45
2304,ready,1,1,0,636,19031.16,24100.3
2305,ready,2,1,0,636,25542.88,30115.75
2306,ready,2,1,0,636,13327.62,18106.68
2307,ready,1,1,0,636,18544.1,24111.26
2308,ready,2,3,2,636,26034.21,32002.7
2309,ready,2,1,0,636,27043.48,31659.96
2310,ready,1,2,1,636,11166.52,63342.43
2311,ready,2,2,1,636,26139.66,30657.13
2312,ready,1,1,0,636,18108.21,22129.07
2313,ready,2,1,0,636,27478.84,32863.2
2314,ready,1,1,0,636,13941.82,20927
2315,ready,2,1,0,636,25419.25,29577.88
2316,ready,1,1,0,636,5749,14661.67
2317,ready,2,2,1,636,13343.24,64337.53
2318,ready,3,1,0,636,28744.01,33284.43
2319,ready,2,1,0,636,13343.18,18244.59
2320,ready,3,1,0,636,29012.55,33077.14
2321,ready,2,1,0,636,26996.45,31431.28
2322,ready,1,1,0,636,16455.44,21641.36
2323,ready,2,1,0,636,27842.58,32414.91
2324,ready,2,1,0,636,25495.89,29486.58
2325,ready,1,1,0,636,19036.87,24264.55
2326,ready,2,1,0,636,11800.35,16815.89
2327,ready,1,1,0,636,15843.9,20540.3
2328,ready,1,2,1,636,15188.32,20926.7
2329,ready,1,1,0,636,11793.75,16892.28
2330,ready,2,1,0,636,25892.28,30427.39
2331,ready,2,1,0,636,27400.04,32309.94
2332,ready,2,1,0,636,13341.71,18637.39
2333,ready,1,1,0,636,11799.39,16849.07
2334,ready,2,1,0,636,27280.26,32309.75
2335,ready,2,1,0,636,27531.69,32306.88
2336,ready,1,1,0,636,14074.89,22125.51
2337,ready,1,1,0,636,22392.01,27322.02
2338,ready,1,1,0,636,5748.64,14661.61
2339,ready,1,1,0,636,22460.8,28280.74
2340,ready,1,1,0,636,11794.27,19567.12
2341,ready,2,2,1,636,27280.56,32108.8
2342,ready,1,1,0,636,11789.65,16892.07
2343,ready,1,1,0,636,11800.13,16663.17
2344,ready,1,1,0,636,13943.42,18851.26
2345,ready,1,1,0,636,22234.28,26353.07
2346,ready,1,2,1,636,13151.53,19053.85
2347,ready,2,1,0,636,27550.95,32344.56
2348,ready,1,1,0,636,14942.95,19614.87
2349,ready,1,1,0,636,20923.84,25823.04
2350,ready,2,2,1,636,13327.63,29419.35
2351,ready,1,1,0,636,18331.54,22854.64
2352,ready,2,1,0,636,27492.78,31233.41
2353,ready,2,1,0,636,28084.59,32875.85
2354,ready,2,1,0,636,27028.23,32310.24
2355,ready,2,1,0,636,27862.29,32360.29
2356,ready,3,2,1,636,28910.87,34410.56
2357,ready,1,1,0,636,18230.13,22201.39
2358,ready,2,1,0,636,27285.25,32002.94
2359,ready,1,1,0,636,22232.25,27462.26
2360,ready,2,1,0,636,25993.13,30067.63
2361,ready,4,1,0,636,32161.03,35935.7
2362,ready,2,1,0,636,27541.91,33028.38
2363,ready,1,1,0,636,18501.7,23017.71
2364,ready,1,1,0,636,11162.47,17394.43
2365,ready,2,1,0,636,27380.38,32875.97
2366,ready,1,2,1,636,11797.36,30691.74
2367,ready,2,1,0,636,26282.78,30361.42
2368,ready,1,2,1,636,13937.34,19044.95
2369,ready,1,1,0,636,16698.17,20988.64
2370,ready,4,1,0,636,31568.75,36799.42
2371,ready,1,1,0,636,11798.32,16597.53
2372,ready,2,1,0,636,27022.83,30870.4
2373,ready,1,1,0,636,13883.6,18481.39
2374,ready,1,1,0,636,13914.05,18280.56
2375,ready,2,1,0,636,27508.18,31899.88
2376,ready,2,1,0,636,25228.09,29479.27
2377,ready,2,1,0,636,26069.83,30708.92
2378,ready,1,3,2,636,18108.24,24981.93
2379,ready,2,1,0,636,13360.02,18145.4
2380,ready,1,1,0,636,11162.57,18106.23
2381,ready,1,1,0,636,21632.32,26939.43
2382,ready,2,1,0,636,25801.23,30394.26
2383,ready,1,2,1,636,19198.43,24264.44
2384,ready,2,1,0,636,28045.26,32164.43
2385,ready,2,1,0,636,26165.71,30183.11
2386,ready,2,1,0,636,27014.32,32263.89
2387,ready,1,1,0,636,14404.65,19914.82
2388,ready,2,3,2,636,27364.58,33941.95
2389,ready,1,1,0,636,13943.32,19442.33
2390,ready,1,1,0,636,19196.93,23477
2391,ready,1,1,0,636,13151.21,18505.28
2392,ready,1,2,1,636,11798.34,63388.87
2393,ready,2,1,0,636,27852.7,32362.9
2394,ready,2,1,0,636,28081.65,33085.89
2395,ready,2,1,0,636,13343.2,17568.03
2396,ready,1,1,0,636,11162.61,16051.97
2397,ready,2,1,0,636,26023.98,31151.71
2398,ready,1,1,0,636,21627.2,26131.12
2399,ready,2,1,0,636,27536.4,31364.52
2400,ready,1,1,0,636,11164.64,19279.86
2401,ready,1,2,1,636,15950.33,21058.96
2402,ready,1,1,0,636,16145.05,20043.04
2403,ready,3,1,0,636,28094.8,33306.94
2404,ready,1,2,1,636,11162.74,64102.86
2405,ready,2,3,2,636,11801.87,29586.86
2406,ready,2,1,0,636,26137.28,30436.04
2407,ready,1,1,0,636,13149.79,21427.75
2408,ready,1,1,0,636,13902.12,18006.06
2409,ready,2,1,0,636,26033.27,30701.45
2410,ready,2,2,1,636,26309.76,32256.08
2411,ready,1,1,0,636,14942.89,20478.7
2412,ready,1,1,0,636,15156.18,20153.52
2413,ready,3,1,0,636,30375.72,35544.82
2414,ready,1,1,0,636,17281.45,21213.91
2415,ready,2,1,0,636,27233.22,31375.58
2416,ready,2,1,0,636,13342.25,18121.64
2417,ready,1,1,0,636,13914.3,18418.98
2418,ready,1,1,0,636,13151.08,25279.15
2419,ready,1,2,1,636,13150.38,19231.81
2420,ready,2,1,0,636,26022.66,31072.82
2421,ready,1,1,0,636,11792.11,17129.55
2422,ready,1,1,0,636,16096.55,21117.48
2423,ready,1,1,0,636,13104.45,18282.12
2424,ready,1,1,0,636,11165.44,23310.42
2425,ready,1,1,0,636,21266.7,26165.72
2426,ready,1,1,0,636,18591.06,23288.35
2427,ready,1,2,1,636,11789.61,30598.94
2428,ready,2,1,0,636,13381.2,18808.78
2429,ready,2,1,0,636,13345.11,18502.12
2430,ready,2,1,0,636,28142.4,32729.45
2431,ready,1,2,1,636,16671,22909.85
2432,ready,2,2,1,636,25704.89,31899.48
2433,ready,1,1,0,636,21709.75,25887.72
2434,ready,1,1,0,636,13104.8,18370.21
2435,ready,1,1,0,636,13926.18,18845.88
2436,ready,2,1,0,636,27014.79,30796.92
2437,ready,2,1,0,636,27524.25,33027.89
2438,ready,1,1,0,636,17085.85,21857.29
2439,ready,1,1,0,636,22854.7,28291
2440,ready,1,1,0,636,13952.9,19197.07
2441,ready,1,1,0,636,9720.33,16927.15
2442,ready,2,1,0,636,25271.89,29680.56
2443,ready,1,1,0,636,16964.5,20926.67
2444,ready,2,1,0,636,27374.86,31711.32
2445,ready,1,1,0,636,11162.64,16663.12
2446,ready,1,1,0,636,13880.27,19238.75
2447,ready,2,1,0,636,26096.86,30377.85
2448,ready,2,1,0,636,11800.98,16356.59
2449,ready,2,2,1,636,13340.85,22332.14
2450,ready,1,2,1,636,11788.28,18398.91
2451,ready,1,2,1,636,13117.49,19120.84
2452,ready,3,1,0,636,28740.35,32798.89
2453,ready,2,1,0,636,13359.99,18383.26
2454,ready,1,1,0,636,11164.32,33495.83
2455,ready,2,1,0,636,25878.66,30082.84
2456,ready,2,1,0,636,25908.51,30594.54
2457,ready,3,1,0,636,28750.73,33941.88
2458,ready,1,1,0,636,21252.67,26218.24
2459,ready,3,1,0,636,28177.61,32310.05
2460,ready,1,1,0,636,11164.12,16095.96
2461,ready,2,1,0,636,13326.01,17192.9
2462,ready,2,1,0,636,25541.4,30167.96
2463,ready,2,1,0,636,25819,29730.34
2464,ready,1,2,1,636,11793.67,18876.1
2465,ready,3,1,0,636,28510.02,33952.74
2466,ready,1,1,0,636,17222,21284.49
2467,ready,1,1,0,636,11789.21,16110.6
2468,ready,1,1,0,636,14565.14,19804.08
2469,ready,1,2,1,636,16287.8,21761.3
2470,ready,2,1,0,636,25866.86,30292.92
2471,ready,2,1,0,636,27639.93,32851.49
2472,ready,2,1,0,636,25984.01,30310.45
2473,ready,2,1,0,636,26993.99,31034.31
2474,ready,1,1,0,636,13149.46,27028.65
2475,ready,1,1,0,636,13913.8,18512.48
2476,ready,2,1,0,636,27693.41,33284.42
2477,ready,1,1,0,636,11788.41,16815.85
2478,ready,1,1,0,636,18482.3,23317.78
2479,ready,2,1,0,636,13327.55,17547.37
2480,ready,2,1,0,636,25901.67,30897.24
2481,ready,1,3,2,636,13152.05,31202.16
2482,ready,2,1,0,636,25704.86,30824.93
2483,ready,1,1,0,636,22857.75,27369.07
2484,ready,1,2,1,636,13689.76,19138.38
2485,ready,2,1,0,636,25748,30855.72
2486,ready,1,1,0,636,20444.89,24302.83
2487,ready,1,1,0,636,13901.39,17936.34
2488,ready,2,1,0,636,13342.39,17433.9
2489,ready,3,1,0,636,29560.05,35055.78
2490,ready,2,1,0,636,27599.51,31357.74
2491,ready,1,2,1,636,11797.41,29518.24
2492,ready,3,1,0,636,28849.88,32986.04
2493,ready,2,1,0,636,25746.98,30157.75
2494,ready,2,1,0,636,13342.92,18093.57
2495,ready,2,1,0,636,25128.92,29660.27
2496,ready,1,1,0,636,11789.45,16153.32
2497,ready,1,1,0,636,15114.07,20383.47
2498,ready,2,1,0,636,27609.84,31926.8
2499,ready,1,2,1,636,15507.21,20927.35
2500,ready,2,1,0,636,25634.46,30640.01
2501,ready,1,1,0,636,13174.38,17946.4
2502,ready,1,1,0,636,14028.78,18361.71
2503,ready,2,1,0,636,26052.43,30283.39
2504,ready,1,1,0,636,13152.01,17129.47
2505,ready,1,1,0,636,14160.76,18437.02
2506,ready,2,1,0,636,27007.55,31228.51
2507,ready,1,1,0,636,15188.27,19257.73
2508,ready,2,1,0,636,27285.26,32414.57
2509,ready,2,2,1,636,13314.03,18882.99
2510,ready,2,1,0,636,26051.08,30351.71
2511,ready,1,1,0,636,13870.83,18977
2512,ready,2,1,0,636,25973.39,30240.31
2513,ready,2,1,0,636,27884.04,32604.48
2514,ready,2,1,0,636,25817.28,30206.99
2515,ready,2,1,0,636,25756.97,30741.97
2516,ready,2,1,0,636,25577.91,29692.08
2517,ready,2,1,0,636,25961.33,30672.96
2518,ready,2,2,1,636,27784.79,32799.86
2519,ready,1,2,1,636,18171.18,24982.36
2520,ready,2,1,0,636,25761.79,29993.55
2521,ready,1,3,2,636,16291.23,22511.02
2522,ready,2,1,0,636,27009.87,32269.73
2523,ready,3,1,0,636,29228.4,33494.12
2524,ready,3,1,0,636,28719.17,33284.05
2525,ready,1,1,0,636,13948.08,18286.96
2526,ready,2,1,0,636,26996.48,31833.08
2527,ready,1,1,0,636,13151.78,17569.14
2528,ready,2,1,0,636,25244.3,29889.42
2529,ready,2,1,0,636,13317.59,17228.95
2530,ready,2,1,0,636,26991.65,31996.01
2531,ready,2,2,1,636,26114.3,31899.69
2532,ready,2,1,0,636,27274.11,31950.04
2533,ready,1,1,0,636,14565.12,18411.56
2534,ready,1,1,0,636,16164.86,21047.43
2535,ready,2,1,0,636,13314.11,17686.48
2536,ready,2,1,0,636,27533.35,32954.38
2537,ready,2,1,0,636,13327.02,18252.53
2538,ready,2,1,0,636,28100.21,32036.93
2539,ready,2,2,1,636,26034.13,30897.17
2540,ready,2,1,0,636,27007.57,31194.82
2541,ready,1,1,0,636,18462.09,24111.29
2542,ready,2,2,1,636,11800.69,63301.88
2543,ready,2,1,0,636,27002.73,32036.47
2544,ready,1,1,0,636,11789.36,19324.24
2545,ready,2,1,0,636,27485.31,32168.92
2546,ready,2,1,0,636,27801.4,33283.79
2547,ready,1,1,0,636,17809.89,22718.7
2548,ready,2,2,1,636,13317.35,19149.9
2549,ready,1,1,0,636,13151.61,17087.63
2550,ready,2,1,0,636,27281.59,32241.04
2551,ready,2,1,0,636,13317.32,17554.66
2552,ready,1,1,0,636,17084.37,21128.36
2553,ready,2,1,0,636,27362.94,31669.97
2554,ready,2,1,0,636,27041.33,31228.34
2555,ready,1,1,0,636,11798.8,16849.34
2556,ready,2,1,0,636,27238.17,32258.71
2557,ready,2,1,0,636,25581.95,30360.06
2558,ready,2,1,0,636,27000.29,31600.99
2559,ready,2,1,0,636,27273.93,31845.92
2560,ready,2,1,0,636,27008.28,31099.09
2561,ready,5,1,0,636,32218.63,37175.22
2562,ready,1,1,0,636,13104.57,18245.92
2563,ready,2,1,0,636,27012.8,31913.43
2564,ready,1,1,0,636,16783.04,21938.31
2565,ready,1,1,0,636,16181.85,21228.28
2566,ready,1,2,1,636,11165.17,64240.03
2567,ready,2,1,0,636,25880.47,29898.31
2568,ready,1,1,0,636,11794.29,17129.68
2569,ready,2,1,0,636,25811.58,30684.41
2570,ready,2,1,0,636,27007.51,31809.73
2571,ready,1,1,0,636,19626.68,24099.75
2572,ready,2,1,0,636,27030.22,32309.22
2573,ready,1,1,0,636,13948.1,19324.28
2574,ready,3,1,0,636,29038.4,34171.97
2575,ready,2,1,0,636,27041.79,31254.08
2576,ready,2,1,0,636,11803.26,27153.9
2577,ready,2,1,0,636,27607.08,31429.94
2578,ready,1,1,0,636,11802.5,16442.13
2579,ready,1,2,1,636,11165.55,16962.17
2580,ready,1,1,0,636,15216.96,20473.83
2581,ready,2,1,0,636,25366.77,29479.34
2582,ready,2,1,0,636,28074.92,33641.77
2583,ready,1,1,0,636,11789.54,16351.45
2584,ready,1,1,0,636,9719.78,17564.7
2585,ready,1,2,1,636,16684.55,21421.05
2586,ready,2,1,0,636,13359.87,18808.81
2587,ready,1,2,1,636,15678.11,20622.97
2588,ready,2,1,0,636,27548.51,32163.09
2589,ready,2,2,1,636,26024.01,31813.37
2590,ready,2,1,0,636,27009.92,31992.09
2591,ready,1,1,0,636,15678.28,20927.15
2592,ready,1,1,0,636,5747.75,14661.33
2593,ready,1,1,0,636,13117.12,17445.9
2594,ready,2,1,0,636,26150.01,30958.25
2595,ready,1,1,0,636,20494.47,24982.29
2596,ready,1,1,0,636,11165.14,32746.47
2597,ready,1,1,0,636,18403.41,23330.04
2598,ready,1,1,0,636,16881.67,21325.89
2599,ready,2,1,0,636,13327.04,18941.68
2600,ready,2,1,0,636,13327.31,17569.16
2601,ready,1,1,0,636,11791.64,16096.12
2602,ready,1,2,1,636,13913.88,65369.31
2603,ready,2,1,0,636,27599.54,31432.58
2604,ready,2,1,0,636,26002.99,31241.33
2605,ready,1,2,1,636,11793.38,28783.57
2606,ready,2,1,0,636,11803.39,27241.05
2607,ready,1,1,0,636,13174.09,18486.66
2608,ready,2,1,0,636,11803.42,16376.07
2609,ready,2,2,1,636,26195.72,31973.38
2610,ready,1,1,0,636,20516.25,25235.42
2611,ready,2,1,0,636,26003.06,30112.77
2612,ready,1,2,1,636,11791.2,29799.72
2613,ready,1,1,0,636,13104.24,17731.21
2614,ready,1,1,0,636,9720.08,25367.2
2615,ready,2,1,0,636,13353.34,17946.61
2616,ready,3,1,0,636,28455.6,33852.42
2617,ready,1,1,0,636,11796.58,17087.87
2618,ready,1,1,0,636,11791.54,16297.32
2619,ready,2,1,0,636,27024.95,32218.9
2620,ready,2,1,0,636,27014.27,31053.13
2621,ready,2,1,0,636,11803.94,17088.65
2622,ready,1,1,0,636,19198.49,23643.77
2623,ready,1,1,0,636,13151.95,18461.95
2624,ready,2,2,1,636,13327.39,18175.13
2625,ready,2,2,1,636,25529.23,29983.59
2626,ready,2,1,0,636,27508.07,32522.91
2627,ready,2,1,0,636,27030.13,32262.27
2628,ready,2,1,0,636,13371.82,18515.9
2629,ready,1,2,1,636,15150.78,20926.51
2630,ready,2,1,0,636,25607.62,29992.05
2631,ready,2,1,0,636,13345.41,20927.08
2632,ready,1,2,1,636,5748.39,17326.71
2633,ready,2,1,0,636,27008.3,31757.05
2634,ready,1,1,0,636,16684.34,20926.93
2635,ready,1,1,0,636,13914.19,19279.8
2636,ready,2,1,0,636,26087.53,30721.67
2637,ready,2,2,1,636,25923.9,30771.82
2638,ready,3,1,0,636,17248.04,21212.83
2639,ready,2,1,0,636,27021.06,30935.84
2640,ready,2,1,0,636,26219.79,31268.43
2641,ready,1,2,1,636,14086.02,19851.8
2642,ready,2,1,0,636,27039.62,31907.64
2643,ready,1,1,0,636,22405.96,28290.94
2644,ready,2,1,0,636,27021.11,31659.89
2645,ready,1,2,1,636,11789.4,17087.45
2646,ready,1,2,1,636,19048.72,24105.65
2647,ready,2,1,0,636,27285.23,32171.09
2648,ready,1,1,0,636,18319.08,22500.81
2649,ready,2,1,0,636,26108.14,30637.02
2650,ready,4,1,0,636,30313.48,34759.14
2651,ready,1,1,0,636,21814.88,25962.29
2652,ready,3,1,0,636,28501.62,33284
2653,ready,1,1,0,636,11792.5,19253.25
2654,ready,2,1,0,636,13326.99,18842.9
2655,ready,2,1,0,636,27009.21,32220.6
2656,ready,2,2,1,636,13341.64,25711.17
2657,ready,1,1,0,636,13880.37,22074.02
2658,ready,1,1,0,636,17130.09,20960.74
2659,ready,1,1,0,636,16309.93,21029.18
2660,ready,1,1,0,636,11164.5,16376.11
2661,ready,2,1,0,636,13326.53,28775.24
2662,ready,1,2,1,636,11791.43,23521.5
2663,ready,2,1,0,636,27043.27,31045.54
2664,ready,2,1,0,636,27531.8,31664.91
2665,ready,1,1,0,636,13914.34,19142.41
2666,ready,3,1,0,636,27850.61,32900.8
2667,ready,3,1,0,636,28230.98,32863.16
2668,ready,2,1,0,636,26037,30935.81
2669,ready,2,1,0,636,25508.71,30763.14
2670,ready,2,1,0,636,27032.27,31241.1
2671,ready,1,2,1,636,20923.81,26948.46
2672,ready,2,1,0,636,25536.89,30775.78
2673,ready,3,1,0,636,28250.6,32307.59
2674,notice_fetch_failed,2,3,2,240,25986.82,27873.33
2675,ready,1,1,0,636,13110.96,27465.32
2676,ready,2,1,0,636,27033.03,32220.26
2677,ready,1,1,0,636,9720.05,16927.45
2678,ready,2,2,1,636,27539.93,32308.37
2679,ready,2,1,0,636,11804.38,16602.26
2680,ready,1,1,0,636,22228.87,26309.6
2681,ready,3,1,0,636,29248.88,33428.16
2682,ready,2,1,0,636,27008.2,32107.69
2683,ready,2,1,0,636,13340.77,17236.54
2684,ready,2,1,0,636,25739.21,30710.8
2685,ready,1,1,0,636,13943.44,24232.12
2686,ready,1,1,0,636,11799.82,16356.61
2687,ready,1,1,0,636,13110.98,28257.78
2688,ready,1,1,0,636,17983.93,23098.7
2689,ready,2,1,0,636,27032.95,31138.31
2690,ready,3,1,0,636,29356.73,33952.79
2691,ready,1,1,0,636,13103.97,20339.88
2692,ready,1,1,0,636,13870.36,18121.73
2693,ready,1,2,1,636,11792.15,64096.93
2694,ready,1,1,0,636,13940.77,19253.45
2695,ready,2,1,0,636,27008.16,31488.16
2696,ready,3,1,0,636,17966.23,22532.47
2697,ready,1,1,0,636,20542.14,25441.1
2698,ready,1,1,0,636,13117.15,25132.45
2699,ready,2,1,0,636,13309.63,18593.05
2700,ready,2,1,0,636,25801.25,30987.49
2701,ready,2,1,0,636,25710.94,30794.63
2702,ready,3,1,0,636,28921.04,33494.32
2703,ready,1,1,0,636,11791.41,20328.04
2704,ready,1,2,1,636,13150.73,66457.44
2705,ready,2,1,0,636,27621.96,32414.51
2706,ready,2,1,0,636,27002.75,32036.9
2707,ready,1,1,0,636,13149.61,18353.91
2708,ready,2,1,0,636,26050.98,29899.46
2709,ready,2,1,0,636,27362.89,31800.09
2710,ready,2,1,0,636,11801.47,17129.38
2711,ready,1,1,0,636,11165.49,16407.23
2712,ready,1,1,0,636,17767.97,21742.8
2713,ready,1,1,0,636,11165.08,28746.42
2714,ready,1,1,0,636,20423.86,25132.84
2715,ready,2,1,0,636,25773.02,30034.81
2716,ready,2,1,0,636,25978.7,30893.61
2717,ready,2,1,0,636,25885.18,30036.55
2718,ready,2,1,0,636,13326.29,18122.05
2719,ready,1,1,0,636,11789.59,16748.43
2720,ready,2,1,0,636,27531.83,31974.62
2721,ready,1,1,0,636,11792.4,27462.3
2722,ready,1,1,0,636,18122.42,21861.88
2723,ready,2,1,0,636,25940.93,30517.47
2724,ready,2,1,0,636,25254.21,29518.18
2725,ready,2,1,0,636,27387.82,31810.78
2726,ready,1,2,1,636,13689.74,18512.42
2727,ready,1,1,0,636,18236.85,22996.39
2728,ready,1,1,0,636,11791.08,16815.83
2729,ready,1,1,0,636,13150.42,18123.2
2730,ready,1,1,0,636,11796.82,32390.12
2731,ready,1,1,0,636,21809.81,25978.64
2732,ready,3,1,0,636,28974.67,33339.53
2733,ready,1,2,1,636,21255.58,26998.7
2734,ready,1,1,0,636,11793.49,16051.91
2735,ready,2,1,0,636,11802.24,16384.96
2736,ready,1,1,0,636,11799.84,17087.15
2737,ready,2,1,0,636,27031.01,31034.94
2738,ready,2,1,0,636,13343.07,18978.18
2739,ready,1,1,0,636,11164.97,22253.27
2740,ready,1,1,0,636,11164.37,18039.5
2741,ready,1,1,0,636,13150.63,18374.08
2742,ready,1,1,0,636,19970.94,25131.88
2743,ready,1,2,1,636,11165.66,16814.49
2744,ready,1,1,0,636,13913.35,18242.1
2745,ready,2,1,0,636,25894.59,29800.19
2746,ready,2,1,0,636,25792.94,30386.54
2747,ready,2,2,1,636,27268.35,33326.18
2748,ready,1,1,0,636,11165.47,18060.41
2749,ready,1,1,0,636,21655.14,26668.13
2750,ready,2,1,0,636,26212.63,30575.4
2751,ready,1,1,0,636,11166.8,26488.44
2752,ready,2,2,1,636,11800.54,24101.58
2753,ready,1,1,0,636,21603.89,25551.48
2754,ready,1,1,0,636,11166.15,18014.25
2755,ready,1,1,0,636,21603.87,25786.48
2756,ready,2,1,0,636,27515.02,32167.05
2757,ready,2,1,0,636,27742.41,32345.74
2758,ready,2,1,0,636,11800.92,16818.96
2759,ready,2,1,0,636,27030.18,31009.78
2760,ready,1,1,0,636,16698.39,20927.26
2761,ready,2,1,0,636,13342.33,19376.3
2762,ready,1,1,0,636,11164.78,19912.7
2763,ready,1,2,1,636,21801.44,27137.46
2764,ready,2,1,0,636,27537.96,32941.1
2765,ready,2,1,0,636,25798.26,30844.95
2766,ready,1,1,0,636,11791.07,26309.5
2767,ready,1,1,0,636,13870.52,18527.04
2768,ready,1,1,0,636,14404.52,19506.62
2769,ready,1,2,1,636,11793.29,30688.9
2770,ready,2,1,0,636,27028.16,32307.97
2771,ready,2,1,0,636,11802.06,16960.02
2772,ready,2,1,0,636,27021.12,32107.75
2773,ready,1,1,0,636,9720.51,19198.7
2774,ready,2,1,0,636,26249.73,30099.26
2775,ready,1,1,0,636,11164.58,17919.14
2776,ready,2,1,0,636,27030.02,32265.66
2777,ready,1,2,1,636,13914.64,20035.28
2778,ready,2,1,0,636,27536.42,31333.59
2779,ready,3,1,0,636,29153.8,34031.11
2780,ready,1,1,0,636,11797.77,25367.31
2781,ready,3,1,0,636,15898.86,19733.46
2782,ready,1,2,1,636,20576.71,27169.43
2783,ready,2,1,0,636,27281.29,31994.71
2784,ready,1,1,0,636,15678.2,20007.33
2785,ready,2,2,1,636,13342.75,18856.23
2786,ready,1,1,0,636,13150.96,20519.76
2787,ready,3,1,0,636,29298.7,34084.76
2788,ready,1,1,0,636,9719.37,18894.61
2789,ready,1,1,0,636,18907.27,22992.77
2790,ready,2,2,1,636,13326.46,29669.9
2791,ready,3,1,0,636,28800.64,32894.62
2792,ready,1,1,0,636,13151.65,17088.13
2793,ready,1,1,0,636,16684.29,20927.31
2794,ready,2,1,0,636,25921.89,30722.38
2795,ready,2,1,0,636,27471.92,32265.77
2796,ready,1,1,0,636,19031.91,24126.16
2797,ready,2,1,0,636,27284.47,32083.94
2798,ready,2,1,0,636,27394.18,32167.16
2799,ready,2,1,0,636,27215.3,31875.38
2800,ready,2,1,0,636,27000.48,31898.98
2801,ready,2,1,0,636,27847.53,32700.88
2802,ready,1,2,1,636,11162.53,64285.76
2803,ready,2,1,0,636,27271.92,32414.18
2804,ready,2,1,0,636,25938.75,30427.32
2805,ready,2,1,0,636,25564.97,30891.19
2806,ready,1,1,0,636,21139.86,25577.83
2807,ready,1,2,1,636,9719.79,25367.12
2808,ready,2,1,0,636,13342.53,18123.05
2809,ready,3,1,0,636,28423.03,33816.76
2810,ready,2,1,0,636,26083.56,30832.32
2811,ready,1,1,0,636,13962.21,19149.85
2812,notice_fetch_failed,2,3,2,240,13353.54,15615.34
2813,ready,1,1,0,636,9719.11,31811.16
2814,ready,1,1,0,636,11166.27,25131.79
2815,ready,3,1,0,636,29450.14,34254.31
2816,ready,1,1,0,636,13892.09,18004.65
2817,ready,1,3,2,636,9720.12,17549.7
2818,ready,1,2,1,636,15173.13,20473.9
2819,ready,2,1,0,636,25952.41,30530.7
2820,ready,2,1,0,636,25916.19,30412.51
2821,ready,2,1,0,636,25930.13,29919.33
2822,ready,2,1,0,636,27009.15,31993.37
2823,ready,1,1,0,636,13913.59,19196.5
2824,ready,1,2,1,636,17281.47,22642.63
2825,ready,2,1,0,636,27854.17,32179.96
2826,ready,2,1,0,636,27028.25,32036.63
2827,ready,1,1,0,636,16161.46,20114.22
2828,ready,2,1,0,636,26248.41,31278.05
2829,ready,2,1,0,636,27008.14,30889.21
2830,ready,2,1,0,636,13359.92,21064.92
2831,ready,1,2,1,636,11165.48,63204.3
2832,ready,2,1,0,636,13341.69,26880.07
2833,ready,2,1,0,636,27277.59,32522.82
2834,ready,1,2,1,636,13151.56,29450.36
2835,ready,2,1,0,636,27862.23,32212.09
2836,ready,2,1,0,636,25850.83,30081.63
2837,ready,2,1,0,636,26085.2,30908.27
2838,ready,2,1,0,636,13341.53,21569.72
2839,ready,1,2,1,636,13901.81,64804.78
2840,notice_fetch_failed,3,3,2,240,16316.31,18246.75
2841,ready,2,1,0,636,26274.82,30831.04
2842,ready,1,1,0,636,11787.94,16340.79
2843,ready,1,1,0,636,14404.58,19662.04
2844,ready,2,1,0,636,27216.24,31146
2845,ready,1,1,0,636,14012.14,19062.47
2846,ready,2,1,0,636,25806.28,30523.13
2847,ready,2,1,0,636,27531.82,32037.02
2848,ready,2,1,0,636,25657.79,30722.6
2849,ready,2,1,0,636,13325.76,28295.68
2850,ready,1,1,0,636,13901.58,24101.42
2851,ready,3,1,0,636,29131.73,33868.28
2852,ready,2,1,0,636,26046.25,30317.94
2853,ready,1,2,1,636,13880.82,19040.24
2854,ready,1,1,0,636,13149.53,17921.07
2855,ready,1,1,0,636,17150.85,21616.45
2856,ready,2,1,0,636,26992.04,31712.2
2857,ready,1,2,1,636,9719.65,17194.16
2858,ready,1,1,0,636,16289.98,20927.46
2859,ready,1,1,0,636,17241.82,21183.09
2860,ready,2,2,1,636,25923.86,30833.33
2861,ready,2,2,1,636,25405.37,30818.67
2862,ready,2,1,0,636,27000.05,31567.33
2863,ready,3,1,0,636,17594.02,21802.92
2864,ready,1,2,1,636,20296.16,25367.34
2865,ready,1,1,0,636,11791.76,16814.39
2866,ready,2,1,0,636,27014.9,31229.78
2867,ready,1,1,0,636,13939.12,19335.04
2868,ready,3,1,0,636,28070.14,32218.99
2869,ready,1,1,0,636,11796.19,26309.55
2870,ready,2,2,1,636,11804.02,63393.8
2871,ready,1,1,0,636,14177.9,19526.23
2872,ready,2,1,0,636,27275.72,31504.44
2873,ready,2,1,0,636,13327.23,17547.45
2874,ready,1,2,1,636,13117.76,18373.75
2875,ready,2,1,0,636,25686.81,30213.61
2876,ready,1,1,0,636,17678.35,23110.84
2877,ready,1,1,0,636,11789.03,27277.64
2878,ready,2,1,0,636,26998.38,30990.99
2879,ready,2,1,0,636,27854.24,31847.88
2880,ready,1,1,0,636,16966.45,21092.9
2881,ready,1,1,0,636,17666.55,21461.53
2882,ready,3,1,0,636,28771.16,33953.99
2883,ready,2,1,0,636,13326.81,17230.19
2884,ready,2,1,0,636,27280.6,31813.19
2885,ready,2,3,2,636,11804.23,63442.17
2886,ready,5,1,0,636,29289.8,33370.27
2887,ready,1,1,0,636,21117.56,25367.29
2888,ready,2,1,0,636,26106.26,30427.59
2889,ready,2,1,0,636,25990.63,29706.08
2890,ready,1,1,0,636,13870.85,18121.07
2891,ready,1,1,0,636,14365.62,19016.15
2892,ready,3,2,1,636,23249.02,28764.28
2893,ready,2,1,0,636,25938.81,30365.52
2894,ready,1,1,0,636,18289.59,23338.59
2895,ready,1,1,0,636,11163.01,17163.7
2896,ready,1,1,0,636,11165.71,16339.95
2897,ready,2,1,0,636,27882.46,31877.87
2898,ready,1,1,0,636,13111.2,21616.48
2899,ready,2,1,0,636,25801.35,29553.66
2900,ready,1,1,0,636,13880.41,18173.16
2901,ready,1,1,0,636,11788.31,16855.6
2902,ready,2,1,0,636,27014.46,30978.89
2903,ready,1,1,0,636,11794.81,27134.23
2904,ready,3,1,0,636,27529.88,31437.99
2905,ready,1,1,0,636,11791.66,16909.06
2906,ready,2,1,0,636,25806.26,29794.41
2907,ready,1,2,1,636,11788.46,18121.96
2908,ready,2,1,0,636,27028.29,31814.07
2909,ready,2,1,0,636,27026.54,32069.65
2910,ready,2,1,0,636,27536.3,31932.03
2911,ready,1,1,0,636,20152.08,24426.43
2912,ready,1,1,0,636,11163.97,31484.52
2913,ready,2,1,0,636,25608.21,29586.9
2914,ready,2,3,2,636,11800.6,64171.33
2915,ready,1,1,0,636,13901.4,18229.38
2916,ready,1,1,0,636,11799.13,16257.75
2917,ready,2,1,0,636,25481.19,29563.81
2918,ready,1,1,0,636,11792.84,16378.08
2919,ready,2,1,0,636,26052.49,30669.27
2920,ready,1,1,0,636,13174.02,18004.88
2921,ready,2,1,0,636,28000.53,32800.08
2922,ready,3,1,0,636,15490.73,20328.09
2923,ready,2,1,0,636,13344.91,18120.69
2924,ready,3,2,1,636,28702.32,33640.3
2925,ready,2,1,0,636,13386.18,18437.34
2926,ready,1,2,1,636,11803.65,16937.56
2927,ready,2,1,0,636,27690.78,31568.81
2928,ready,1,1,0,636,13149.37,17915.57
2929,ready,1,1,0,636,11799.43,16775.7
2930,ready,1,1,0,636,16111.09,20926.69
2931,ready,1,1,0,636,11792.9,16051.99
2932,ready,2,2,1,636,27601.07,33952.77
2933,ready,2,2,1,636,27235.22,33285.58
2934,ready,3,1,0,636,28624.19,32495.98
2935,ready,2,1,0,636,27022.82,32257.94
2936,ready,1,1,0,636,13913.5,18446.03
2937,ready,1,2,1,636,11164,29008.36
2938,ready,1,1,0,636,15146.42,19812.5
2939,ready,3,1,0,636,28502.59,32264.25
2940,ready,1,1,0,636,13104.86,17088.24
2941,ready,1,3,2,636,11164.18,63577.48
2942,ready,2,1,0,636,27024.02,32010.26
2943,ready,1,1,0,636,11798.35,16858.72
2944,ready,2,2,1,636,13371.79,19145.09
2945,ready,1,1,0,636,11788.2,16268.26
2946,ready,2,1,0,636,25397.01,30368.03
2947,ready,1,1,0,636,13892.15,19016.1
2948,ready,2,1,0,636,25129.06,29393.72
2949,ready,2,1,0,636,27850.63,32915.82
2950,ready,1,1,0,636,13901.88,18398.95
2951,ready,1,1,0,636,21232.2,25985.45
2952,ready,1,1,0,636,14028.77,19384.95
2953,ready,1,1,0,636,13104.7,18087.95
2954,ready,3,1,0,636,27547.02,31899.96
2955,ready,1,1,0,636,13914.25,18246.06
2956,ready,2,1,0,636,28050.3,32774.05
2957,ready,1,1,0,636,13914.53,18122.28
2958,ready,2,1,0,636,27548.4,32166.55
2959,ready,1,1,0,636,11167.01,32996.4
2960,ready,1,1,0,636,5747.8,14661.73
2961,ready,1,1,0,636,11789.74,16526.88
2962,ready,1,1,0,636,11793.84,16263.81
2963,ready,1,1,0,636,15843.49,20926.96
2964,ready,2,1,0,636,25844.85,30288.44
2965,ready,2,1,0,636,27030.2,31268.67
2966,ready,4,2,1,636,30788.22,36042.59
2967,ready,1,1,0,636,18483.08,22969.73
2968,ready,2,1,0,636,27044.82,31402.21
2969,ready,1,1,0,636,22230.21,28279.78
2970,ready,1,1,0,636,13150.11,18538.32
2971,ready,1,1,0,636,21064.84,25132.87
2972,ready,2,1,0,636,27026.77,31538.55
2973,ready,1,2,1,636,13913.52,19090.12
2974,ready,1,1,0,636,17130,21970.12
2975,ready,1,1,0,636,13104.08,17925.7
2976,ready,2,1,0,636,27009.41,32170.97
2977,ready,3,1,0,636,29487.93,33941.96
2978,ready,2,1,0,636,25366.85,30681.96
2979,ready,1,1,0,636,9719.2,16671.19
2980,ready,2,1,0,636,26177.23,30314.74
2981,ready,1,1,0,636,13901.3,21902.9
2982,ready,1,1,0,636,9719.31,26744.19
2983,ready,1,1,0,636,11164.46,18052.77
2984,ready,1,1,0,636,15843.83,21337.99
2985,ready,2,1,0,636,13317.05,17192.91
2986,ready,1,1,0,636,11794.8,16124.95
2987,ready,1,2,1,636,11799.2,62682.47
2988,ready,2,1,0,636,27034.9,30883.78
2989,ready,1,2,1,636,11791.86,16892.02
2990,ready,1,1,0,636,13940.79,18678.96
2991,ready,3,1,0,636,29012.67,33431.73
2992,ready,1,1,0,636,13152.15,18441.06
2993,ready,1,1,0,636,13880.96,18447.55
2994,ready,2,1,0,636,28001.77,32816.63
2995,ready,2,1,0,636,26174.86,30998.28
2996,ready,2,1,0,636,26041.42,30081.83
2997,ready,2,1,0,636,27842.67,31911.77
2998,ready,2,1,0,636,27281.17,32799.61
2999,ready,2,1,0,636,27547.4,32580.61
3000,ready,3,2,1,636,31195.1,37165.17
3001,ready,1,1,0,636,13104.23,18512.44
3002,ready,1,2,1,636,13151.14,26211.17
3003,ready,2,1,0,636,11801.12,17088.12
3004,ready,2,1,0,636,13384,18004.36
3005,ready,3,1,0,636,16855.69,21957.15
3006,ready,2,1,0,636,25650.26,30691.89
3007,ready,2,2,1,636,27495.05,32459.06
3008,ready,2,2,1,636,25527.89,31711.92
3009,ready,2,1,0,636,26126.03,29963.77
3010,ready,1,1,0,636,15843.51,21083.06
3011,ready,1,1,0,636,11798.09,18106.84
3012,ready,1,1,0,636,11165.1,23653.87
3013,ready,2,2,1,636,26021.16,31809.88
3014,ready,3,2,1,636,28945.46,33301.03
3015,ready,2,2,1,636,13371.66,19834.29
3016,ready,1,1,0,636,17085.61,21762.94
3017,ready,1,1,0,636,13110.69,18559.89
3018,ready,2,1,0,636,27041.35,31756.93
3019,ready,3,1,0,636,17803.53,23144.5
3020,ready,1,1,0,636,21505.81,26454.03
3021,ready,1,1,0,636,13949.69,18207.37
3022,ready,2,1,0,636,27285.14,31081.8
3023,ready,1,1,0,636,13689.69,18508.48
3024,ready,2,1,0,636,25978.67,30652.96
3025,ready,3,1,0,636,28800.68,32827.67
3026,ready,1,1,0,636,13104.11,18004.8
3027,ready,1,1,0,636,17948.93,22847.07
3028,ready,2,1,0,636,27738.92,32799.77
3029,ready,2,1,0,636,27271.98,32464.14
3030,ready,1,1,0,636,21258.64,26270.65
3031,ready,2,1,0,636,27016.64,31812.89
3032,ready,2,1,0,636,27404.98,32455.3
3033,ready,1,1,0,636,13151.02,18418.88
3034,ready,2,1,0,636,25850.87,30412.39
3035,ready,3,1,0,636,29151.53,33879.11
3036,ready,1,1,0,636,13941.81,18004.43
3037,ready,3,1,0,636,16096.54,20339.9
3038,ready,1,1,0,636,20451.75,25132.97
3039,ready,1,2,1,636,13952.92,19063.74
3040,ready,2,1,0,636,27385.18,32487.82
3041,ready,1,3,2,636,16965.53,24982.22
3042,ready,2,1,0,636,13345.33,18121.51
3043,ready,3,1,0,636,28136.85,32840.03
3044,ready,2,1,0,636,27031.1,32123.12
3045,ready,2,1,0,636,13325.48,17187.96
3046,ready,2,1,0,636,13345.47,18173.29
3047,ready,1,2,1,636,14900.49,19507.9
3048,ready,1,2,1,636,13914.57,66153.08
3049,ready,1,2,1,636,13104.05,29407.64
3050,ready,2,1,0,636,27041.39,32311.8
3051,ready,1,2,1,636,11789.44,63609.28
3052,ready,2,1,0,636,25767.85,30122.05
3053,ready,2,2,1,636,26219.97,31814
3054,ready,2,1,0,636,28058.55,32389.81
3055,ready,1,1,0,636,17677.11,23303.3
3056,ready,3,1,0,636,15253.98,19835.78
3057,ready,2,1,0,636,27238.06,32189.51
3058,ready,2,1,0,636,27528.49,32879.74
3059,ready,2,1,0,636,25952.43,30293.06
3060,ready,1,1,0,636,16698.26,20605.96
3061,ready,2,1,0,636,27009.36,31713.51
3062,ready,2,1,0,636,27000.32,32122.88
3063,ready,1,1,0,636,13881.19,18307.85
3064,ready,1,1,0,636,13941.83,19034.22
3065,ready,2,1,0,636,13384.03,26824.78
3066,ready,1,2,1,636,11794.12,30611.69
3067,ready,1,1,0,636,13951.03,19279.7
3068,ready,1,1,0,636,17189.34,21452.26
3069,ready,2,1,0,636,27280.04,31181.03
3070,ready,2,1,0,636,27233.07,32257.82
3071,ready,2,1,0,636,27374.83,32042.2
3072,ready,1,1,0,636,20589.67,25441.08
3073,ready,2,1,0,636,25993.2,30165.14
3074,ready,2,1,0,636,28052.69,31950.65
3075,ready,2,2,1,636,11804.35,63507.14
3076,ready,2,1,0,636,26041.35,30454.53
3077,ready,2,1,0,636,13316.91,18107.08
3078,ready,1,1,0,636,15230.73,19279.46
3079,ready,1,1,0,636,9719.33,26096.55
3080,ready,2,1,0,636,13327.48,18367.2
3081,ready,2,2,1,636,27638.52,33409.12
3082,ready,1,1,0,636,13104.13,17180.28
3083,ready,1,1,0,636,14177.97,19433.01
3084,ready,2,1,0,636,25318.96,29938.25
3085,ready,2,1,0,636,11803.08,16628.15
3086,ready,3,1,0,636,29296.82,34483.56
3087,ready,1,2,1,636,11797.13,63235.63
3088,ready,1,1,0,636,19096.44,25132.02
3089,ready,2,1,0,636,26033.42,30908.21
3090,ready,1,1,0,636,18814.82,23688.14
3091,ready,2,1,0,636,27290.71,32448.35
3092,ready,2,1,0,636,27630.42,31451.63
3093,ready,2,1,0,636,13314.19,18508.53
3094,ready,2,1,0,636,27021.05,31112.69
3095,ready,1,1,0,636,20923.61,25133.07
3096,ready,2,1,0,636,28103,32212.01
3097,ready,2,1,0,636,27234.76,32084.45
3098,ready,2,1,0,636,25392.97,29785.14
3099,ready,1,2,1,636,11788,17731.43
3100,ready,1,1,0,636,11797.22,16378.11
3101,ready,1,1,0,636,18003.84,22303.19
3102,ready,1,1,0,636,11166.92,24103.84
3103,ready,2,1,0,636,27033.04,30899.73
3104,ready,2,1,0,636,27516.59,32009.92
3105,ready,2,1,0,636,25878.62,30288.28
3106,ready,1,1,0,636,13913.58,19089.55
3107,ready,1,2,1,636,5748.74,26438.17
3108,ready,2,1,0,636,25840.95,30947.78
3109,ready,2,1,0,636,27740.18,31455.22
3110,ready,1,2,1,636,11791.45,62489.4
3111,ready,2,1,0,636,25318.85,30290.96
3112,ready,2,1,0,636,27014.49,31584.47
3113,ready,1,2,1,636,13883.64,64833.45
3114,ready,1,1,0,636,18384.08,23688.18
3115,ready,1,1,0,636,11794.18,17088.03
3116,ready,1,1,0,636,13149.36,17421.87
3117,ready,1,1,0,636,11787.1,17088
3118,ready,1,1,0,636,16881.59,20927.18
3119,ready,2,1,0,636,26235.44,30678.75
3120,ready,3,1,0,636,16314.91,21447.04
3121,ready,2,1,0,636,13342.24,18441.19
3122,ready,2,1,0,636,25997.94,31279.59
3123,ready,2,1,0,636,13340.93,17394.1
3124,ready,2,1,0,636,27237.07,32264.19
3125,ready,2,1,0,636,25556.49,30384.87
3126,ready,1,1,0,636,13901.33,19332.92
3127,ready,2,2,1,636,27041.97,31964.12
3128,ready,1,1,0,636,13150.54,17569.12
3129,ready,1,3,2,636,13151.09,20444.46
3130,ready,1,1,0,636,18038.88,23191.41
3131,ready,1,2,1,636,11799.53,18175.3
3132,ready,1,1,0,636,11166.06,32777.63
3133,ready,2,1,0,636,27014.91,32010.03
3134,ready,2,1,0,636,25923.93,31126.82
3135,ready,2,2,1,636,27273.97,32056.3
3136,ready,2,1,0,636,27044.98,31001.3
3137,ready,1,1,0,636,9719.93,26153.9
3138,ready,2,1,0,636,26051.02,30808.55
3139,ready,2,1,0,636,27014.86,30881.25
3140,ready,1,1,0,636,5748.27,14641.21
3141,ready,2,2,1,636,25747.94,31106.9
3142,ready,2,1,0,636,13353.22,18207.2
3143,ready,3,1,0,636,29430.09,34990.7
3144,ready,1,1,0,636,11788.05,16849.15
3145,ready,1,1,0,636,13902.06,19160
3146,ready,2,1,0,636,25750.86,30059.05
3147,ready,1,1,0,636,11792.92,20520.51
3148,ready,1,1,0,636,17806.74,22203.88
3149,ready,2,1,0,636,27000.52,32169.1
3150,ready,1,1,0,636,13152.7,17563.16
3151,ready,1,1,0,636,18486.38,25416.77
3152,ready,1,1,0,636,11802.51,16051.93
3153,ready,2,1,0,636,25226.9,30582.87
3154,ready,1,1,0,636,13110.45,18144.03
3155,ready,2,2,1,636,13314.23,24111.11
3156,ready,1,1,0,636,18218.42,22046.3
3157,ready,2,1,0,636,13365.88,18205.76
3158,ready,2,2,1,636,27539.95,32256.05
3159,ready,2,1,0,636,11801.9,16700.81
3160,ready,2,1,0,636,25128.97,29638.98
3161,ready,1,1,0,636,22856.43,27000.58
3162,ready,3,1,0,636,28801.92,34009.09
3163,ready,1,2,1,636,16698.59,21818.22
3164,ready,2,1,0,636,26010.1,30720.52
3165,ready,1,1,0,636,19208.99,24982.15
3166,ready,1,1,0,636,20924.13,25620.81
3167,ready,1,1,0,636,11162.33,17419.98
3168,ready,2,1,0,636,27284.38,32055.98
3169,ready,1,1,0,636,13945.32,18295.93
3170,ready,1,1,0,636,14160.68,18202.92
3171,ready,1,1,0,636,19443.66,23643.84
3172,ready,1,1,0,636,11791.91,16229.29
3173,ready,1,1,0,636,20377.26,25132.13
3174,ready,1,1,0,636,14365.54,29276.89
3175,ready,2,1,0,636,27043.62,31123.75
3176,ready,2,1,0,636,11803.37,29013.98
3177,ready,1,1,0,636,16666.84,21818.16
3178,ready,2,1,0,636,27035.06,31415.56
3179,ready,1,1,0,636,11797.61,16698.87
3180,ready,1,1,0,636,20152.2,24982.55
3181,ready,2,1,0,636,25889.67,30155.85
3182,ready,2,1,0,636,13342.96,17566.4
3183,ready,1,1,0,636,21708.06,26998.73
3184,ready,2,1,0,636,27014.55,32108.48
3185,ready,1,1,0,636,13870.45,19253.17
3186,ready,2,1,0,636,27026.59,31145.76
3187,ready,1,1,0,636,17085.74,22211.03
3188,ready,1,1,0,636,16994.95,21374.67
3189,ready,2,1,0,636,13317.42,27099.38
3190,ready,1,1,0,636,14786.25,19509.23
3191,ready,2,1,0,636,27284.96,32041.9
3192,ready,3,1,0,636,23678.57,28779.19
3193,ready,1,1,0,636,5748.67,12910.02
3194,ready,2,1,0,636,13365.89,18860.41
3195,ready,2,1,0,636,13343.08,17913.13
3196,ready,1,1,0,636,18514.58,23191.31
3197,ready,3,1,0,636,15658.91,20636.82
3198,ready,2,1,0,636,25541.38,30419.02
3199,ready,1,1,0,636,21703.02,25735.48
3200,ready,2,1,0,636,25938.82,30362.84
3201,ready,2,1,0,636,27284.68,32218.85
3202,ready,1,3,2,636,14057.06,67015.63
3203,ready,2,1,0,636,27272.1,31976.07
3204,ready,2,1,0,636,27007.49,30823.39
3205,ready,1,2,1,636,21269.02,26375.24
3206,ready,1,2,1,636,11787.97,29478.41
3207,ready,1,1,0,636,9719.72,32174.91
3208,ready,2,1,0,636,27211.13,31810.72
3209,ready,1,2,1,636,17511.3,22273.36
3210,ready,2,2,1,636,27275.64,32783.78
3211,ready,2,1,0,636,27016.62,31992.17
3212,ready,1,2,1,636,13149.81,19163
3213,ready,1,1,0,636,15185.06,19318.09
3214,ready,1,1,0,636,13902.01,18975.29
3215,ready,2,1,0,636,27042.09,32219.98
3216,ready,2,1,0,636,13343.31,26854.31
3217,ready,1,2,1,636,13913.45,31723.33
3218,ready,2,2,1,636,11801.96,29548.5
3219,ready,2,1,0,636,25976.49,31147.49
3220,ready,2,1,0,636,27870.71,33299.97
3221,ready,2,1,0,636,27002.7,31813.44
3222,ready,1,1,0,636,17130.1,20927.39
3223,ready,1,2,1,636,13935.07,65413.23
3224,ready,1,1,0,636,18039.11,22281.76
3225,ready,2,1,0,636,26193.65,31074.22
3226,ready,1,1,0,636,16310.78,21370.84
3227,ready,1,1,0,636,17598.87,21387.37
3228,ready,2,1,0,636,27285,32311.61
3229,ready,1,1,0,636,13152.43,17089.45
3230,ready,2,1,0,636,25747.98,29872.84
3231,ready,2,1,0,636,27531.71,31593.8
3232,ready,1,1,0,636,15843.66,19618.35
3233,ready,1,1,0,636,13105,18398.6
3234,ready,2,1,0,636,11800.31,18093.75
3235,ready,2,2,1,636,25128.95,30726.9
3236,ready,2,1,0,636,11802.23,17088.16
3237,ready,1,2,1,636,13151.29,30444.42
3238,ready,1,1,0,636,16787.8,21933.48
3239,ready,3,1,0,636,29592.95,35055.55
3240,ready,1,1,0,636,13880.32,21623.71
3241,ready,2,1,0,636,28094.87,32311.75
3242,ready,1,1,0,636,13917.19,26878.26
3243,ready,1,1,0,636,16684.51,21610.44
3244,ready,2,1,0,636,27033.01,32308.98
3245,ready,1,1,0,636,13937.26,19009.4
3246,ready,1,1,0,636,11796.9,16232.71
3247,ready,2,1,0,636,13369.46,18456.87
3248,ready,2,1,0,636,13353.66,18481.47
3249,ready,3,1,0,636,29164.16,33941.84
3250,ready,2,2,1,636,13341.87,31549.33
3251,ready,2,1,0,636,27273.98,32554.99
3252,ready,3,2,1,636,28525.8,33941.94
3253,ready,1,2,1,636,13880.84,19650.7
3254,ready,2,1,0,636,25836.41,30213.5
3255,ready,2,1,0,636,13383.9,18173.42
3256,ready,2,1,0,636,11804.39,17361.7
3257,ready,2,1,0,636,27041.9,31674.62
3258,ready,1,1,0,636,16287.86,21064.95
3259,ready,1,1,0,636,11799.54,16351.39
3260,ready,1,1,0,636,11164.93,18692.24
3261,ready,1,1,0,636,20296.11,25131.73
3262,ready,1,1,0,636,5748.83,14640.06
3263,ready,1,1,0,636,13150.32,18285.45
3264,ready,2,1,0,636,27020.81,31013.9
3265,ready,1,1,0,636,15185.08,19886.32
3266,ready,1,1,0,636,11162.27,24426.69
3267,ready,1,1,0,636,13880.38,19154.59
3268,ready,2,1,0,636,11800.47,17087.36
3269,ready,1,2,1,636,13151.48,29511.93
3270,ready,2,1,0,636,11800.36,17946.68
3271,ready,1,1,0,636,17279.75,21606.39
3272,ready,2,1,0,636,13371.89,18121.75
3273,ready,1,1,0,636,16881.64,21621.49
3274,ready,1,1,0,636,11793.85,18696.56
3275,ready,1,1,0,636,15828.46,19970.15
3276,ready,1,1,0,636,18759.03,22965.11
3277,ready,1,2,1,636,21064.86,25782.84
3278,ready,2,1,0,636,27533.28,33051.03
3279,ready,2,1,0,636,27275.57,31968.65
3280,ready,1,1,0,636,11799.63,16432.9
3281,ready,1,1,0,636,13151.51,18697.27
3282,ready,1,2,1,636,18039.17,24100.24
3283,ready,1,1,0,636,21088.81,26221.3
3284,ready,2,1,0,636,27618.9,32065.23
3285,ready,2,1,0,636,25577.89,30077.37
3286,ready,3,1,0,636,28124.08,31971.96
3287,ready,2,1,0,636,11800.48,26148.64
3288,ready,3,1,0,636,28333.91,32166.13
3289,ready,2,1,0,636,25865.7,30379.35
3290,ready,1,1,0,636,17085.57,21374.86
3291,ready,2,1,0,636,13316.93,17221.79
3292,ready,2,2,1,636,13345.37,19465.78
3293,ready,1,3,2,636,13150.31,19280.14
3294,ready,2,1,0,636,13380.97,18207.43
3295,ready,2,1,0,636,25996.56,30818.64
3296,notice_fetch_failed,1,3,2,240,14405.18,16339.93
3297,ready,2,1,0,636,13383.7,18456.09
3298,ready,1,1,0,636,11788.3,23481.05
3299,ready,2,1,0,636,26137.3,31318.8
3300,ready,1,1,0,636,17618.41,21690.86
3301,ready,2,1,0,636,26038.73,30572.94
3302,ready,3,1,0,636,28006.28,32122.96
3303,ready,2,1,0,636,27014.33,31673.34
3304,ready,2,1,0,636,25672.25,30302.19
3305,ready,1,1,0,636,13150.37,17087.31
3306,ready,1,2,1,636,18128.92,23480.35
3307,ready,2,1,0,636,26277.3,31402.11
3308,ready,1,1,0,636,13870.31,18490.47
3309,ready,1,2,1,636,21258.54,25962.27
3310,ready,2,1,0,636,26161.06,30775.91
3311,ready,2,1,0,636,25614.69,30795.34
3312,ready,1,1,0,636,11802.37,21063.16
3313,ready,2,1,0,636,27281.21,31990.64
3314,ready,1,1,0,636,14086.06,18908.71
3315,ready,2,1,0,636,13325.58,18908.62
3316,ready,3,3,2,636,20017.25,27553.09
3317,ready,2,1,0,636,26992.07,30971.88
3318,ready,3,1,0,636,28865.52,34267.02
3319,ready,1,1,0,636,13943.21,18312
3320,ready,2,1,0,636,25128.93,29354.62
3321,ready,1,1,0,636,13901.23,18171.87
3322,ready,2,1,0,636,11802.94,25133.09
3323,ready,1,2,1,636,11795.31,16819.05
3324,ready,2,3,2,636,11803.7,64175.1
3325,ready,1,2,1,636,11166.74,17134.54
3326,ready,1,2,1,636,15237.02,20157.93
3327,ready,2,1,0,636,25981.19,29736.19
3328,ready,2,3,2,636,13371.95,19279.49
3329,ready,1,2,1,636,11788.43,18106.77
3330,ready,2,1,0,636,26107.57,30938.33
3331,ready,2,1,0,636,25988.17,30923.57
3332,ready,1,1,0,636,11790.57,16928.45
3333,ready,2,2,1,636,13341.16,19949.45
3334,ready,1,1,0,636,13940.87,18943.04
3335,ready,3,1,0,636,28690.81,33611.35
3336,ready,2,1,0,636,11801.06,17089.05
3337,ready,2,1,0,636,27374.82,31964.25
3338,ready,2,1,0,636,27271.81,31732.48
3339,ready,2,2,1,636,11802.88,29028.51
3340,ready,1,1,0,636,18136.04,22273.79
3341,ready,2,1,0,636,26094.25,31004.83
3342,ready,2,1,0,636,13360.11,19579.79
3343,ready,3,1,0,636,27842.73,32065.18
3344,ready,2,1,0,636,26189.57,31233.87
3345,ready,2,1,0,636,25513.25,29653.99
3346,ready,1,1,0,636,11791.12,16314.84
3347,ready,1,2,1,636,13104.83,31040.06
3348,ready,2,1,0,636,26008.69,30468.92
3349,ready,2,1,0,636,27834.04,32833.96
3350,ready,1,1,0,636,16675.79,20927.5
3351,ready,1,1,0,636,11798.87,17232.91
3352,ready,1,1,0,636,9718.51,18059.24
3353,ready,1,1,0,636,20923.85,25405.35
3354,ready,2,2,1,636,26219.74,31287.93
3355,ready,1,1,0,636,18814.87,25131.85
3356,ready,2,1,0,636,27491.25,31355.77
3357,ready,2,2,1,636,11801.73,28782.38
3358,ready,1,1,0,636,11162.98,18006.37
3359,ready,2,1,0,636,25944.78,30652.9
3360,ready,1,2,1,636,9720.38,19567.25
3361,ready,2,1,0,636,26165.74,31044.93
3362,ready,2,1,0,636,27829.9,32263.76
3363,ready,2,1,0,636,11803.31,29665.65
3364,ready,1,1,0,636,13152.32,18841.01
3365,ready,1,2,1,636,11802.78,18226.56
3366,ready,2,1,0,636,13360.21,17388.4
3367,ready,3,1,0,636,28472.96,32345.62
3368,ready,1,1,0,636,17697.83,22977.09
3369,ready,2,1,0,636,13345.26,17547.74
3370,ready,1,1,0,636,15152.24,19318.12
3371,ready,1,1,0,636,15828.65,20375.65
3372,ready,2,2,1,636,27028.21,32977.51
3373,ready,1,1,0,636,18701.06,22446.23
3374,ready,2,2,1,636,28058.68,32914.53
3375,ready,2,1,0,636,13342.84,17562.87
3376,ready,2,1,0,636,27285.21,31165.91
3377,ready,1,2,1,636,19031.2,25132.84
3378,ready,1,1,0,636,18229.87,22794.36
3379,ready,2,1,0,636,25366.81,29919.46
3380,ready,1,1,0,636,11164.86,16407.21
3381,ready,1,1,0,636,22854.86,28289.27
3382,ready,1,1,0,636,13104.62,22508.11
3383,ready,2,1,0,636,25923.91,30659.54
3384,ready,2,1,0,636,27030.13,31208.89
3385,ready,2,1,0,636,28015.1,32912.06
3386,ready,1,1,0,636,22857.78,27387.7
3387,ready,1,1,0,636,18341.02,22187.23
3388,ready,2,1,0,636,26989.97,31097.33
3389,ready,2,1,0,636,27009.23,30777.16
3390,ready,1,1,0,636,15230.84,20009.13
3391,ready,1,1,0,636,5748.55,14661.93
3392,ready,2,1,0,636,27374.94,32389.94
3393,ready,2,1,0,636,25653.85,30189.62
3394,ready,2,1,0,636,27553.02,32213.8
3395,ready,1,1,0,636,13870.32,18296
3396,ready,3,1,0,636,23711.16,28980.51
3397,ready,1,1,0,636,13689.53,19197.05
3398,ready,2,1,0,636,27281.83,31529.87
3399,ready,2,1,0,636,27233.2,31813.56
3400,ready,1,2,1,636,16684.38,21341.47
3401,ready,3,1,0,636,28817.45,33448.16
3402,ready,3,2,1,636,28346.09,34060.37
3403,ready,1,2,1,636,11161.77,17216.81
3404,ready,2,1,0,636,13353.13,28888.81
3405,ready,1,1,0,636,11791.09,28964.32
3406,ready,2,1,0,636,27039.59,32036.69
3407,ready,2,1,0,636,11804.36,16676.47
3408,ready,1,1,0,636,22234.76,26454.02
3409,ready,2,1,0,636,27847.49,31756.51
3410,ready,2,1,0,636,27238.13,31904.76
3411,ready,1,1,0,636,11795.96,16132.37
3412,ready,2,2,1,636,25885.3,30445.9
3413,ready,3,1,0,636,28702.34,32863.11
3414,ready,1,1,0,636,13913.64,18352.03
3415,ready,1,1,0,636,13880.36,19214.24
3416,ready,2,1,0,636,27533.29,32940.04
3417,ready,1,1,0,636,14786.24,19132.34
3418,ready,2,3,2,636,27044.86,34446.06
3419,ready,2,1,0,636,27237.02,32390
3420,ready,1,2,1,636,11802.3,17686.52
3421,ready,2,1,0,636,13330.65,18280.51
3422,ready,2,1,0,636,25986.74,31038.47
3423,ready,2,1,0,636,25940.91,31053.2
3424,ready,1,1,0,636,15044.07,20033.97
3425,ready,2,1,0,636,27274.13,31799.29
3426,ready,2,1,0,636,27376,32253.62
3427,ready,1,1,0,636,11799.36,17361.74
3428,ready,1,1,0,636,9718.99,19253.69
3429,ready,2,1,0,636,27016.48,31375.78
3430,ready,2,1,0,636,11803.76,18059.3
3431,ready,1,3,2,636,11789.04,29687.48
3432,ready,2,1,0,636,11803.78,16883.08
3433,ready,3,1,0,636,29115.01,33518.46
3434,ready,2,1,0,636,27732.68,32907.02
3435,ready,2,1,0,636,26074.01,30050.77
3436,ready,1,1,0,636,17130.07,22365.23
3437,ready,1,1,0,636,14177.94,18291
3438,ready,1,1,0,636,16698.38,21728.04
3439,ready,1,3,2,636,13117.42,66436.73
3440,ready,2,1,0,636,26053.7,30757.78
3441,ready,1,1,0,636,15185.15,19323.48
3442,ready,1,2,1,636,11788.64,30386.4
3443,ready,2,1,0,636,27045,31045.32
3444,ready,1,1,0,636,13111.24,18280.54
3445,ready,2,1,0,636,25720.6,30360.16
3446,ready,1,2,1,636,15137.64,20306.09
3447,ready,2,1,0,636,25912.99,31099.07
3448,ready,1,1,0,636,11162.32,17320.1
3449,ready,1,1,0,636,11794.35,25131.81
3450,ready,1,1,0,636,11788.24,16933.29
3451,ready,2,1,0,636,27002.81,32056.6
3452,ready,1,1,0,636,11163.72,16096.23
3453,ready,2,1,0,636,27884.06,33099.09
3454,ready,1,1,0,636,13150.4,17433.73
3455,ready,1,1,0,636,22228.83,26397.06
3456,ready,1,1,0,636,16804.28,21068.79
3457,ready,1,1,0,636,9718.54,17419.9
3458,ready,1,1,0,636,11165.65,16262.12
3459,ready,1,1,0,636,22856.44,27420.87
3460,ready,1,1,0,636,13945.42,18500.46
3461,ready,2,1,0,636,13329.9,18135.7
3462,ready,2,2,1,636,13353.64,65888.07
3463,ready,1,2,1,636,11788.07,28779.16
3464,ready,1,1,0,636,13687.57,18004.5
3465,ready,2,3,2,636,27014.29,33607.11
3466,ready,2,1,0,636,26110.99,30290.92
3467,ready,2,1,0,636,28058.51,32833.91
3468,ready,2,1,0,636,13327.65,18385.11
3469,ready,2,1,0,636,26067.27,30114.45
3470,ready,2,1,0,636,27536.29,32383.38
3471,ready,1,1,0,636,11799.28,16339.58
3472,ready,1,1,0,636,17765.83,25132.67
3473,ready,3,1,0,636,28712.4,32984.84
3474,ready,1,2,1,636,13881.15,30887.93
3475,ready,1,2,1,636,9720.31,17189.3
3476,ready,1,1,0,636,15828.41,19739.51
3477,ready,1,1,0,636,11162.43,28295.56
3478,ready,1,1,0,636,11790.22,16756.93
3479,ready,1,1,0,636,13152.45,18254.79
3480,ready,2,1,0,636,26340.37,31600.89
3481,ready,1,1,0,636,13978.91,18979.98
3482,ready,1,1,0,636,11799.4,16502.76
3483,ready,2,1,0,636,25552.73,30935.78
3484,notice_fetch_failed,2,3,2,240,13371.74,62192.78
3485,ready,2,1,0,636,13314.3,18512.54
3486,ready,2,1,0,636,13371.84,17555.52
3487,ready,3,1,0,636,15560.74,19465.8
3488,ready,2,2,1,636,25608.19,30459.13
3489,ready,2,1,0,636,26227.52,30481.89
3490,ready,1,1,0,636,11792.94,29871.6
3491,ready,2,1,0,636,13341.85,18527.07
3492,ready,2,2,1,636,25823.11,31188.78
3493,ready,1,1,0,636,13913.57,17936.18
3494,ready,2,1,0,636,25206.2,29408.92
3495,ready,2,2,1,636,25717.63,31179.96
3496,ready,1,1,0,636,13117.05,17394.38
3497,ready,1,1,0,636,13117.37,18246.36
3498,ready,1,1,0,636,11795.95,27237.99
3499,ready,2,1,0,636,13341.22,17913.6
3500,ready,1,1,0,636,18486.31,23010.9
3501,ready,2,1,0,636,25957.61,31345.82
3502,ready,1,1,0,636,13150.86,18568.02
3503,ready,2,1,0,636,25847.93,30464.08
3504,ready,1,1,0,636,17235.3,21755.47
3505,ready,2,1,0,636,27400.02,32108.65
3506,ready,2,1,0,636,27704.97,31850.73
3507,ready,2,1,0,636,27512.52,31711.38
3508,ready,3,2,1,636,29236.74,34388.93
3509,ready,2,1,0,636,25318.81,30638.92
3510,ready,1,1,0,636,17678.54,22290.18
3511,ready,1,2,1,636,11798.6,17252.77
3512,ready,1,1,0,636,11787.05,17089.78
3513,ready,2,1,0,636,25901.65,30418.88
3514,ready,2,1,0,636,27216.17,31402.83
3515,ready,3,1,0,636,28712.33,33680.38
3516,ready,2,1,0,636,13326.42,18207.58
3517,ready,2,1,0,636,26991.55,31023.69
3518,ready,1,1,0,636,11790.64,16744.03
3519,ready,2,1,0,636,25629.81,29971.21
3520,ready,1,1,0,636,19196.95,23314.52
3521,ready,3,2,1,636,27288.03,33285.41
3522,ready,1,1,0,636,18500.39,23493.88
3523,ready,1,1,0,636,11791.99,18044.87
3524,ready,3,1,0,636,28193.81,32985.96
3525,ready,2,1,0,636,25795.32,29895.33
3526,ready,1,1,0,636,9720.16,17152.1
3527,ready,1,1,0,636,11164.72,18022.44
3528,ready,2,2,1,636,13383.74,26954.04
3529,ready,1,1,0,636,21249.03,25722.63
3530,ready,1,1,0,636,13174.1,18456.89
3531,ready,2,3,2,636,25318.93,31714.86
3532,ready,1,1,0,636,13914.17,18940.39
3533,ready,2,1,0,636,13383.85,27218.06
3534,ready,1,1,0,636,11166.93,18009.3
3535,ready,1,1,0,636,15154.73,20583.06
3536,ready,1,1,0,636,17669.21,22160.92
3537,ready,2,1,0,636,26033.13,30898.5
3538,ready,2,1,0,636,13341.62,17157.11
3539,ready,2,1,0,636,27043.25,31200.46
3540,ready,2,1,0,636,27230.05,31950.79
3541,ready,2,1,0,636,25961.34,30993.8
3542,ready,2,1,0,636,27820.53,32036.72
3543,ready,2,1,0,636,27531.91,32455.54
3544,ready,1,3,2,636,11794.63,30634.41
3545,ready,1,1,0,636,13110.86,17913.23
3546,ready,1,1,0,636,15152.18,19680.95
3547,ready,2,1,0,636,27284.34,31757.24
3548,ready,1,1,0,636,18177.08,22977.13
3549,ready,2,1,0,636,27043.78,31159.12
3550,ready,2,1,0,636,27014.8,31846.05
3551,ready,2,1,0,636,26094.31,30950.39
3552,ready,1,1,0,636,13913.72,19070.41
3553,ready,3,1,0,636,28235.26,32311.89
3554,ready,3,1,0,636,28042.39,32037.85
3555,ready,1,1,0,636,11166.86,16493.16
3556,ready,2,1,0,636,26275.03,31106.66
3557,ready,1,1,0,636,11794.14,16348.74
3558,ready,2,1,0,636,26277.27,31717.87
3559,ready,1,1,0,636,17729.35,21606.36
3560,ready,2,1,0,636,28013.05,32975.82
3561,ready,2,2,1,636,11800.76,17087.38
3562,ready,1,1,0,636,13941.77,18241.68
3563,ready,1,1,0,636,18172.57,21957.48
3564,ready,2,1,0,636,27045.21,31437.7
3565,ready,1,1,0,636,18150.83,21902.84
3566,ready,2,1,0,636,26022.74,31216.8
3567,ready,1,1,0,636,13149.9,18175.19
3568,ready,2,1,0,636,25774.5,30388.43
3569,ready,1,1,0,636,11789.94,16635.12
3570,ready,2,1,0,636,27394.13,31799.16
3571,ready,2,1,0,636,25538.79,29545.01
3572,ready,2,1,0,636,27405.01,32444.61
3573,ready,2,1,0,636,27009.22,31513.34
3574,ready,2,1,0,636,26142.72,30850.01
3575,ready,2,1,0,636,25847.94,30859.84
3576,ready,1,1,0,636,20923.89,25183.24
3577,ready,1,1,0,636,17261.74,22255.22
3578,ready,1,1,0,636,14404.89,19196.52
3579,ready,3,1,0,636,28633.17,32907.09
3580,ready,1,1,0,636,11162.2,16339.63
3581,ready,2,1,0,636,27543.98,33051.11
3582,ready,2,1,0,636,26018.86,30379.46
3583,ready,2,1,0,636,26996.93,30927.44
3584,ready,1,1,0,636,11787.55,16294.87
3585,ready,2,2,1,636,25962.22,30934.15
3586,ready,3,1,0,636,27234.71,31302.56
3587,ready,1,1,0,636,13901.54,18939.82
3588,ready,1,3,2,636,11794.05,27030.85
3589,ready,2,1,0,636,27273.59,32799.06
3590,ready,2,1,0,636,28094.85,33306.97
3591,ready,2,1,0,636,25801.26,30377.53
3592,ready,1,2,1,636,14786.33,20153.47
3593,ready,2,1,0,636,26132.64,30652.73
3594,ready,3,1,0,636,27787.39,32939.92
3595,ready,1,1,0,636,15230.7,19812.38
3596,ready,2,1,0,636,27507.92,32429.49
3597,ready,2,1,0,636,26225.25,30157.67
3598,ready,2,1,0,636,27483.72,32036.57
3599,ready,2,1,0,636,26003.13,30249.07
3600,ready,2,2,1,636,27842.7,33106.88
3601,ready,2,2,1,636,13344.99,19150.77
3602,ready,1,2,1,636,21607.73,27321.96
3603,ready,1,1,0,636,11163.92,17173.76
3604,ready,2,1,0,636,25966.68,30806.18
3605,ready,1,1,0,636,13883.55,22903.26
3606,ready,2,1,0,636,27021,31097.35
3607,ready,1,1,0,636,13152.17,17236.49
3608,ready,1,1,0,636,13926.14,24100.47
3609,ready,2,1,0,636,27641.82,31970.28
3610,ready,1,2,1,636,15843.84,20927.23
3611,ready,3,1,0,636,29179.49,34267.23
3612,ready,2,1,0,636,27621.95,31949.55
3613,ready,1,1,0,636,13151.64,17554.73
3614,ready,2,1,0,636,25675.96,30052.56
3615,ready,2,1,0,636,27272.05,32199.28
3616,ready,1,2,1,636,13689.61,18980.11
3617,ready,1,1,0,636,21703.97,25734.71
3618,ready,1,2,1,636,11789.33,62623.87
3619,ready,1,2,1,636,15939.01,20646.66
3620,notice_fetch_failed,1,3,2,240,11164.87,13105.06
3621,ready,1,1,0,636,13151.79,17925.77
3622,ready,2,1,0,636,27008.02,31256.19
3623,ready,1,1,0,636,9720.42,18011.57
3624,ready,3,1,0,636,28142.43,32941.15
3625,ready,2,2,1,636,25653.9,31072.27
3626,ready,2,1,0,636,27537.87,31813.5
3627,ready,3,1,0,636,28747.9,34171.85
3628,ready,2,1,0,636,13381.07,18978.25
3629,ready,2,1,0,636,25989,31013.99
3630,ready,2,1,0,636,27387.79,32084.49
3631,ready,2,1,0,636,27275.58,31146.07
3632,ready,1,2,1,636,11802.62,16620.77
3633,ready,2,1,0,636,13344.86,17569.26
3634,ready,1,1,0,636,22233.9,26241.6
3635,ready,1,1,0,636,20923.94,25525.57
3636,ready,2,1,0,636,25865.74,30756.91
3637,ready,1,1,0,636,19974.71,24384.62
3638,ready,2,1,0,636,27014.76,31408.3
3639,ready,3,2,1,636,16781.39,21886.21
3640,ready,2,1,0,636,27210.2,32414.38
3641,ready,1,1,0,636,13937.29,28934.88
3642,ready,1,1,0,636,11164.4,26619.29
3643,ready,1,2,1,636,5748.29,17702.28
3644,ready,1,1,0,636,13901.69,18530.69
3645,ready,2,1,0,636,27035.29,31877.75
3646,ready,1,1,0,636,13105.03,18005.08
3647,ready,1,1,0,636,13870.63,18121.99
3648,ready,2,2,1,636,27031.06,32460.58
3649,ready,2,1,0,636,25378.92,30534.54
3650,ready,2,1,0,636,28083.18,33285.49
3651,ready,2,1,0,636,27234.88,32189.9
3652,ready,1,2,1,636,11165.64,63107.79
3653,ready,2,1,0,636,25724.02,30967.66
3654,ready,2,2,1,636,27536.44,33508.84
3655,ready,2,1,0,636,27491.11,32958.45
3656,ready,2,1,0,636,27026.72,31834.61
3657,ready,2,1,0,636,26083.83,30070.2
3658,ready,2,2,1,636,27216.2,33606.85
3659,ready,2,1,0,636,25880.87,30248.97
3660,ready,3,1,0,636,28972.95,34119.56
3661,ready,1,1,0,636,11790.94,16096.04
3662,ready,3,2,1,636,29121.47,34001.32
3663,ready,2,2,1,636,26004.81,30508.54
3664,ready,2,1,0,636,13340.89,18851.21
3665,ready,1,2,1,636,11162.62,62980.76
3666,ready,2,2,1,636,27014.31,32833.51
3667,ready,2,1,0,636,25744.42,29733.59
3668,ready,1,1,0,636,11796.66,16732.46
3669,ready,2,2,1,636,11802.98,28992.5
3670,ready,1,1,0,636,11797.03,16935.36
3671,ready,4,1,0,636,30286.71,35138.85
3672,ready,1,1,0,636,13892.26,19014.49
3673,ready,2,1,0,636,11802.09,17089.33
3674,ready,1,1,0,636,11166.36,20114.33
3675,ready,2,1,0,636,26193.37,29915.88
3676,ready,1,1,0,636,11799.15,16819.07
3677,ready,1,1,0,636,13150.33,18419.03
3678,ready,1,2,1,636,16684.49,21961.49
3679,ready,2,2,1,636,25409.83,31723.51
3680,ready,1,1,0,636,21708.25,26045.47
3681,ready,2,1,0,636,26172.91,30523.06
3682,ready,1,1,0,636,15066.13,20328.18
3683,ready,1,1,0,636,13105.04,17290.87
3684,ready,2,1,0,636,25889.63,30644.2
3685,ready,1,1,0,636,19031.98,25131.78
3686,ready,1,1,0,636,11162.63,17157.13
3687,ready,1,1,0,636,13111.35,17563.03
3688,ready,2,1,0,636,25533.58,31027
3689,ready,1,1,0,636,13150.39,17915.75
3690,ready,1,1,0,636,11164.06,17920.76
3691,ready,2,1,0,636,27030.99,31934.67
3692,ready,2,1,0,636,27028.09,32169.31
3693,ready,2,1,0,636,27547.49,32108.9
3694,ready,1,1,0,636,13151.63,17129.48
3695,ready,1,1,0,636,13104.4,19157.47
3696,ready,1,1,0,636,13943.3,18529.47
3697,ready,1,1,0,636,13913.65,18461.81
3698,ready,2,1,0,636,27534.87,32166.31
3699,ready,2,1,0,636,13330.04,18882.92
3700,ready,2,1,0,636,27284.63,31822.75
3701,ready,2,2,1,636,13330.74,65242.55
3702,ready,2,1,0,636,27044.06,30980.55
3703,ready,1,1,0,636,14005.69,19102.45
3704,ready,1,1,0,636,13150.51,17087.34
3705,ready,1,1,0,636,19883.05,24102.53
3706,ready,2,1,0,636,25430.6,29993.51
3707,ready,3,1,0,636,32160.92,36098.99
3708,ready,1,1,0,636,16309.96,21336.35
3709,ready,2,1,0,636,27508.03,31994.7
3710,ready,3,1,0,636,28663.08,33570.41
3711,ready,2,1,0,636,25781.28,30186.61
3712,ready,2,1,0,636,25880.79,30839.41
3713,ready,1,1,0,636,13104.26,19384.93
3714,ready,1,2,1,636,11797.87,63366.84
3715,ready,1,1,0,636,11797.78,17088.55
3716,ready,2,1,0,636,11800.52,16813.11
3717,ready,1,1,0,636,19031.83,23314.46
3718,ready,1,1,0,636,11793.98,16748.3
3719,ready,3,1,0,636,29186.93,34098.39
3720,ready,2,1,0,636,11804.19,16384.93
3721,ready,1,1,0,636,11165.89,26309.58
3722,ready,2,1,0,636,13330.37,18295.97
3723,ready,2,1,0,636,25296.87,30758.1
3724,ready,1,1,0,636,9719.99,26221.25
3725,ready,2,1,0,636,25896.26,30099
3726,ready,1,1,0,636,17197.79,21607.7
3727,ready,2,1,0,636,27044.12,31200.59
3728,ready,2,2,1,636,27520.52,33352.35
3729,ready,1,1,0,636,17753.28,22114.13
3730,ready,2,1,0,636,27020.94,31911.9
3731,ready,2,1,0,636,13381.04,17194.18
3732,ready,1,1,0,636,11787.56,17087.85
3733,ready,2,1,0,636,26139.64,30304.81
3734,ready,3,2,1,636,28953.59,34475.32
3735,ready,1,2,1,636,11165.12,16294.91
3736,ready,2,1,0,636,13367.5,18440.93
3737,ready,2,1,0,636,25607.85,30717.75
3738,ready,2,1,0,636,28068.74,33285.51
3739,ready,1,2,1,636,11163.73,15968.67
3740,ready,2,1,0,636,13381.21,17252.76
3741,ready,2,1,0,636,27280.47,31757.54
3742,ready,2,1,0,636,13326.43,17236.51
3743,ready,1,1,0,636,11796.33,16515.49
3744,ready,1,1,0,636,11793.17,16395.38
3745,ready,2,1,0,636,27639.94,32124.54
3746,ready,1,1,0,636,11794,33339.57
3747,ready,1,2,1,636,13901.38,19142.39
3748,ready,2,1,0,636,27022.72,31215.5
3749,ready,2,3,2,636,13327.26,31039.92
3750,ready,2,1,0,636,13327.08,18121.54
3751,ready,1,1,0,636,13151.46,28900.81
3752,ready,1,2,1,636,13913.54,20153.2
3753,ready,2,1,0,636,26993.48,31951.2
3754,ready,2,1,0,636,25801.29,30935.75
3755,ready,2,1,0,636,27030.31,31723.65
3756,ready,2,2,1,636,13317.45,31832.81
3757,ready,2,1,0,636,26038.65,30323.11
3758,ready,2,1,0,636,25865.76,30327.81
3759,ready,2,2,1,636,13326.97,19215.92
3760,ready,2,1,0,636,27030.21,32065.31
3761,ready,1,1,0,636,13689.8,19063.71
3762,ready,2,1,0,636,25801.33,30018.73
3763,ready,2,1,0,636,27613.91,32799.49
3764,ready,2,1,0,636,25367,29618.91
3765,ready,2,1,0,636,27234.93,31532.47
3766,ready,2,1,0,636,26137.31,31035
3767,ready,1,1,0,636,11798.69,16570.26
3768,ready,1,1,0,636,13952.95,23475.03
3769,ready,1,1,0,636,11165.06,18932
3770,ready,2,1,0,636,25829.81,30790.14
3771,ready,1,1,0,636,13880.89,18004.73
3772,ready,1,2,1,636,15678.14,20068.25
3773,ready,1,1,0,636,11161.73,22332.09
3774,ready,1,1,0,636,11791.68,16469.96
3775,ready,2,1,0,636,11801.29,16840.32
3776,ready,1,2,1,636,11798.89,63051.5
3777,ready,3,1,0,636,28685.47,34018.28
3778,ready,1,1,0,636,11795.33,29503.66
3779,ready,1,2,1,636,11792.12,18039.73
3780,ready,2,1,0,636,11800.93,16613.15
3781,ready,1,1,0,636,13152.57,17913.1
3782,ready,2,1,0,636,26024.04,30635.74
3783,ready,1,1,0,636,11794.45,16862.06
3784,ready,2,1,0,636,26053.96,30136.08
3785,ready,1,3,2,636,18195.7,25132.28
3786,ready,1,2,1,636,22234.95,26971.99
3787,ready,1,1,0,636,14160.7,19149.94
3788,ready,1,1,0,636,15184.48,19448.22
3789,ready,3,1,0,636,29022.14,33963.37
3790,ready,1,1,0,636,14942.93,19040.14
3791,ready,2,2,1,636,25395.77,31402.48
3792,ready,1,1,0,636,11797.48,24426.77
3793,ready,2,1,0,636,25366.98,30138.18
3794,ready,1,1,0,636,18418.48,22136.25
3795,ready,1,1,0,636,15195.27,20306.24
3796,ready,1,1,0,636,11792.54,16096.02
3797,ready,2,1,0,636,26991.53,31929.48
3798,ready,1,1,0,636,15173.1,20926.83
3799,ready,2,1,0,636,26998.61,31614.16
3800,ready,1,1,0,636,16684.57,21218.76
3801,ready,1,2,1,636,11792.39,63974.66
3802,ready,1,1,0,636,13901.93,18172.03
3803,ready,2,1,0,636,13383.63,18538.26
3804,ready,2,2,1,636,11803.45,18121.81
3805,ready,1,1,0,636,11164.63,22538.9
3806,ready,2,1,0,636,11800.99,16110.49
3807,ready,2,1,0,636,27007.65,31194.64
3808,ready,1,2,1,636,13880.43,19761.37
3809,ready,2,1,0,636,25880.64,30029.17
3810,ready,2,1,0,636,25863.29,31138
3811,ready,2,3,2,636,13341.95,65950.11
3812,ready,2,1,0,636,13343.27,18456.06
3813,ready,2,1,0,636,26074.17,30758.02
3814,ready,2,1,0,636,11801.82,26092.86
3815,ready,2,1,0,636,26069.75,30391.08
3816,ready,1,1,0,636,13880.56,24099.64
3817,ready,2,1,0,636,26068.55,29872.86
3818,ready,2,2,1,636,13327.12,65911.61
3819,ready,2,1,0,636,13341.92,23475.12
3820,ready,2,2,1,636,25938.79,31239.54
3821,ready,2,1,0,636,27234.83,31413.7
3822,ready,2,1,0,636,26022.69,30669.23
3823,ready,2,1,0,636,11803.93,16389.55
3824,ready,2,1,0,636,25542.87,30778.4
3825,ready,1,1,0,636,11798.94,17088.74
3826,ready,2,2,1,636,13380.91,19056.27
3827,ready,2,1,0,636,26997.05,31952.61
3828,ready,1,1,0,636,14005.67,19010.67
3829,ready,2,1,0,636,27032.32,31709.15
3830,ready,2,1,0,636,27030.99,31928.17
3831,ready,1,1,0,636,17129.95,21950.52
3832,ready,3,1,0,636,29193.03,33976.5
3833,ready,2,1,0,636,26203.75,30909.65
3834,ready,1,1,0,636,18009.93,23314.49
3835,ready,2,2,1,636,13345.51,18251.5
3836,ready,2,1,0,636,13326.67,17731.37
3837,ready,2,1,0,636,25608.14,30710.89
3838,ready,2,1,0,636,13325.68,18629.32
3839,ready,3,1,0,636,16453.42,20476.26
3840,ready,2,1,0,636,28006.49,32487.96
3841,ready,2,1,0,636,13342.71,17546.99
3842,ready,1,3,2,636,9719.41,63195.95
3843,ready,2,1,0,636,26002.97,30270.3
3844,ready,1,1,0,636,13948.07,19048.78
3845,ready,2,2,1,636,11803.9,62835.55
3846,ready,1,1,0,636,13881.56,18487.24
3847,ready,3,1,0,636,27540.09,31711.12
3848,ready,1,1,0,636,19034.29,24982.33
3849,ready,2,1,0,636,25749.85,30148.9
3850,ready,3,1,0,636,28827.22,32907.06
3851,ready,1,1,0,636,11794.01,16875.02
3852,ready,2,1,0,636,25923.87,31305.17
3853,ready,1,2,1,636,13151.62,19193
3854,ready,1,1,0,636,11787.57,17088.21
3855,ready,1,1,0,636,22863.45,27339.29
3856,ready,2,1,0,636,27275.75,31582
3857,ready,2,1,0,636,27000.18,31205.29
3858,ready,2,1,0,636,25478.9,30308.68
3859,ready,1,1,0,636,13941.86,18794.81
3860,ready,2,1,0,636,11804.08,25695.65
3861,ready,1,1,0,636,13152.58,18106.5
3862,ready,2,1,0,636,26309.89,31867.72
3863,ready,2,1,0,636,27026.61,31764.73
3864,ready,2,1,0,636,25977.3,30099.33
3865,ready,1,1,0,636,19032.01,24982.37
3866,ready,2,1,0,636,27712.24,31734.44
3867,ready,1,2,1,636,11797.68,26820.88
3868,ready,2,1,0,636,25367.04,30353.88
3869,ready,1,1,0,636,11797.49,16314.83
3870,ready,2,1,0,636,13360.2,18286.74
3871,ready,1,1,0,636,11788.92,17088.68
3872,ready,2,1,0,636,27045.08,32124.46
3873,ready,2,1,0,636,27009.49,32309.8
3874,ready,1,1,0,636,13150.24,17263.14
3875,ready,2,2,1,636,13342.9,26891.28
3876,ready,1,1,0,636,21266.8,25288.85
3877,ready,2,1,0,636,27030.19,31845.87
3878,ready,1,1,0,636,13935.16,19400.69
3879,ready,1,1,0,636,18208.38,22443.06
3880,ready,1,1,0,636,11787.25,16407.15
3881,ready,1,1,0,636,11162.4,16355.36
3882,ready,2,1,0,636,26993.73,31577.16
3883,ready,2,3,2,636,13342.87,67630.1
3884,ready,1,1,0,636,13914.45,19119.02
3885,ready,2,3,2,636,27009.2,34308.13
3886,ready,2,1,0,636,13371.77,18527.1
3887,ready,1,1,0,636,11789.47,17129.58
3888,ready,1,1,0,636,13881.33,18982.17
3889,ready,2,1,0,636,27273.66,32403.57
3890,ready,2,1,0,636,13309.71,18290.93
3891,ready,1,1,0,636,11790.46,24982.11
3892,ready,2,1,0,636,26133.98,30445.86
3893,ready,2,1,0,636,27367.57,31867.77
3894,ready,1,1,0,636,11803.63,16819.01
3895,ready,2,1,0,636,25823.13,30657.07
3896,ready,6,2,1,636,35714.75,40542.72
3897,ready,2,1,0,636,13381.29,26954.02
3898,ready,2,2,1,636,13340.94,19911.88
3899,ready,1,1,0,636,11792.43,16684.63
3900,ready,1,1,0,636,15682,19909.02
3901,ready,1,2,1,636,11794.17,62653.76
3902,ready,2,1,0,636,13359.93,17686.03
3903,ready,2,2,1,636,13326.28,29850.77
3904,ready,2,1,0,636,27274.08,31357.61
3905,ready,2,1,0,636,13367.51,19198.65
3906,ready,1,2,1,636,11162.78,16500.61
3907,ready,2,1,0,636,28111.38,33393.94
3908,ready,2,1,0,636,27211.01,31403.99
3909,ready,2,1,0,636,25727.76,30301.65
3910,ready,3,1,0,636,28615.32,33941.8
3911,ready,1,1,0,636,19048.75,24261.18
3912,ready,1,1,0,636,16964.86,21166.52
3913,ready,4,1,0,636,31736.02,36181.6
3914,ready,1,1,0,636,13926.45,18881.52
3915,ready,1,1,0,636,11797.8,16551.09
3916,ready,2,1,0,636,25865.73,30722.79
3917,ready,1,2,1,636,20923.8,26330.28
3918,ready,1,1,0,636,13152.02,17562.79
3919,ready,2,1,0,636,26108.12,30323.22
3920,ready,2,1,0,636,13342.64,18122.96
3921,ready,1,2,1,636,13987.8,65899.49
3922,ready,1,1,0,636,21036.85,25133.02
3923,ready,5,1,0,636,34005.9,39114.09
3924,ready,2,1,0,636,27536.35,31364.04
3925,ready,2,3,2,636,11800.55,30412.09
3926,ready,1,1,0,636,22228.77,26019
3927,ready,2,1,0,636,25731.74,30034.89
3928,ready,2,1,0,636,13341.29,17563.13
3929,ready,1,1,0,636,17818.23,22926.16
3930,ready,3,1,0,636,29056.85,33028.52
3931,ready,2,1,0,636,25986.77,30576.7
3932,ready,1,2,1,636,22856.41,28781.31
3933,ready,1,1,0,636,18526.97,22710.05
3934,ready,2,1,0,636,26091.69,30048.36
3935,ready,1,1,0,636,19031.09,23662.21
3936,ready,1,1,0,636,16684.47,20927.13
3937,ready,2,1,0,636,28109.75,32805.21
3938,ready,1,1,0,636,19976.64,25204.98
3939,ready,2,1,0,636,25880.49,29683.27
3940,ready,1,1,0,636,13104.51,26829.84
3941,ready,1,1,0,636,21606.48,26469.15
3942,ready,1,2,1,636,21957.35,26668.04
3943,ready,1,1,0,636,22461.05,26851.56
3944,ready,2,2,1,636,25894.62,31990.71
3945,ready,4,1,0,636,30392.93,35767.44
3946,ready,2,1,0,636,27273.6,31712.02
3947,ready,1,1,0,636,21703.07,25953.76
3948,ready,1,1,0,636,22992.52,27271.55
3949,ready,2,1,0,636,25631.97,30620.54
3950,ready,1,1,0,636,13940.67,18794.86
3951,ready,1,1,0,636,16698.19,21026.73
3952,ready,1,1,0,636,17352.34,21610.41
3953,ready,1,1,0,636,13152.36,18355.99
3954,ready,1,1,0,636,11794.23,16119.57
3955,ready,2,1,0,636,25781.29,29566.11
3956,ready,1,1,0,636,9720.25,16493.19
3957,ready,1,2,1,636,13104.99,30177.06
3958,ready,2,1,0,636,27030.93,31484.4
3959,ready,3,1,0,636,28772.51,32580.74
3960,ready,3,1,0,636,28804.11,33815.21
3961,ready,2,1,0,636,27509.26,32954.22
3962,ready,1,2,1,636,11163.9,16813.13
3963,ready,2,1,0,636,11801.99,16932.3
3964,ready,2,1,0,636,13353.24,17936.23
3965,ready,2,1,0,636,27210.17,32344.98
3966,ready,2,1,0,636,27398.7,32443.43
3967,ready,1,1,0,636,21612.94,26184
3968,ready,2,1,0,636,27539.91,32002.58
3969,ready,2,1,0,636,13340.96,17935.96
3970,ready,1,2,1,636,13937.35,18437.24
3971,ready,2,1,0,636,26181.12,30297.43
3972,ready,1,1,0,636,18127.51,21891.29
3973,ready,1,3,2,636,14005.62,66476.98
3974,ready,2,1,0,636,25366.74,29703.64
3975,ready,2,1,0,636,13325.37,19323.36
3976,ready,2,1,0,636,25275.23,29960.04
3977,ready,2,1,0,636,27277.57,31777.17
3978,ready,2,1,0,636,27539.96,32847.85
3979,ready,1,1,0,636,18637.44,22951.74
3980,ready,2,1,0,636,26085.21,31201.99
3981,ready,2,2,1,636,25128.96,30176.98
3982,ready,1,1,0,636,15303.18,19538.66
3983,ready,1,2,1,636,13902.03,19163.05
3984,ready,2,2,1,636,13381.09,65049.43
3985,ready,1,1,0,636,14160.72,19465.79
3986,ready,3,1,0,636,28818.86,32840.19
3987,ready,1,1,0,636,17085.76,21327.97
3988,ready,1,3,2,636,17861.22,24297.15
3989,ready,1,1,0,636,11162.26,22253.41
3990,ready,1,1,0,636,17084.33,21882.39
3991,ready,2,1,0,636,27238.11,32037.69
3992,ready,1,1,0,636,13880.52,19279.57
3993,ready,2,1,0,636,27842.65,32883.29
3994,ready,1,2,1,636,11799.97,62950.77
3995,ready,2,1,0,636,27536.39,31335.05
3996,ready,3,1,0,636,29537.14,34375.03
3997,ready,1,2,1,636,11799.56,18296.55
3998,ready,2,1,0,636,25663.91,29590.82
3999,ready,1,1,0,636,13110.99,29539.79
4000,ready,1,1,0,636,13174.39,18307.8
4001,ready,2,1,0,636,25737.1,30940.89
4002,ready,1,1,0,636,13111.23,18373.71
4003,ready,1,2,1,636,13110.67,64568.26
4004,ready,2,1,0,636,27275.49,32459.22
4005,ready,1,1,0,636,11787.27,16892.1
4006,ready,3,1,0,636,28564.16,32488.34
4007,ready,2,1,0,636,27229.97,32213.69
4008,ready,2,2,1,636,27030.05,31813.85
4009,ready,2,2,1,636,25675.93,31435.03
4010,ready,2,1,0,636,27014.85,30980.48
4011,ready,2,1,0,636,26309.94,31867.66
4012,ready,1,1,0,636,11788.65,17087.27
4013,ready,2,1,0,636,28058.7,33285.48
4014,ready,1,1,0,636,13104.16,18122.22
4015,ready,2,1,0,636,28052.41,33285.27
4016,ready,2,1,0,636,26340.38,30193.36
4017,ready,2,1,0,636,27009.5,31716.99
4018,ready,2,1,0,636,27021.04,32069.87
4019,ready,1,2,1,636,13151.83,18447.52
4020,ready,1,1,0,636,16793.73,20992.49
4021,ready,1,2,1,636,13901.56,19505.13
4022,ready,1,3,2,636,13870.58,32107.81
4023,ready,2,1,0,636,25966.79,29789.59
4024,ready,2,2,1,636,27007.91,31758.15
4025,ready,2,1,0,636,13383.66,18286.87
4026,ready,2,1,0,636,25846.03,30972.04
4027,ready,2,1,0,636,26184.32,30052.51
4028,ready,2,1,0,636,25843.62,30252.94
4029,ready,1,1,0,636,17085.63,21142.33
4030,ready,1,1,0,636,11795.43,18836.49
4031,ready,4,2,1,636,30824.87,35641.95
4032,ready,1,1,0,636,13946.79,19030.68
4033,ready,2,1,0,636,27364.71,31900.03
4034,ready,2,1,0,636,27850.58,32878.46
4035,ready,1,2,1,636,13151.23,29550.28
4036,ready,2,1,0,636,27894.85,32983.34
4037,ready,2,1,0,636,13371.81,17571.01
4038,ready,2,1,0,636,27572.17,32189.65
4039,ready,2,1,0,636,27237.5,32168.59
4040,ready,1,1,0,636,22854.97,28860.34
4041,ready,1,1,0,636,11793.5,16684.68
4042,ready,1,1,0,636,19031.21,23641.62
4043,ready,1,1,0,636,11799.73,26056.97
4044,ready,1,1,0,636,11163.76,17563.27
4045,ready,1,1,0,636,11792.85,31145.65
4046,ready,1,1,0,636,20362.11,24316.41
4047,ready,1,1,0,636,19218.68,23613.37
4048,ready,1,1,0,636,11166.45,16302.05
4049,ready,1,1,0,636,18403.46,22451.24
4050,ready,1,1,0,636,18159.2,23063.06
4051,ready,2,1,0,636,13327.6,18290.96
4052,notice_fetch_failed,2,3,2,240,13385.47,61346.8
4053,ready,2,1,0,636,25739.23,29714.35
4054,ready,2,1,0,636,27029.99,32308.12
4055,ready,2,3,2,636,27234.9,33495.67
4056,ready,1,1,0,636,11789.93,17088.47
4057,ready,1,1,0,636,13902.05,18142.5
4058,ready,3,1,0,636,27733.15,31779.22
4059,ready,2,1,0,636,27385.45,31670.09
4060,ready,4,1,0,636,30114.21,34391.33
4061,ready,2,1,0,636,25730.21,29856.85
4062,ready,2,1,0,636,27280.33,31052.83
4063,ready,1,1,0,636,21515.27,25804.04
4064,ready,1,1,0,636,13997.85,18471.94
4065,notice_fetch_failed,1,3,2,240,11793.03,25505.27
4066,ready,1,1,0,636,11791.98,16384.83
4067,ready,1,2,1,636,11794.04,63669.76
4068,ready,1,2,1,636,9718.19,16292.53
4069,ready,1,1,0,636,13892.39,19335.08
4070,ready,2,1,0,636,28011.02,32219.5
4071,ready,2,1,0,636,27272,32307.79
4072,ready,2,1,0,636,27016.65,32036.66
4073,ready,2,2,1,636,27012.84,33108
4074,ready,1,1,0,636,13926.31,26878.31
4075,ready,1,1,0,636,13940.74,18367.37
4076,ready,2,1,0,636,25129,28981.87
4077,ready,2,1,0,636,28075.02,33493.96
4078,ready,1,2,1,636,11793.79,16883.1
4079,ready,2,1,0,636,25988.98,30934.12
4080,ready,1,1,0,636,11799.57,16432.93
4081,ready,2,2,1,636,26139.65,31188.72
4082,ready,2,1,0,636,27237.3,32834
4083,ready,2,1,0,636,27043.6,31949.43
4084,ready,2,1,0,636,25367.03,30923.55
4085,ready,3,1,0,636,28764.3,33303.48
4086,ready,1,1,0,636,15166.83,19091.05
4087,ready,1,1,0,636,11799.19,16703.11
4088,ready,2,1,0,636,27862.24,31883.53
4089,ready,2,1,0,636,26998.67,30918.76
4090,ready,2,1,0,636,27281.07,32307.9
4091,ready,2,2,1,636,25402.94,31023.57
4092,ready,2,1,0,636,27998.37,32943.08
4093,ready,2,1,0,636,11803.6,17088.7
4094,ready,1,1,0,636,13689.5,19073.27
4095,ready,1,1,0,636,11791.78,21685.8
4096,ready,3,1,0,636,17084.31,22361.49
4097,ready,1,1,0,636,11797.98,27502.93
4098,ready,2,1,0,636,27039.34,31428.38
4099,ready,1,2,1,636,11795.98,25132.8
4100,ready,1,2,1,636,13880.75,19118.94
4101,ready,1,1,0,636,11164.43,16775.78
4102,ready,2,1,0,636,27536.36,31734.21
4103,ready,1,1,0,636,11164.24,17417.76
4104,ready,2,1,0,636,25896.28,29951.91
4105,ready,2,1,0,636,25866.91,30774.27
4106,ready,2,1,0,636,26996.2,31950.82
4107,ready,1,1,0,636,17084.45,21070.06
4108,ready,1,1,0,636,15673.77,19506.54
4109,ready,1,2,1,636,13883.28,66334.4
4110,ready,1,1,0,636,13901.31,18465.87
4111,ready,2,1,0,636,13344.98,18171.82
4112,ready,2,1,0,636,13317.4,17555.35
4113,ready,1,1,0,636,21602.54,25675.92
4114,ready,2,1,0,636,13345.45,18863.36
4115,ready,1,2,1,636,11164.07,16934.63
4116,ready,2,1,0,636,26117.31,30905.8
4117,ready,1,1,0,636,15138.79,19604.39
4118,ready,1,1,0,636,19199.81,24099.7
4119,ready,2,1,0,636,27531.89,32805.26
4120,ready,1,1,0,636,13880.42,18352.21
4121,ready,1,1,0,636,21806.61,26184.12
4122,ready,2,1,0,636,11803.06,17088.41
4123,ready,1,1,0,636,17213.11,21053.49
4124,ready,2,1,0,636,27008.15,32072.6
4125,ready,2,3,2,636,25904.8,32939.88
4126,ready,2,1,0,636,27280.21,32368.81
4127,ready,1,1,0,636,17947.82,22901.92
4128,ready,1,1,0,636,13149.76,18172.76
4129,ready,1,1,0,636,11798.66,29527.22
4130,ready,1,1,0,636,11787.28,17382.29
4131,ready,2,1,0,636,27030.11,31404.29
4132,ready,3,1,0,636,16314.85,20376.96
4133,ready,2,1,0,636,27850.56,32975.93
4134,ready,1,2,1,636,11793.52,29262.8
4135,ready,1,1,0,636,11790.24,27451.96
4136,ready,1,1,0,636,20505.87,25132.38
4137,ready,2,1,0,636,11803.52,16754.67
4138,ready,1,1,0,636,13938.91,18173.14
4139,ready,2,1,0,636,26993.67,31813.26
4140,ready,1,1,0,636,11789.58,16591.44
4141,ready,2,1,0,636,13359.98,17547.58
4142,ready,2,1,0,636,13330.42,17563.2
4143,ready,1,1,0,636,11798.23,16575.47
4144,ready,3,1,0,636,28241.77,33285.45
4145,ready,1,1,0,636,13104.58,20024.2
4146,ready,1,1,0,636,11166.78,28295.43
4147,ready,2,1,0,636,13342.28,18242.33
4148,ready,2,1,0,636,27998.97,31867.18
4149,ready,2,1,0,636,11802.91,28280.86
4150,ready,2,2,1,636,13326.54,21367.24
4151,ready,1,1,0,636,11794.5,16566.84
4152,ready,1,1,0,636,21716.24,25558.23
4153,ready,1,2,1,636,13174.14,18574.98
4154,ready,2,1,0,636,13330.13,17313.02
4155,ready,2,3,2,636,11801,63919.06
4156,ready,2,2,1,636,13325.61,18490.53
4157,ready,2,1,0,636,25817.35,30308.75
4158,ready,1,1,0,636,21803.08,26253.91
4159,ready,2,1,0,636,27020.97,31620.16
4160,ready,3,2,1,636,29131.67,34094.77
4161,ready,1,1,0,636,15828.69,19851.85
4162,ready,2,1,0,636,27271.79,31733.92
4163,ready,2,1,0,636,13325.99,22251.34
4164,ready,2,1,0,636,27539.89,32124.28
4165,ready,2,1,0,636,13342.2,18544
4166,ready,2,2,1,636,26130.75,31850.67
4167,ready,3,1,0,636,28734.61,32954.03
4168,ready,2,1,0,636,26191.4,30829.82
4169,ready,2,1,0,636,25809.06,30036.52
4170,ready,2,1,0,636,25968.32,31281.03
4171,ready,1,1,0,636,11162.15,16242.84
4172,ready,1,1,0,636,21602.52,25622.22
4173,ready,2,2,1,636,27215.36,32124.03
4174,ready,1,2,1,636,11797.29,63077.03
4175,ready,1,1,0,636,11167.06,19389.83
4176,ready,1,1,0,636,14405.14,19142.33
4177,ready,1,1,0,636,11164.67,18255.11
4178,ready,1,1,0,636,13948.3,18799.89
4179,ready,1,1,0,636,13917.21,18107.02
4180,ready,1,1,0,636,13880.71,18367.5
4181,ready,2,1,0,636,28028.26,33085.04
4182,ready,1,1,0,636,13116.91,17257.98
4183,ready,1,1,0,636,16875.16,20961.95
4184,ready,1,1,0,636,16287.9,21067.38
4185,ready,3,1,0,636,17998.24,21819.55
4186,ready,2,1,0,636,26033.37,30918.79
4187,ready,1,1,0,636,13939.02,19279.55
4188,ready,1,2,1,636,11162.02,16961.8
4189,ready,2,2,1,636,11804.11,29908.94
4190,ready,2,1,0,636,27032.37,31023.65
4191,ready,3,1,0,636,28703.73,33284.88
4192,ready,2,1,0,636,11803.29,26195.91
4193,ready,2,1,0,636,13353.67,18490.39
4194,ready,2,1,0,636,25976.51,30961.27
4195,ready,2,2,1,636,27272.08,32308.56
4196,ready,1,1,0,636,11790.08,16551.01
4197,ready,1,1,0,636,15127.83,19169.74
4198,ready,2,2,1,636,27008.21,32975.65
4199,ready,2,1,0,636,28001.96,32427.9
4200,ready,1,2,1,636,13926.34,66202.53
4201,ready,2,2,1,636,27534.88,32975.54
4202,ready,3,1,0,636,28644.62,32943.05
4203,ready,2,1,0,636,27599.55,33063.51
4204,ready,1,1,0,636,20152.24,25133.03
4205,ready,1,1,0,636,11790.44,17087.49
4206,ready,1,1,0,636,16994.93,22095.93
4207,ready,2,1,0,636,27364.75,31990.69
4208,ready,1,2,1,636,13117.18,19152.02
4209,ready,2,1,0,636,13341.45,17946.22
4210,ready,1,2,1,636,11791.11,16526.8
4211,ready,1,1,0,636,16698.49,21099.09
4212,ready,1,3,2,636,13937.17,67178.92
4213,ready,1,1,0,636,19218.72,23178.29
4214,ready,2,1,0,636,27007.7,31847.82
4215,ready,2,1,0,636,27859.49,31905.27
4216,ready,2,1,0,636,13325.42,17562.9
4217,ready,1,2,1,636,15146.46,21252.6
4218,ready,1,1,0,636,9719.85,18505.04
4219,ready,2,1,0,636,27031.12,31302.4
4220,ready,1,1,0,636,19031.13,23303.26
4221,ready,2,1,0,636,25366.95,30794.7
4222,ready,2,3,2,636,11800.8,30168.14
4223,ready,2,1,0,636,25832.73,31097.4
4224,ready,1,2,1,636,13152.53,30386.46
4225,ready,2,1,0,636,27277.52,31811.04
4226,ready,1,3,2,636,13938.97,20926.73
4227,ready,1,1,0,636,11792.52,26278.74
4228,ready,1,1,0,636,14564.95,19279.63
4229,ready,2,1,0,636,28052.37,32453.6
4230,ready,1,1,0,636,19584.22,25132.58
4231,ready,2,1,0,636,25990.8,31228.3
4232,ready,1,1,0,636,11796.07,16340.9
4233,ready,2,1,0,636,26998.56,32056.13
4234,ready,2,1,0,636,27284.3,31640.26
4235,ready,2,1,0,636,28098.64,31850.61
4236,ready,1,1,0,636,15357.03,20476.33
4237,ready,2,1,0,636,25437.87,30459.07
4238,ready,1,1,0,636,11794.85,18007.97
4239,ready,2,1,0,636,26962.17,31505.71
4240,ready,2,1,0,636,27012.77,32168.83
4241,ready,1,1,0,636,13104.59,18107.56
4242,ready,2,1,0,636,27028.27,31717.42
4243,ready,2,2,1,636,27014.48,31711.87
4244,ready,2,1,0,636,27531.81,31976.11
4245,ready,2,1,0,636,27977.05,31756.6
4246,ready,2,1,0,636,27236.85,32163.12
4247,ready,2,1,0,636,26176.05,30987.98
4248,ready,2,1,0,636,26069.77,30790
4249,ready,3,1,0,636,28663.04,33880.42
4250,ready,1,1,0,636,15843.71,20443.12
4251,ready,1,1,0,636,14058.04,19009.31
4252,ready,1,1,0,636,15843.61,20540.34
4253,ready,2,1,0,636,27042.04,31034.55
4254,ready,1,2,1,636,9719.42,17087.97
4255,ready,1,1,0,636,13687.75,18040.18
4256,ready,3,3,2,636,28591.02,35690.72
4257,ready,1,1,0,636,14021.99,18123.11
4258,ready,3,1,0,636,28172.2,32263.83
4259,ready,2,2,1,636,27273.99,33302.26
4260,ready,1,1,0,636,18761.51,24232.02
4261,ready,2,1,0,636,25710.8,30653.18
4262,ready,3,1,0,636,28953.64,32977.35
4263,ready,2,2,1,636,11803.53,16961.5
4264,ready,2,1,0,636,27284.74,31758.32
4265,ready,1,1,0,636,14026.16,18370.12
4266,ready,1,2,1,636,13152.03,29725.91
4267,ready,2,2,1,636,27392.65,33284.67
4268,ready,1,1,0,636,11787.98,16892.25
4269,ready,1,1,0,636,5748.71,14639.72
4270,ready,2,1,0,636,25536.94,29562.47
4271,ready,1,1,0,636,14160.73,18411.3
4272,ready,3,1,0,636,28581.45,33283.81
4273,ready,3,1,0,636,26989.9,32166.88
4274,ready,3,1,0,636,28153.67,32816.69
4275,ready,1,2,1,636,11161.65,63892.72
4276,ready,1,1,0,636,11797.93,27072.13
4277,ready,2,1,0,636,25749.83,31006.23
4278,ready,1,1,0,636,11162.66,19556.7
4279,ready,2,1,0,636,27238.2,31228.44
4280,ready,2,1,0,636,27211.05,31215.35
4281,ready,1,1,0,636,13151.15,18349.43
4282,ready,2,2,1,636,28116.85,33063.29
4283,ready,3,1,0,636,28521.82,32646.54
4284,ready,1,1,0,636,11166.46,16096.17
4285,ready,2,1,0,636,25880.54,30459.19
4286,ready,2,1,0,636,28011.12,32977.58
4287,ready,1,2,1,636,16787.78,21370.89
4288,ready,1,1,0,636,14404.77,18346.36
4289,ready,1,2,1,636,11799.79,19574.92
4290,ready,1,1,0,636,17188.09,21532.8
4291,ready,1,1,0,636,11802.47,17088.5
4292,ready,3,2,1,636,16316.32,20993.71
4293,ready,1,2,1,636,9719.38,17088.1
4294,ready,1,1,0,636,20963.16,26002.92
4295,ready,1,1,0,636,11794.83,17134.55
4296,ready,2,1,0,636,26028.32,30328.93
4297,ready,2,2,1,636,27000.3,32084.36
4298,ready,2,1,0,636,27044.74,31874.13
4299,ready,3,1,0,636,28403.41,33396.39
4300,ready,2,2,1,636,26962.2,32976.03
4301,ready,1,2,1,636,11791.44,62932.62
4302,ready,3,1,0,636,27697.83,31968.78
4303,ready,1,1,0,636,13901.48,18120.91
4304,ready,2,1,0,636,25863.24,30698.19
4305,ready,1,1,0,636,13880.73,18939.73
4306,ready,2,2,1,636,27272.11,31950.95
4307,ready,1,1,0,636,21258.71,26473.71
4308,ready,2,1,0,636,25900.13,30388.51
4309,ready,2,1,0,636,27014.57,31137.82
4310,ready,2,2,1,636,13345.02,19279.51
4311,ready,1,1,0,636,13149.41,18121.4
4312,ready,1,2,1,636,11802.43,17087.29
4313,ready,3,1,0,636,29318.09,33339.55
4314,ready,2,1,0,636,25864.13,30999.73
4315,ready,1,1,0,636,11166.98,17272.33
4316,ready,1,1,0,636,11797.99,16855.84
4317,ready,1,1,0,636,13901.96,27404.87
4318,ready,2,1,0,636,27789.17,31537.18
4319,ready,1,1,0,636,15861.38,21068.67
4320,ready,1,1,0,636,11164.22,16814.53
4321,ready,1,1,0,636,20595.81,25790.6
4322,ready,2,1,0,636,25710.87,29692.11
4323,ready,2,1,0,636,26049.08,29779.19
4324,ready,1,1,0,636,13150.68,18040.23
4325,ready,2,1,0,636,11803.14,15989
4326,ready,1,2,1,636,15843.87,21243.68
4327,ready,2,1,0,636,27044.15,31905.49
4328,ready,1,1,0,636,17241.78,21101.15
4329,ready,1,3,2,636,13150.95,19835.7
4330,ready,3,1,0,636,25128.8,29032.9
4331,ready,2,1,0,636,25792.97,30273.95
4332,ready,2,1,0,636,27491.21,31232.38
4333,ready,2,1,0,636,27273.64,32056.05
4334,ready,1,1,0,636,9720.27,27459.93
4335,ready,2,1,0,636,27007.58,31484.22
4336,ready,2,1,0,636,25225.7,29391.15
4337,ready,1,1,0,636,13110.7,17569.31
4338,ready,1,1,0,636,20923.74,25524.37
4339,ready,1,1,0,636,16455.43,21602.97
4340,ready,2,1,0,636,25246.79,29174.43
4341,ready,2,1,0,636,27876.06,31899.24
4342,ready,1,2,1,636,11797.39,29034.13
4343,ready,1,1,0,636,25666.34,30527.53
4344,ready,2,1,0,636,11804,16704.34
4345,ready,1,1,0,636,13901.44,18396.98
4346,ready,2,1,0,636,27007.97,32306.75
4347,ready,1,3,2,636,11788.7,18604.81
4348,ready,2,2,1,636,11803.33,29240.35
4349,ready,1,1,0,636,20923.68,25268.42
4350,ready,1,2,1,636,11162.7,16212.04
4351,ready,2,1,0,636,27000.57,31287.8
4352,ready,2,1,0,636,11801.68,16350.1
4353,ready,1,1,0,636,13951.06,18745.8
4354,ready,1,2,1,636,18371.97,24099.67
4355,ready,1,1,0,636,11164.79,16384.94
4356,ready,1,2,1,636,11790.75,63072.76
4357,ready,3,1,0,636,28503.94,32306.6
4358,ready,1,1,0,636,16875.13,22013.44
4359,ready,1,2,1,636,16684.41,22033.99
4360,ready,1,3,2,636,13104.82,19279.45
4361,ready,2,1,0,636,11801.28,16830.25
4362,ready,1,1,0,636,9719.26,22259.85
4363,ready,1,1,0,636,13914.11,18295.85
4364,ready,2,1,0,636,27641.84,32122.77
4365,ready,2,1,0,636,25749.86,30329.01
4366,ready,2,1,0,636,26998.68,30999.87
4367,ready,1,1,0,636,13152.19,17549.75
4368,ready,2,1,0,636,27273.83,32798.79
4369,ready,1,1,0,636,15154.68,19833.24
4370,ready,2,1,0,636,25430.61,29848.73
4371,ready,3,1,0,636,28872.42,34371.36
4372,ready,1,1,0,636,20640.57,25132.62
4373,ready,3,2,1,636,17188.06,22815.74
4374,ready,2,1,0,636,13359.74,18508.29
4375,ready,2,1,0,636,26004.83,30046.65
4376,ready,3,1,0,636,25129.02,29593.01
4377,ready,1,2,1,636,11795.49,63187.76
4378,ready,1,1,0,636,18192.87,22851.99
4379,ready,1,1,0,636,22856.46,27233.05
4380,ready,3,1,0,636,29069.42,34070.15
4381,ready,1,2,1,636,14404.8,19851.73
4382,ready,1,1,0,636,11796.84,16433.02
4383,ready,2,2,1,636,13307.33,31014.05
4384,ready,2,1,0,636,28042.43,33315.04
4385,ready,1,1,0,636,18526.54,23481.07
4386,ready,2,1,0,636,27009.94,32308.3
4387,ready,2,1,0,636,13326.7,18006.11
4388,ready,2,1,0,636,27235.03,31758.46
4389,ready,1,2,1,636,13149.34,18363.73
4390,ready,2,1,0,636,27007.96,31126.86
4391,ready,1,2,1,636,13940.73,19631.87
4392,ready,1,1,0,636,11166.67,21205.56
4393,notice_fetch_failed,1,3,2,240,11165.02,60264.75
4394,ready,2,2,1,636,27007.74,31489.87
4395,ready,1,1,0,636,20595.78,25132.76
4396,ready,2,2,1,636,13326.37,19478.24
4397,ready,2,1,0,636,13330.21,18419.01
4398,ready,3,1,0,636,30158.79,35198.1
4399,ready,2,1,0,636,13341.66,17569.18
4400,ready,2,1,0,636,11800.5,29215.26
4401,ready,1,1,0,636,21742.94,25907.04
4402,ready,1,2,1,636,15806.48,20306.27
4403,ready,3,1,0,636,16671.11,21068.7
4404,ready,1,1,0,636,14083.97,18246.5
4405,ready,2,1,0,636,27032.98,32037.46
4406,ready,1,2,1,636,13901.9,20012.01
4407,ready,2,1,0,636,11802.07,17564.55
4408,ready,1,1,0,636,22310.15,27321.99
4409,ready,2,2,1,636,26135.86,32124.37
4410,ready,2,1,0,636,27016.55,31949.39
4411,ready,1,1,0,636,18367.02,22990.25
4412,ready,1,1,0,636,22234.67,26452.81
4413,ready,1,1,0,636,11164.02,16110.61
4414,ready,2,1,0,636,27009.45,32108.71
4415,ready,2,1,0,636,25366.82,29618.94
4416,ready,1,1,0,636,13914.49,18370.08
4417,ready,3,1,0,636,28945.57,33675.07
4418,ready,2,1,0,636,28102.94,32663.34
4419,ready,2,1,0,636,25966.74,30345.56
4420,ready,2,1,0,636,27042.15,31437.9
4421,ready,2,1,0,636,27043.97,31932.25
4422,ready,3,1,0,636,28849.92,33063.55
4423,ready,2,1,0,636,28100.24,33493.8
4424,ready,1,1,0,636,11799.96,16582.05
4425,ready,1,1,0,636,15587.1,20443.14
4426,ready,1,1,0,636,16192.22,20306.14
4427,ready,2,2,1,636,27485.27,32258.75
4428,ready,1,1,0,636,13883.45,18411.37
4429,ready,1,1,0,636,11794.93,26647.06
4430,ready,1,1,0,636,11792.59,25132.78
4431,ready,1,1,0,636,22232.13,25983.92
4432,ready,2,1,0,636,27639.91,31670.03
4433,ready,2,1,0,636,27033,30813.87
4434,ready,2,1,0,636,27235.12,31137.94
4435,ready,1,1,0,636,9720.11,31488.31
4436,ready,2,1,0,636,27539.87,33028.22
4437,ready,2,1,0,636,27022.69,31489.72
4438,ready,1,1,0,636,17085.65,21472.33
4439,ready,1,1,0,636,13913.94,19280.08
4440,ready,1,1,0,636,11787.15,28916.12
4441,ready,2,1,0,636,26998.31,31228.23
4442,ready,2,1,0,636,13384.07,18690.96
4443,ready,1,2,1,636,20945.63,26852.04
4444,ready,2,1,0,636,27043.38,32037.66
4445,ready,2,1,0,636,26019.9,30176.86
4446,ready,2,1,0,636,11803.34,16775.73
4447,ready,3,2,1,636,28951.76,34883.47
4448,ready,1,1,0,636,19053.81,23478.84
4449,ready,1,1,0,636,18184.64,23493.86
4450,ready,2,1,0,636,27524.23,31334.9
4451,ready,2,1,0,636,25667.85,29588.14
4452,ready,1,1,0,636,13913.7,18123.14
4453,ready,2,1,0,636,26149.96,31080.15
4454,ready,3,1,0,636,28250.94,32907.14
4455,ready,1,1,0,636,18333.85,22951.67
4456,ready,2,1,0,636,26069.8,30979.07
4457,ready,1,2,1,636,11165.39,62956.71
4458,ready,2,1,0,636,25968.27,30086.53
4459,ready,4,2,1,636,15276.23,21293.32
4460,ready,1,1,0,636,18011.61,23338.64
4461,ready,2,2,1,636,25817.36,31918.44
4462,ready,4,1,0,636,30532.04,35612.8
4463,ready,2,1,0,636,25978.76,31072.78
4464,ready,2,1,0,636,27032.26,31757.42
4465,ready,3,1,0,636,32183.71,36017.15
4466,ready,1,1,0,636,17199.03,21922.36
4467,ready,2,1,0,636,26340.4,30304.94
4468,ready,2,2,1,636,13353.51,28525.87
4469,ready,2,1,0,636,27021.06,31846.01
4470,ready,2,1,0,636,13353.16,27553.06
4471,ready,1,2,1,636,13892.34,18367.13
4472,ready,1,1,0,636,13104.15,17129.31
4473,ready,1,1,0,636,11162.29,32765.68
4474,ready,1,1,0,636,21607.8,25908.45
4475,ready,1,1,0,636,13174.04,26972.07
4476,ready,2,1,0,636,26195.78,30554.62
4477,ready,2,1,0,636,26139.68,30657.03
4478,ready,1,1,0,636,5748.86,14661.75
4479,ready,2,1,0,636,27041.81,31034.21
4480,ready,1,1,0,636,9719.89,28521.87
4481,ready,1,1,0,636,16801.89,21170.46
4482,ready,1,1,0,636,13937.19,19377.75
4483,ready,2,1,0,636,26996.29,32166.08
4484,ready,1,1,0,636,13687.53,25275.26
4485,ready,2,1,0,636,25720.55,29501.85
4486,ready,1,1,0,636,18481.57,22358.07
4487,ready,2,1,0,636,26989.89,31249.11
4488,ready,1,1,0,636,14900.51,19279.48
4489,ready,1,2,1,636,13945.41,19376.28
4490,ready,4,1,0,636,30386.29,35292.48
4491,ready,3,1,0,636,28254.84,33035.08
4492,ready,1,1,0,636,17765.3,21761.39
4493,ready,2,1,0,636,13314.33,18456.18
4494,ready,1,1,0,636,11793.63,27207.92
4495,ready,1,1,0,636,19031.92,24982.34
4496,ready,2,1,0,636,25818.96,30067.29
4497,ready,1,1,0,636,16698.52,21762.78
4498,ready,2,1,0,636,13381.12,18107.26
4499,ready,1,2,1,636,13149.72,18839.55
4500,ready,2,2,1,636,27491.27,32368.98
4501,ready,2,2,1,636,13353.61,29383.57
4502,ready,1,1,0,636,17313.05,21719.66
4503,ready,2,2,1,636,26991.59,31734.61
4504,ready,2,1,0,636,25775.61,30831.06
4505,ready,1,2,1,636,15216.94,21078.17
4506,ready,1,1,0,636,13940.81,19279.61
4507,ready,2,2,1,636,27009.36,32168.52
4508,ready,1,1,0,636,13870.37,18979.76
4509,ready,2,1,0,636,13317.29,18487.27
4510,ready,2,2,1,636,25740.9,31415.32
4511,ready,1,2,1,636,13901.57,65856.26
4512,ready,1,1,0,636,11788.94,17261.79
4513,ready,2,1,0,636,25508.75,30678.52
4514,ready,2,3,2,636,27882.45,34410.71
4515,ready,3,1,0,636,28615.3,33494.01
4516,ready,1,1,0,636,13870.19,19198.61
4517,ready,2,1,0,636,27025.01,31009.84
4518,ready,1,2,1,636,20372.89,26249.65
4519,ready,1,1,0,636,11164.08,17318.42
4520,ready,3,1,0,636,29143.05,33446.88
4521,ready,1,1,0,636,17084.39,22136.33
4522,ready,2,2,1,636,25245.53,31256.28
4523,ready,1,1,0,636,11798.18,16756.26
4524,ready,2,1,0,636,11803.82,16384.86
4525,ready,2,1,0,636,27020.96,31451.81
4526,ready,2,1,0,636,25650.24,30147.01
4527,ready,3,1,0,636,28792.63,34109.44
4528,ready,1,2,1,636,21064.89,26075.66
4529,ready,1,2,1,636,13933.04,18632
4530,ready,1,1,0,636,18483.19,22602.72
4531,ready,2,3,2,636,13330.24,20306.38
4532,ready,2,1,0,636,27540.08,32663.26
4533,ready,2,2,1,636,27039.74,32987.28
4534,ready,2,1,0,636,25666.35,30971.99
4535,ready,2,1,0,636,27621.94,32827.76
4536,ready,1,1,0,636,16662.84,21532.86
4537,ready,2,1,0,636,13341.59,18445.84
4538,ready,1,1,0,636,11162.28,16350.12
4539,ready,1,1,0,636,13151.42,17929.07
4540,ready,2,1,0,636,13342.58,18171.5
4541,ready,1,1,0,636,13940.7,18242.22
4542,ready,2,2,1,636,13341.39,19432.9
4543,ready,2,2,1,636,13330.33,18175.24
4544,ready,2,1,0,636,27281.55,32453.76
4545,ready,2,2,1,636,25401.72,31241.25
4546,ready,2,1,0,636,27367.24,32109.23
4547,ready,2,1,0,636,26248.37,31317.39
4548,ready,2,1,0,636,25366.95,29940.32
4549,ready,1,1,0,636,13952.94,19007.95
4550,ready,2,1,0,636,13353.32,18846.82
4551,ready,1,1,0,636,21263.35,25442.36
4552,ready,1,1,0,636,20924.07,25132.93
4553,ready,3,1,0,636,28317.89,32789.76
4554,ready,2,1,0,636,26998.46,31757.35
4555,ready,3,1,0,636,15311.07,20153.49
4556,ready,2,1,0,636,25647.48,30950.36
4557,ready,2,1,0,636,13353.23,18437.1
4558,ready,2,1,0,636,26091.72,30451.45
4559,ready,2,2,1,636,26990,32467.72
4560,ready,2,1,0,636,27290.73,31381.84
4561,ready,1,2,1,636,15843.89,21826.31
4562,ready,1,1,0,636,15673.8,20306.29
4563,ready,2,1,0,636,25608.05,30842.55
4564,ready,1,1,0,636,11802.39,25841.05
4565,ready,1,1,0,636,11800.07,16269.69
4566,ready,2,1,0,636,25986.84,30225.59
4567,ready,2,1,0,636,28001.93,32010.22
4568,ready,2,2,1,636,13330.83,19304.57
4569,ready,2,1,0,636,26083.82,31375.39
4570,ready,2,1,0,636,27269.67,32359.83
4571,ready,1,1,0,636,11799.11,16676.43
4572,ready,2,1,0,636,13384.09,28289.2
4573,ready,2,1,0,636,27280.83,32132.51
4574,ready,1,2,1,636,11798.27,29343.06
4575,ready,1,1,0,636,11163.79,16110.62
4576,ready,2,1,0,636,11803.98,16502.84
4577,ready,2,1,0,636,26991.97,31833.22
4578,ready,2,1,0,636,11800.85,16855.53
4579,ready,3,1,0,636,28695.97,32954.34
4580,ready,1,1,0,636,19053.77,23196.95
4581,ready,2,1,0,636,27268.39,31112.93
4582,ready,2,1,0,636,27608.47,32883.32
4583,ready,2,1,0,636,27507.99,32212.16
4584,ready,2,2,1,636,27007.69,32309.46
4585,ready,3,1,0,636,29341.46,33430.51
4586,ready,1,2,1,636,11798.36,16828.88
4587,ready,1,1,0,636,13151.54,18411.59
4588,ready,2,1,0,636,25710.74,29810.91
4589,ready,1,1,0,636,11794.96,18006.2
4590,ready,2,1,0,636,25916.15,30796.7
4591,ready,2,1,0,636,13317.02,24199.16
4592,ready,3,1,0,636,28463.26,33076.99
4593,ready,2,1,0,636,27007.5,31181.15
4594,ready,1,1,0,636,9720.15,26095.29
4595,ready,2,2,1,636,27041.76,32367.36
4596,ready,2,1,0,636,25204.96,30113.77
4597,ready,1,1,0,636,13149.73,18205.69
4598,ready,1,1,0,636,22469.87,27402.51
4599,ready,1,3,2,636,11789.39,29486.61
4600,ready,2,1,0,636,27547.46,31913.5
4601,ready,1,1,0,636,13149.63,18441.01
4602,ready,1,1,0,636,15843.53,20991.23
4603,ready,2,1,0,636,25880.55,29746.4
4604,ready,2,1,0,636,27392.33,32444.53
4605,ready,1,1,0,636,13883.56,18942.95
4606,ready,2,1,0,636,26083.45,30509.82
4607,ready,2,1,0,636,27609.81,32522.88
4608,notice_fetch_failed,1,3,2,240,13150.41,15190.17
4609,ready,2,1,0,636,25811.55,29539.65
4610,ready,1,1,0,636,13117.72,17256.77
4611,ready,2,1,0,636,28111.42,32265.89
4612,ready,1,1,0,636,13883.29,26854.34
4613,ready,1,1,0,636,16698.33,20617.72
4614,ready,1,1,0,636,19196.94,23305.13
4615,ready,2,1,0,636,28104.61,32520.65
4616,ready,2,1,0,636,27020.86,31202.24
4617,ready,1,1,0,636,13110.89,17563.3
4618,ready,2,1,0,636,13341.4,27211.28
4619,ready,3,1,0,636,27847.62,32700.92
4620,ready,2,1,0,636,27838.24,33035.18
4621,ready,2,2,1,636,26991.91,32496.31
4622,ready,3,1,0,636,28745.47,33285.56
4623,ready,2,1,0,636,13341.97,18553.98
4624,ready,3,1,0,636,28896.05,33941.89
4625,ready,2,1,0,636,25513.28,30782.33
4626,ready,2,1,0,636,27023.97,31106.71
4627,ready,1,3,2,636,21803.14,28758.11
4628,ready,1,1,0,636,15217.01,19215.85
4629,ready,3,1,0,636,29248.93,34813.53
4630,ready,2,1,0,636,25453.92,30297.24
4631,ready,2,1,0,636,11803.02,18016.79
4632,ready,2,1,0,636,25629.86,29383.67
4633,ready,2,1,0,636,27026.83,32108.42
4634,ready,1,2,1,636,13924.8,30849.49
4635,ready,2,1,0,636,25972.02,30925.93
4636,ready,2,3,2,636,27009.93,33570.61
4637,ready,2,1,0,636,27271.84,31734.5
4638,ready,3,1,0,636,28321.07,32446.21
4639,ready,2,1,0,636,27016.66,31106.6
4640,ready,1,1,0,636,15114,19886.36
4641,ready,2,1,0,636,27829.95,32163.17
4642,ready,3,2,1,636,28317.7,33878.98
4643,ready,2,1,0,636,27287.99,31764.79
4644,ready,2,1,0,636,27790.02,32446.08
4645,ready,1,1,0,636,13152.44,18142.47
4646,ready,1,1,0,636,13855.64,19424.53
4647,ready,1,1,0,636,13117.16,17946.63
4648,ready,2,1,0,636,27023.96,30887.87
4649,ready,1,1,0,636,13913.66,18975.18
4650,ready,1,1,0,636,13104.72,18171.97
4651,ready,1,1,0,636,11797.86,27036.18
4652,ready,3,1,0,636,29208.63,33327.43
4653,ready,1,1,0,636,13104.46,17129.37
4654,ready,1,2,1,636,13914.63,20446.77
4655,ready,1,1,0,636,13116.96,17566.32
4656,ready,2,1,0,636,13353.75,17236.56
4657,ready,1,1,0,636,11792,16818.92
4658,ready,2,1,0,636,26033.23,30086.58
4659,ready,1,1,0,636,11794.09,17252.81
4660,ready,2,1,0,636,25439.89,30418.75
4661,ready,1,2,1,636,11164.92,29313.04
4662,ready,2,2,1,636,27237.17,32084.24
4663,ready,1,1,0,636,22232.06,28247.3
4664,ready,1,1,0,636,16754.28,21967.77
4665,ready,1,1,0,636,11799.32,25704.6
4666,ready,2,1,0,636,26996.75,31415.63
4667,ready,1,1,0,636,11790.11,16855.51
4668,ready,1,1,0,636,16875.21,20926.76
4669,ready,1,1,0,636,11789.97,25882.08
4670,ready,1,2,1,636,15871.57,21049.93
4671,ready,2,1,0,636,27284.61,32174.85
4672,ready,2,1,0,636,27400.07,31950.89
4673,ready,2,2,1,636,13345.16,29323.8
4674,ready,2,1,0,636,27272.2,31318.71
4675,ready,3,1,0,636,28247.26,33284.84
4676,ready,2,1,0,636,26993.57,31036
4677,ready,1,1,0,636,13914.37,19073.21
4678,ready,2,1,0,636,27272.24,32833.65
4679,ready,3,1,0,636,29247.27,33428.03
4680,ready,3,2,1,636,28674.28,33705.74
4681,ready,2,1,0,636,27284.45,31949.58
4682,ready,1,1,0,636,25129.09,29762.36
4683,ready,1,1,0,636,22227.52,27187.84
4684,ready,2,1,0,636,27533.46,31990.62
4685,ready,1,1,0,636,11165.77,18012.02
4686,ready,1,1,0,636,9720.6,17325.51
4687,ready,3,1,0,636,30372.29,34537.97
4688,ready,2,1,0,636,25782.97,30741.87
4689,ready,2,1,0,636,13325.63,18040.21
4690,ready,2,1,0,636,27632.12,31949.24
4691,ready,1,1,0,636,20923.88,25562.32
4692,ready,2,1,0,636,26996.4,31256.13
4693,ready,2,1,0,636,13330.75,18382.97
4694,ready,1,1,0,636,11791.34,17087.98
4695,ready,2,1,0,636,25271.84,29603.74
4696,ready,1,1,0,636,14564.99,18979.88
4697,ready,1,1,0,636,11165.98,28998.97
4698,ready,2,1,0,636,11804.25,16630.16
4699,ready,2,1,0,636,25481.16,30113.85
4700,ready,2,2,1,636,27847.64,32375.03
4701,ready,3,1,0,636,28580.12,33696.66
4702,ready,1,1,0,636,16698.4,21484.06
4703,ready,1,1,0,636,22232.17,25962.31
4704,ready,2,1,0,636,27009.29,31241.4
4705,ready,3,1,0,636,28208.62,32037.72
4706,ready,2,1,0,636,27030.92,30838.14
4707,ready,2,1,0,636,27374.92,31194.57
4708,ready,1,1,0,636,14177.95,18980.14
4709,ready,1,1,0,636,13951.15,18173.24
4710,ready,1,2,1,636,13937.3,20047.66
4711,ready,2,1,0,636,13371.75,38193.76
4712,ready,1,2,1,636,20953.68,27238.02
4713,ready,1,1,0,636,11787.85,16534.38
4714,ready,4,1,0,636,14786.07,19280.17
4715,ready,2,1,0,636,25710.91,30722.52
4716,ready,2,1,0,636,27237.06,31208.97
4717,ready,1,1,0,636,11162.24,25367.23
4718,ready,2,1,0,636,27234.61,31305.08
4719,ready,2,1,0,636,25747.99,30337.53
4720,ready,1,3,2,636,16320.21,23641.7
4721,ready,1,1,0,636,14005.7,18280.63
4722,ready,3,1,0,636,28821.35,33345.4
4723,ready,1,1,0,636,15843.72,19804.06
4724,ready,1,1,0,636,15184.44,19442.29
4725,ready,1,1,0,636,13943.35,19045
4726,ready,1,1,0,636,13883.66,26781.03
4727,ready,1,1,0,636,13117.74,17236.52
4728,ready,1,1,0,636,13149.52,18107.34
4729,ready,1,2,1,636,14086.04,18901.65
4730,ready,2,1,0,636,11801.18,16209.93
4731,ready,2,1,0,636,28036.46,32700.83
4732,ready,1,1,0,636,11165.03,32307.52
4733,ready,2,1,0,636,13343.23,18530.67
4734,ready,2,1,0,636,11801.35,17088.81
4735,ready,1,1,0,636,13150.87,18106.62
4736,ready,1,2,1,636,11798.38,62690.47
4737,ready,1,2,1,636,13689.65,30829.76
4738,ready,1,1,0,636,13151.76,18122.08
4739,ready,2,1,0,636,27792.67,32874.55
4740,ready,2,1,0,636,27041.46,31203.9
4741,ready,2,1,0,636,25829.8,30201.43
4742,ready,1,1,0,636,19626.75,25132.59
4743,ready,2,2,1,636,27513.27,32726.99
4744,ready,2,1,0,636,25366.85,29993.48
4745,ready,1,1,0,636,13152.21,18456.2
4746,ready,1,1,0,636,17854.76,23157.01
4747,ready,2,1,0,636,25898.78,31123.71
4748,ready,1,2,1,636,18217,23477.04
4749,ready,1,1,0,636,13880.85,18869.14
4750,ready,2,1,0,636,25977.34,30222.57
4751,ready,1,2,1,636,13880.66,18881.55
4752,ready,1,1,0,636,14005.65,26813.97
4753,ready,1,1,0,636,21704.19,25508.74
4754,ready,2,1,0,636,27632.03,32975.62
4755,ready,1,1,0,636,11794.62,25814.27
4756,ready,3,1,0,636,28003.48,32975.58
4757,ready,1,1,0,636,18208.63,23493.81
4758,ready,2,1,0,636,13327.09,17547.69
4759,ready,2,1,0,636,27007.98,30899.78
4760,ready,1,1,0,636,11787.41,16340.86
4761,ready,2,1,0,636,26277.36,30633.01
4762,ready,2,1,0,636,27893.21,32069.36
4763,ready,2,1,0,636,25527.92,30347.97
4764,ready,1,1,0,636,18493.4,24100.55
4765,ready,2,1,0,636,13344.79,27207.95
4766,ready,1,1,0,636,11788.32,17129.46
4767,ready,2,1,0,636,26991.67,31403.29
4768,ready,1,1,0,636,13951.17,20605.9
4769,ready,1,1,0,636,11788.95,19253.37
4770,ready,1,2,1,636,13870.93,19121.9
4771,ready,2,1,0,636,13309.66,18788.39
4772,ready,1,1,0,636,13117.2,17538.96
4773,ready,2,1,0,636,13384.01,18143.95
4774,ready,3,2,1,636,28703.76,34568.35
4775,ready,2,1,0,636,26317.43,31403.59
4776,ready,1,1,0,636,11802.75,24100.53
4777,ready,1,1,0,636,11164.57,16153.3
4778,ready,2,1,0,636,25508.84,30316.49
4779,ready,1,1,0,636,9718.41,31723.23
4780,ready,1,1,0,636,13117.08,20038.77
4781,ready,1,1,0,636,13152.62,18280.71
4782,ready,1,1,0,636,11166.03,16395.36
4783,ready,2,1,0,636,25880.41,30377.19
4784,ready,1,1,0,636,13687.65,19384.97
4785,ready,1,2,1,636,18436.02,24101.56
4786,ready,1,1,0,636,18150.95,23478.81
4787,ready,1,1,0,636,14943.07,20341.59
4788,ready,1,2,1,636,11799.3,19087.08
4789,ready,1,1,0,636,11164.19,21945.71
4790,ready,2,1,0,636,27609.82,32827.84
4791,ready,2,1,0,636,27281.48,31671.89
4792,ready,2,1,0,636,27463.94,32308.89
4793,ready,3,1,0,636,28166.99,33285.07
4794,ready,2,1,0,636,25370.45,29576.4
4795,ready,2,1,0,636,27043.85,32056.89
4796,ready,2,2,1,636,13371.72,19288.88
4797,ready,2,1,0,636,26013.26,30369.26
4798,ready,1,1,0,636,13116.95,18411.22
4799,ready,2,1,0,636,13381.19,27028.64
4800,ready,1,1,0,636,21806.53,26370.3
4801,ready,2,1,0,636,27522.5,32975.76
4802,ready,1,1,0,636,15144.87,19792.16
4803,ready,1,1,0,636,13971.22,19279.91
4804,ready,1,2,1,636,15684.2,21761.06
4805,ready,2,1,0,636,26991.75,31529.77
4806,ready,1,1,0,636,14900.4,19505.42
4807,ready,1,1,0,636,14404.82,19442.4
4808,ready,2,1,0,636,27533.48,32056.73
4809,ready,2,1,0,636,27621.22,32800.03
4810,ready,1,1,0,636,13117.21,17089.54
4811,ready,1,1,0,636,18076.61,22685.3
4812,ready,1,1,0,636,13917.36,18419.06
4813,ready,1,2,1,636,18192.81,24261.1
4814,ready,1,1,0,636,13689.82,18437.15
4815,ready,1,2,1,636,14056.59,19419.06
4816,ready,2,3,2,636,27548.31,34523.2
4817,ready,2,1,0,636,25957.77,31083.12
4818,ready,1,1,0,636,13110.65,21853.96
4819,ready,2,1,0,636,13342.4,21412.75
4820,ready,1,1,0,636,13883.52,27211.32
4821,ready,1,1,0,636,11795.36,16600.7
4822,ready,1,1,0,636,11794.7,16813.09
4823,ready,1,2,1,636,11166.16,63006.6
4824,ready,4,1,0,636,17805.27,21719.75
4825,ready,1,2,1,636,11162.1,17549.52
4826,ready,1,2,1,636,17169.73,23338.57
4827,ready,2,2,1,636,25608.17,30631.93
4828,ready,2,1,0,636,27533.34,32213.58
4829,ready,2,1,0,636,27491.12,32311.7
4830,ready,2,1,0,636,11800.62,17134.52
4831,ready,1,1,0,636,11164.8,28243.23
4832,ready,1,1,0,636,11162.18,16781.29
4833,ready,2,1,0,636,25728.99,29704.76
4834,ready,1,1,0,636,13104.33,17270
4835,ready,2,1,0,636,25318.91,29794.5
4836,ready,2,1,0,636,13353.45,18436.9
4837,ready,2,1,0,636,13342.36,18135.72
4838,ready,2,1,0,636,26085.17,30950.42
4839,ready,2,1,0,636,26095.33,30604.77
4840,ready,1,2,1,636,15204.91,20927.01
4841,ready,1,1,0,636,18136,22208.28
4842,ready,3,1,0,636,28723.68,33994.33
4843,ready,1,1,0,636,16664.59,21783.93
4844,ready,2,1,0,636,25724,30350.27
4845,ready,1,1,0,636,13946.76,18292.5
4846,ready,2,1,0,636,27033.05,30747.47
4847,ready,2,1,0,636,27026.79,31799.1
4848,ready,2,1,0,636,13345.13,23641.64
4849,ready,1,2,1,636,11793.76,17913.56
4850,ready,2,1,0,636,27842.53,32346.03
4851,ready,1,1,0,636,21603.84,26254.1
4852,ready,2,1,0,636,27516.61,31778.84
4853,ready,1,2,1,636,15230.8,21068.72
4854,ready,1,1,0,636,16875.19,21629.03
4855,ready,3,1,0,636,16443.32,21138.48
4856,ready,2,1,0,636,26275.25,31337.65
4857,ready,2,1,0,636,25744.39,30183.14
4858,ready,1,1,0,636,9720.06,17563.37
4859,ready,2,2,1,636,26989.96,31674.75
4860,ready,1,1,0,636,9718.57,18009.14
4861,ready,2,1,0,636,25973.94,30115.78
4862,ready,1,1,0,636,13923.51,23653.86
4863,ready,2,1,0,636,25842.28,29895.25
4864,ready,1,2,1,636,13104.28,30273.99
4865,ready,3,1,0,636,28021.35,33450.6
4866,notice_fetch_failed,1,3,2,240,11788.49,59148.97
4867,ready,2,1,0,636,27028.1,31764.41
4868,ready,1,1,0,636,16978.7,21293.38
4869,ready,2,3,2,636,25957.64,32875.95
4870,ready,1,1,0,636,13901.6,23641.67
4871,ready,1,1,0,636,9720.36,25814.29
4872,ready,2,1,0,636,13353.1,27053.56
4873,ready,1,1,0,636,11165.6,16240.32
4874,ready,2,1,0,636,25129.11,30270.19
4875,ready,2,1,0,636,25892.25,29613.8
4876,ready,3,1,0,636,27014.47,31952.57
4877,ready,1,1,0,636,13110.85,17088.19
4878,ready,1,1,0,636,11790.58,18752.14
4879,ready,2,1,0,636,25952.39,30065.27
4880,ready,2,1,0,636,26046.3,30838.04
4881,ready,2,2,1,636,25405.39,30848.11
4882,ready,1,1,0,636,21782.2,26085.16
4883,ready,1,1,0,636,19822.37,25133.1
4884,ready,2,1,0,636,26993.44,32266.06
4885,ready,2,1,0,636,27624.33,31778.77
4886,ready,1,1,0,636,13883.3,18845.38
4887,ready,2,2,1,636,13307.31,18901.76
4888,ready,1,1,0,636,11797.25,16096.06
4889,ready,1,1,0,636,13104.27,17553.32
4890,ready,2,1,0,636,25764.19,30762.95
4891,ready,1,1,0,636,9718.92,17702.33
4892,ready,1,1,0,636,14707.68,19418.7
4893,ready,1,1,0,636,13883.4,17930.98
4894,ready,1,1,0,636,17770.01,21857.38
4895,ready,1,1,0,636,14405.25,19301.74
4896,ready,3,1,0,636,28404.6,32453.68
4897,ready,2,1,0,636,13383.91,18106.98
4898,ready,2,1,0,636,11803.5,15993.31
4899,ready,3,1,0,636,28674.34,33339.61
4900,ready,3,1,0,636,28588.33,33806.73
4901,ready,2,1,0,636,27272.07,31097.46
4902,ready,2,1,0,636,26069.84,31408.23
4903,ready,2,1,0,636,27273.92,32362.96
4904,ready,1,1,0,636,13149.95,17238.92
4905,ready,1,1,0,636,11797.62,31846.09
4906,ready,2,1,0,636,25914.92,30923.49
4907,ready,2,3,2,636,13326.4,66254.73
4908,ready,2,1,0,636,27930.94,32037.54
4909,ready,1,2,1,636,13870.39,65911.65
4910,ready,2,1,0,636,27274.02,31201.9
4911,ready,1,1,0,636,13940.63,18454.83
4912,ready,2,1,0,636,27859.47,31777.24
4913,ready,1,1,0,636,13152.31,18005.27
4914,ready,2,1,0,636,13330.45,17210.8
4915,ready,1,2,1,636,11792.14,63748.98
4916,ready,2,3,2,636,25767.9,32520.69
4917,ready,2,2,1,636,11800.82,17570.91
4918,ready,2,2,1,636,11801.37,23790.43
4919,ready,2,1,0,636,27012.88,31608.34
4920,ready,1,1,0,636,15953.09,21256.99
4921,ready,2,1,0,636,11802.87,16728.61
4922,ready,1,1,0,636,13110.56,18173.27
4923,ready,2,1,0,636,25865.77,29828.18
4924,ready,2,1,0,636,25866.93,30090.58
4925,ready,1,1,0,636,11798.25,28974.6
4926,ready,2,1,0,636,27394.01,32402.23
4927,ready,2,1,0,636,25957.75,29841.99
4928,ready,1,1,0,636,19196.48,25131.97
4929,ready,1,2,1,636,11793.7,27099.36
4930,ready,4,1,0,636,31145.27,36140.91
4931,ready,1,1,0,636,13104.73,18373.83
4932,ready,2,1,0,636,13383.87,18246.09
4933,ready,2,1,0,636,25916.17,30065.13
4934,ready,2,1,0,636,27009.14,31001.34
4935,ready,2,1,0,636,26034.24,30996.85
4936,ready,1,1,0,636,11797.88,16592.7
4937,ready,1,1,0,636,13151.38,18059.27
4938,ready,2,1,0,636,27536.38,32199.48
4939,ready,2,1,0,636,27028.3,31950.16
4940,ready,1,1,0,636,21704.24,27451.92
4941,ready,1,1,0,636,17300.66,21344.7
4942,ready,3,1,0,636,29102.89,34249.42
4943,ready,1,1,0,636,22314.28,26309.62
4944,ready,1,1,0,636,13149.8,17178.72
4945,ready,2,1,0,636,13330.67,18120.51
4946,ready,2,2,1,636,25671.04,31278.09
4947,ready,2,1,0,636,27032.28,31074.27
4948,ready,1,1,0,636,11787.17,23475.05
4949,ready,2,1,0,636,25638.11,30889.18
4950,ready,2,1,0,636,26317.46,30360.01
4951,ready,2,1,0,636,25607.81,29794.46
4952,ready,2,2,1,636,27041.27,33284.39
4953,ready,1,1,0,636,13689.78,18527.01
4954,ready,1,1,0,636,13150.07,18207.27
4955,ready,1,1,0,636,5748.65,14661.16
4956,ready,2,2,1,636,27272.19,32084.11
4957,ready,2,1,0,636,26195.85,30166.4
4958,ready,1,1,0,636,11790.09,17087.4
4959,ready,2,2,1,636,11804.44,29559.72
4960,ready,2,1,0,636,27281.24,31263.79
4961,ready,2,1,0,636,26006.13,30111.43
4962,ready,2,1,0,636,27008.17,30927.47
4963,ready,2,1,0,636,25129.18,30326.32
4964,ready,1,2,1,636,11792.47,17566.11
4965,ready,1,2,1,636,11787.72,17326.79
4966,ready,2,1,0,636,26309.85,31000.04
4967,ready,3,2,1,636,27782.51,32799.34
4968,ready,1,1,0,636,17085.87,21177.87
4969,ready,1,1,0,636,18254.99,23481.18
4970,ready,2,1,0,636,25663.9,30177.04
4971,ready,1,1,0,636,13104.53,17207.08
4972,ready,2,1,0,636,25437.91,30678.61
4973,ready,2,1,0,636,25653.92,30838.18
4974,ready,2,1,0,636,25850.86,30903.68
4975,ready,2,1,0,636,26991.38,31734.66
4976,ready,2,1,0,636,27007.53,31415.47
4977,ready,1,1,0,636,11791.93,16934.02
4978,ready,2,2,1,636,13353.52,19018.29
4979,ready,1,1,0,636,11797.32,16855.54
4980,ready,2,1,0,636,25880.68,30897.14
4981,ready,1,1,0,636,20327.94,25132.4
4982,ready,2,1,0,636,27280.24,31592.4
4983,ready,1,1,0,636,11165.46,17385.55
4984,ready,1,1,0,636,11798.29,18106.43
4985,ready,1,1,0,636,18195.76,22920.47
4986,ready,1,2,1,636,22461.01,28713.79
4987,ready,1,1,0,636,16290.04,21026.79
4988,ready,2,1,0,636,27845.93,32936.15
4989,ready,1,1,0,636,16698.45,20927.19
4990,ready,1,2,1,636,19826.62,25183.2
4991,ready,1,1,0,636,16437.15,20642.8
4992,ready,2,1,0,636,27697.88,31994.77
4993,ready,1,3,2,636,11165.45,18436.82
4994,ready,2,1,0,636,26998.44,31618.88
4995,ready,2,1,0,636,27045.31,32069.57
4996,ready,3,2,1,636,27364.73,32977.46
4997,ready,1,1,0,636,11798.72,18690.92
4998,ready,2,1,0,636,25961.45,30774.18
4999,ready,1,1,0,636,18289.52,22842.98
5000,ready,1,2,1,636,17156.92,22718.66
5001,ready,2,1,0,636,27784.85,32345.68
5002,ready,1,1,0,636,15237.01,19480.12
5003,ready,1,1,0,636,11794.38,17087.68
5004,ready,1,1,0,636,19031.85,25131.75
5005,ready,3,1,0,636,28250.97,33315.08
5006,ready,1,1,0,636,11795.06,16095.94
5007,ready,2,1,0,636,11803.48,16961.21
5008,ready,2,1,0,636,26038.68,30701.58
5009,ready,2,1,0,636,27236.9,32084.02
5010,ready,1,1,0,636,13151.41,18331.19
5011,ready,2,1,0,636,28075.04,32816.74
5012,ready,2,1,0,636,27238.27,31913.28
5013,ready,1,1,0,636,11802.54,16519.72
5014,ready,1,1,0,636,13937.14,20527.98
5015,ready,2,2,1,636,27847.6,33806.9
5016,ready,2,1,0,636,27827.9,32306.42
5017,ready,1,1,0,636,13149.62,17702.37
5018,ready,2,2,1,636,11802.01,28520.48
5019,ready,1,1,0,636,13901.35,26939.48
5020,ready,2,1,0,636,27009.19,32037.95
5021,ready,1,1,0,636,16052.28,20306.26
5022,ready,2,1,0,636,26219.94,30558.25
5023,ready,2,1,0,636,13341.24,17290.85
5024,ready,1,1,0,636,11796.76,16666.78
5025,ready,2,1,0,636,27032.98,31712.08
5026,ready,1,1,0,636,13901.45,18252.59
5027,ready,2,1,0,636,13329.83,17566.44
5028,ready,2,1,0,636,25372.35,30386.94
5029,ready,1,1,0,636,13913.75,18106.9
5030,ready,1,1,0,636,21120.17,26001.71
5031,ready,1,1,0,636,13946.69,25132.25
5032,ready,1,1,0,636,11162.11,18011.43
5033,ready,2,1,0,636,27032.39,31951.02
5034,ready,1,2,1,636,13914.46,65024.77
5035,ready,1,1,0,636,13901.79,18203.01
5036,ready,2,1,0,636,27208.31,31128.31
5037,ready,1,1,0,636,11788.51,18039.66
5038,ready,2,1,0,636,26275.28,31209.05
5039,ready,1,2,1,636,11787.77,29690.79
5040,ready,2,2,1,636,25932.52,30468.78
5041,ready,1,1,0,636,13880.31,18542.56
5042,ready,2,1,0,636,27002.76,31846.38
5043,ready,2,1,0,636,13327.47,18143.97
5044,ready,1,1,0,636,13104.04,17731.71
5045,ready,2,1,0,636,27827.94,31608.27
5046,ready,1,1,0,636,13880.72,17946.27
5047,ready,1,1,0,636,16289.96,21505.93
5048,ready,2,2,1,636,25577.93,30996.78
5049,ready,1,1,0,636,18171.22,22066.25
5050,ready,1,1,0,636,15173.08,19279.58
5051,ready,1,3,2,636,16096.6,22843.04
5052,ready,2,1,0,636,27009.12,32016.14
5053,ready,2,2,1,636,11801.95,30379.4
5054,ready,3,1,0,636,24175,28576.11
5055,ready,2,1,0,636,27035.17,30987.93
5056,ready,2,1,0,636,26083.6,30229.45
5057,ready,1,1,0,636,11162.34,25367.3
5058,ready,1,1,0,636,13913.43,18885.8
5059,ready,2,1,0,636,26277.23,30672.91
5060,ready,3,1,0,636,28532.45,33395.23
5061,ready,1,2,1,636,13104.17,18461.88
5062,ready,2,1,0,636,13359.79,18313.55
5063,ready,1,1,0,636,13111.16,18172.69
5064,ready,3,1,0,636,29468.81,33285.3
5065,ready,1,2,1,636,11799.91,29290.96
5066,ready,1,1,0,636,13151.11,18121.58
5067,ready,1,1,0,636,11798.05,16811.81
5068,ready,1,1,0,636,15223.08,19478.1
5069,ready,2,1,0,636,26123.98,31440.57
5070,ready,2,3,2,636,13344.84,66180.17
5071,ready,1,1,0,636,11166.08,17160.67
5072,ready,2,1,0,636,27548.57,32038.06
5073,ready,2,1,0,636,25378.9,30663.21
5074,ready,2,1,0,636,27502.89,31279.42
5075,ready,2,2,1,636,27536.32,32877.25
5076,ready,3,1,0,636,28736.04,32816.85
5077,ready,2,1,0,636,25672.27,30548.28
5078,ready,1,1,0,636,13883.39,18975.32
5079,ready,1,1,0,636,17084.36,20946.04
5080,ready,2,1,0,636,27008.04,32042.17
5081,ready,1,1,0,636,11791.71,16748.33
5082,ready,1,1,0,636,18289.55,22500.65
5083,ready,2,2,1,636,13317.21,18831.67
5084,ready,2,1,0,636,25844.81,30682.59
5085,ready,1,1,0,636,16858.85,20926.87
5086,ready,1,1,0,636,17861.32,22679.94
5087,ready,1,1,0,636,15185.03,19288.86
5088,ready,2,1,0,636,25575.75,30375.83
5089,ready,2,2,1,636,27541.87,32879.69
5090,ready,2,1,0,636,25983.94,30279.63
5091,ready,2,1,0,636,26041.37,30377.92
5092,ready,1,1,0,636,13151.16,18419.08
5093,ready,1,1,0,636,18282.28,22980.13
5094,ready,2,1,0,636,13317.43,17729.53
5095,ready,2,2,1,636,25864.11,30897.22
5096,ready,1,1,0,636,14066.73,18173.21
5097,ready,1,1,0,636,11166.71,19030.61
5098,ready,1,1,0,636,17839.64,23115.83
5099,ready,1,1,0,636,14020.43,18122.17
5100,ready,2,1,0,636,13305.49,19128.41
5101,ready,3,2,1,636,28617,33285.55
5102,ready,2,1,0,636,25437.88,30014.8
5103,ready,1,1,0,636,13149.42,18383.19
5104,ready,1,2,1,636,15311.02,20960.68
5105,ready,2,1,0,636,27030.03,31019.36
5106,ready,1,1,0,636,13913.55,18121.01
5107,ready,2,1,0,636,27014.34,32269
5108,ready,1,1,0,636,19196.46,24982.3
5109,ready,2,1,0,636,25963.31,30706.99
5110,ready,1,1,0,636,13951.21,18057.84
5111,ready,1,1,0,636,22289.97,27307.61
5112,ready,1,1,0,636,19196.42,24411.61
5113,ready,1,2,1,636,11167.09,29071.67
5114,ready,3,3,2,636,29135.69,36617.01
5115,ready,1,1,0,636,13892.16,18516.02
5116,ready,2,1,0,636,25275.21,29383.65
5117,ready,2,1,0,636,25678.28,30722.86
5118,ready,3,1,0,636,30370.77,34266.7
5119,ready,2,1,0,636,27786.04,33285.42
5120,ready,2,1,0,636,25271.86,30215.44
5121,ready,1,1,0,636,16684.43,20993.75
5122,ready,3,1,0,636,27955.94,32993.16
5123,ready,2,1,0,636,25439.87,30292.78
5124,ready,2,1,0,636,26275.12,30996.62
5125,ready,1,1,0,636,11166.91,21256.9
5126,ready,1,1,0,636,13901.65,19785.1
5127,ready,2,1,0,636,25724.07,30297.48
5128,ready,1,1,0,636,19031.86,24127.99
5129,ready,2,1,0,636,28058.63,32269.67
5130,ready,1,1,0,636,16964.77,21830.68
5131,ready,1,1,0,636,18814.85,23480.33
5132,ready,3,1,0,636,28562.84,32455.37
5133,ready,1,1,0,636,11792.64,16855.56
5134,ready,1,1,0,636,11792.6,34092.42
5135,ready,2,1,0,636,27313.24,31045.16
5136,ready,1,1,0,636,13901.42,18175.27
5137,ready,2,1,0,636,13360.13,17261.82
5138,ready,2,1,0,636,26275.32,31850.86
5139,ready,1,1,0,636,14005.68,19279.53
5140,ready,2,1,0,636,27509.24,32002.97
5141,ready,3,1,0,636,28862.9,32894.74
5142,ready,1,1,0,636,18258.82,23338.66
5143,ready,2,1,0,636,27024.06,32166.94
5144,ready,1,1,0,636,11797.15,17088.59
5145,ready,2,1,0,636,27850.73,33409.23
5146,ready,1,1,0,636,11797.81,33453
5147,ready,2,1,0,636,26202.33,31145.88
5148,ready,1,1,0,636,15310.6,20041.52
5149,ready,1,1,0,636,13150.89,17563.24
5150,ready,1,2,1,636,11166.28,17564.65
5151,ready,1,1,0,636,18366.95,23288.38
5152,ready,2,1,0,636,11803.27,16433.76
5153,ready,2,1,0,636,25880.53,30331.86
5154,ready,2,1,0,636,27031.09,32227.5
5155,ready,1,1,0,636,18418.32,22161.16
5156,ready,1,1,0,636,17085.8,21026.71
5157,ready,2,1,0,636,26209.25,30863.07
5158,ready,2,1,0,636,26996.95,31505.01
5159,ready,1,1,0,636,13152.08,17397.63
5160,ready,2,1,0,636,13345.52,18171.55
5161,ready,1,1,0,636,13150.9,17129.66
5162,ready,1,2,1,636,15339.32,20327.99
5163,ready,2,1,0,636,27907.44,32817.17
5164,ready,1,1,0,636,20923.73,26221.2
5165,ready,1,1,0,636,13880.49,28782.4
5166,ready,2,1,0,636,26992,32309.17
5167,ready,1,1,0,636,18639.12,22406.06
5168,ready,2,1,0,636,27030.14,32126.45
5169,ready,2,2,1,636,25397.03,30990.84
5170,ready,1,1,0,636,18044.67,23330
5171,ready,2,1,0,636,27268.37,32084.54
5172,ready,1,1,0,636,11793.64,16114.47
5173,ready,2,1,0,636,27983.88,32765.56
5174,ready,1,1,0,636,13937.21,18360.25
5175,ready,1,1,0,636,18388.12,23498.32
5176,ready,2,1,0,636,27367.3,31297.26
5177,ready,2,2,1,636,27235.28,31800.03
5178,ready,3,1,0,636,28901.82,33285.38
5179,ready,1,1,0,636,11165.9,22338.44
5180,ready,1,2,1,636,11796.67,23493.84
5181,ready,1,1,0,636,13914.02,20020.12
5182,ready,2,1,0,636,25812.01,29703.86
5183,ready,1,1,0,636,22227.43,28243.2
5184,ready,2,1,0,636,27236.96,32109.43
5185,ready,2,1,0,636,13317.34,18945.82
5186,ready,2,1,0,636,26033.4,30934.1
5187,ready,2,1,0,636,25513.24,29359.34
5188,ready,1,1,0,636,20923.79,25132.99
5189,ready,2,1,0,636,13342.57,18615.8
5190,ready,1,1,0,636,18255.05,23481.03
5191,ready,2,1,0,636,25661.32,30252.9
5192,ready,1,1,0,636,13902.1,18120.75
5193,ready,1,1,0,636,14786,20306.32
5194,ready,1,1,0,636,13152.4,18121.46
5195,ready,1,1,0,636,11797.51,18014.15
5196,ready,1,1,0,636,14057.08,18940.3
5197,ready,2,1,0,636,25885.27,30336.97
5198,ready,1,2,1,636,11793.77,16339.78
5199,ready,1,1,0,636,22234.39,27169.39
5200,ready,1,1,0,636,11162.39,16836.75
5201,ready,3,1,0,636,28740.28,33449.39
5202,ready,1,1,0,636,18371.87,22808.92
5203,ready,2,1,0,636,13353.48,18539.72
5204,ready,1,1,0,636,11166.37,16432.96
5205,ready,2,2,1,636,25930.15,30790.09
5206,ready,2,1,0,636,27534.89,31717.82
5207,ready,3,1,0,636,28016.29,32036.81
5208,ready,1,1,0,636,16052.22,21308.15
5209,ready,1,1,0,636,11795.25,17089.72
5210,ready,1,1,0,636,16181.83,21458.98
5211,ready,1,1,0,636,16297.86,21158.24
5212,ready,2,1,0,636,27768.91,32037.88
5213,ready,1,1,0,636,18320.78,22696.55
5214,ready,1,1,0,636,11802.84,16781.28
5215,ready,1,1,0,636,19437.24,24270.09
5216,ready,1,2,1,636,13941.73,66000.19
5217,ready,1,1,0,636,5748.77,14661.56
5218,ready,1,1,0,636,11797.69,19040.2
5219,ready,1,1,0,636,11797.02,16756.3
5220,ready,2,1,0,636,27229.99,31514.78
5221,ready,2,1,0,636,27833.49,31618.93
5222,ready,2,2,1,636,27374.79,32833.86
5223,ready,1,1,0,636,11797.05,16823.87
5224,ready,2,3,2,636,13325.93,19949.41
5225,ready,1,2,1,636,18367.06,24105.67
5226,ready,2,1,0,636,27008.27,31491.27
5227,ready,2,1,0,636,13341.9,19650.49
5228,ready,2,1,0,636,25527.93,30157.65
5229,ready,1,1,0,636,18544.05,23165.8
5230,ready,1,1,0,636,9719.24,17161.22
5231,ready,2,1,0,636,25495.91,30082.03
5232,ready,1,2,1,636,13104.19,18454.77
5233,ready,1,1,0,636,13150.48,19198.56
5234,ready,2,1,0,636,27044.84,30958.15
5235,ready,2,1,0,636,27041.65,31723.83
5236,ready,1,1,0,636,11794.39,16215.2
5237,ready,1,2,1,636,11789.12,27039.8
5238,ready,2,1,0,636,27014.93,31990.72
5239,ready,2,1,0,636,25366.93,30775.81
5240,ready,2,1,0,636,27028.33,31913.47
5241,ready,1,1,0,636,11791.28,16663
5242,ready,1,1,0,636,11802.72,25832.68
5243,ready,2,1,0,636,27008.01,31970.23
5244,ready,2,1,0,636,11801.64,16483.79
5245,ready,1,1,0,636,9719.68,17698.15
5246,ready,1,1,0,636,13949.59,27207.87
5247,ready,3,1,0,636,27862.3,31850.8
5248,ready,2,1,0,636,27000.25,32269.35
5249,ready,2,2,1,636,27842.44,33410.46
5250,ready,1,1,0,636,22468.34,26245.75
5251,ready,1,1,0,636,19629.97,25132.53
5252,ready,2,1,0,636,26006.17,29837.13
5253,ready,2,1,0,636,11800.63,17192.88
5254,ready,2,1,0,636,25437.89,30122.02
5255,ready,1,1,0,636,9718.31,16505.29
5256,ready,2,1,0,636,13342.19,17567.94
5257,ready,2,1,0,636,27035.15,31951.26
5258,ready,1,1,0,636,13913.67,19253.59
5259,ready,3,1,0,636,20923.52,25132.55
5260,ready,2,1,0,636,25842.26,29927.52
5261,ready,1,1,0,636,18170.64,23132.88
5262,ready,2,2,1,636,11803.86,28786.08
5263,ready,2,1,0,636,13331.07,18436.99
5264,ready,1,1,0,636,19031.97,23178.35
5265,ready,2,1,0,636,25366.72,29629.56
5266,ready,2,1,0,636,27937.32,32132.62
5267,ready,2,1,0,636,25990.65,31014.09
5268,ready,1,1,0,636,11802.71,17087.59
5269,ready,1,1,0,636,13901.77,19142.38
5270,ready,2,1,0,636,27032.97,31505.56
5271,ready,1,1,0,636,17678.41,22982.33
5272,ready,1,1,0,636,14404.61,18490.83
5273,ready,2,1,0,636,25886.44,30140.9
5274,ready,1,1,0,636,16698.53,21118.96
5275,ready,2,1,0,636,13330.98,20153.38
5276,ready,1,1,0,636,14139.74,19279.77
5277,ready,1,1,0,636,14057.09,18120.58
5278,ready,2,1,0,636,27030.91,31145.39
5279,ready,1,1,0,636,19281.59,24261.14
5280,ready,2,1,0,636,27042.02,31348.1
5281,ready,2,1,0,636,27014.3,31717.12
5282,ready,3,1,0,636,29547.29,34266.94
5283,ready,2,1,0,636,11803.32,28750.68
5284,ready,2,1,0,636,25961.46,30155.96
5285,ready,1,1,0,636,13151.75,17425.77
5286,ready,2,1,0,636,27849.1,32699.52
5287,ready,2,1,0,636,11802.08,16138.03
5288,ready,2,1,0,636,25807.8,30081.93
5289,ready,2,2,1,636,26996.17,31308.41
5290,ready,3,1,0,636,20923.57,25132.64
5291,ready,2,1,0,636,27002.57,32076.23
5292,ready,1,1,0,636,11798.99,16161.9
5293,ready,2,1,0,636,27238.33,31833.18
5294,ready,2,1,0,636,26996.57,31255.95
5295,ready,2,2,1,636,26094.39,31996.04
5296,ready,2,1,0,636,13327.17,18494.76
5297,ready,1,2,1,636,11800.08,16959.63
5298,ready,2,1,0,636,27106.44,30987.77
5299,ready,1,1,0,636,18158.68,23314.58
5300,ready,2,1,0,636,26114.38,30987.81
5301,ready,2,1,0,636,26069.81,30082.89
5302,ready,1,1,0,636,11793.53,16096.27
5303,ready,1,2,1,636,13110.74,19156.13
5304,ready,1,1,0,636,18894.98,24261.16
5305,ready,2,1,0,636,25984.03,30673.08
5306,ready,2,2,1,636,25204.94,30377.67
5307,ready,1,2,1,636,17349.73,23088.08
5308,ready,2,1,0,636,27510.15,32192.44
5309,ready,3,1,0,636,28058.74,32180.32
5310,ready,1,1,0,636,13152.07,17178.75
5311,ready,1,2,1,636,14025.37,21920.74
5312,ready,2,1,0,636,27550.89,31879.12
5313,ready,2,1,0,636,26018.89,30345.3
5314,ready,1,1,0,636,22237.99,26521.04
5315,ready,1,1,0,636,13174.33,28240.15
5316,ready,1,1,0,636,16440.81,21687.08
5317,ready,2,1,0,636,13326.61,18411.18
5318,ready,1,1,0,636,11788.08,16849.11
5319,ready,1,1,0,636,20048.29,25132.06
5320,ready,2,1,0,636,25647.41,29711.94
5321,ready,1,1,0,636,11164.59,16706.72
5322,ready,3,1,0,636,28400.73,32783.83
5323,ready,2,1,0,636,25971.99,30148.96
5324,ready,1,1,0,636,17236.79,21938.25
5325,ready,2,1,0,636,26033.25,30113.73
5326,ready,2,1,0,636,27233.24,31382.15
5327,ready,1,1,0,636,9719.23,24104.39
5328,ready,1,1,0,636,11800.2,16663.07
5329,ready,1,1,0,636,11791.79,25836.44
5330,ready,3,1,0,636,28872.45,32939.77
5331,ready,1,1,0,636,11792.21,25132.2
5332,ready,2,1,0,636,26035.54,30869.1
5333,ready,2,1,0,636,13360.09,17566.19
5334,ready,1,1,0,636,15689.31,20047.59
5335,ready,2,1,0,636,27374.89,32010.34
5336,ready,3,1,0,636,28333.94,32977.39
5337,ready,1,2,1,636,11797.82,18039.9
5338,ready,2,2,1,636,27369.93,33299.96
5339,ready,1,1,0,636,15213.46,19833.18
5340,ready,1,3,2,636,13892.11,20306.13
5341,ready,1,2,1,636,11789.46,30098.84
5342,ready,1,2,1,636,11795.37,30377.41
5343,ready,1,1,0,636,16698.48,21294.69
5344,ready,2,1,0,636,27275.56,31183.44
5345,ready,3,1,0,636,28876.78,32977.25
5346,ready,2,1,0,636,26172.88,30915.64
5347,ready,1,1,0,636,18567.52,23628.67
5348,ready,2,1,0,636,13385.54,17326.77
5349,ready,2,1,0,636,27272.12,31302.25
5350,ready,1,2,1,636,13926.16,32069.69
5351,ready,2,1,0,636,26016.71,30858.59
5352,ready,1,2,1,636,11161.78,29020.13
5353,ready,1,1,0,636,13917.23,18419.18
5354,ready,2,1,0,636,27547.2,32076.16
5355,ready,2,1,0,636,27009.3,31466.2
5356,ready,1,1,0,636,18175.81,22490.33
5357,ready,2,1,0,636,13341.65,18529.49
5358,ready,1,1,0,636,17651.57,22863.51
5359,ready,1,1,0,636,13939.08,18879.89
5360,ready,2,1,0,636,26114.34,30112.94
5361,ready,2,1,0,636,13345.3,17923.83
5362,ready,2,1,0,636,25996.63,30726.59
5363,ready,2,1,0,636,25844.82,29779.17
5364,ready,2,1,0,636,27581.45,32175.06
5365,ready,2,1,0,636,27492.81,31333.43
5366,ready,1,1,0,636,13943.4,18419.16
5367,ready,1,1,0,636,11166.18,18106.21
5368,ready,2,1,0,636,26141.14,31080.78
5369,ready,2,1,0,636,27272.03,32174.77
5370,ready,1,2,1,636,11790.45,17570.96
5371,ready,2,1,0,636,26006.1,30849.96
5372,ready,2,1,0,636,27030.97,31721.51
5373,ready,2,1,0,636,25988.15,30484.02
5374,ready,2,1,0,636,25614.7,30891.12
5375,ready,2,1,0,636,25533.57,30710.96
5376,ready,2,1,0,636,13342.44,17230.25
5377,ready,2,2,1,636,27020.88,33009.11
5378,ready,2,3,2,636,25129.1,31914.75
5379,ready,2,1,0,636,13326.16,18121.17
5380,ready,1,1,0,636,16287.82,20568.34
5381,ready,1,1,0,636,20923.83,25663.88
5382,ready,1,1,0,636,15066.15,19418.61
5383,ready,2,1,0,636,25981.23,30911.78
5384,ready,1,1,0,636,11790.95,17087.66
5385,ready,1,1,0,636,11166,18939.63
5386,ready,1,2,1,636,11794.07,62791.29
5387,ready,1,1,0,636,11798.53,27052.08
5388,ready,2,1,0,636,27638.47,33050.88
5389,ready,2,1,0,636,25392.93,30423.96
5390,ready,2,2,1,636,13353.05,65275.34
5391,ready,1,1,0,636,14900.37,20306.33
5392,ready,3,1,0,636,28541.38,33614.87
5393,ready,2,1,0,636,27014.22,30838.12
5394,ready,1,1,0,636,13881.01,25221.74
5395,ready,2,1,0,636,25675.95,30864.3
5396,ready,3,1,0,636,28727.41,33941.78
5397,ready,1,1,0,636,11798.39,16378.05
5398,ready,1,1,0,636,11164.66,25216.93
5399,ready,1,1,0,636,13917.13,23481.08
5400,ready,2,2,1,636,13341.13,31713.58
5401,ready,1,1,0,636,9719.95,19257.6
5402,ready,4,1,0,636,15875.28,19635.89
5403,ready,1,2,1,636,11793.37,30182.67
5404,ready,2,1,0,636,27485.77,32798.73
5405,ready,1,1,0,636,20923.65,25259.01
5406,ready,2,1,0,636,26993.78,30996.82
5407,ready,1,1,0,636,11791.19,16375.79
5408,ready,2,1,0,636,13330.88,18202.87
5409,ready,2,2,1,636,25479.9,30249.12
5410,ready,1,1,0,636,18446.06,23688.17
5411,ready,1,1,0,636,11166.53,17699.9
5412,ready,1,1,0,636,13150.91,27341.99
5413,ready,2,1,0,636,13341.08,21197.86
5414,ready,2,1,0,636,27882.41,31832.68
5415,ready,2,1,0,636,26108.09,31670.14
5416,ready,2,1,0,636,25629.79,30436.09
5417,ready,3,1,0,636,28757.38,33499.54
5418,ready,1,1,0,636,13151.58,18175.36
5419,ready,1,1,0,636,11799.02,16700.77
5420,ready,1,1,0,636,11791.81,16935.65
5421,ready,1,1,0,636,17188.03,22208.79
5422,ready,2,1,0,636,27280.07,32253.58
5423,ready,2,1,0,636,27024.05,32123.96
5424,ready,1,2,1,636,13870.56,30657.16
5425,ready,2,1,0,636,25536.92,30377.26
5426,ready,2,1,0,636,13330.92,18245.98
5427,ready,1,2,1,636,11167.1,62346.85
5428,ready,2,1,0,636,13341.1,17361.8
5429,ready,1,1,0,636,13152.69,17361.77
5430,ready,2,1,0,636,25401.74,30242.1
5431,ready,2,1,0,636,25880.81,29762.31
5432,ready,1,1,0,636,9720.61,24982.04
5433,ready,1,1,0,636,11788.72,16961.7
5434,ready,1,1,0,636,11797.4,16339.65
5435,ready,1,1,0,636,11800.21,26395.19
5436,ready,2,1,0,636,26107.7,30789.74
5437,ready,2,2,1,636,26040.28,31932.12
5438,ready,1,1,0,636,22853.36,27084.43
5439,ready,1,2,1,636,13149.97,18437.12
5440,ready,1,1,0,636,13104.07,18121.84
5441,ready,2,1,0,636,27025.07,32062.34
5442,ready,2,1,0,636,11804.28,17188
5443,ready,1,1,0,636,15066.1,19426.28
5444,ready,2,1,0,636,13342.88,18808.71
5445,ready,1,1,0,636,17129.87,21423.41
5446,ready,2,1,0,636,13383.75,18846.87
5447,ready,2,1,0,636,13326.26,18533.31
5448,ready,1,1,0,636,13926.2,18445.95
5449,ready,2,1,0,636,13342.61,18039.78
5450,ready,1,1,0,636,21602.58,26851.58
5451,ready,2,1,0,636,27693.36,32071.14
5452,ready,2,1,0,636,25749.8,30840.67
5453,ready,2,1,0,636,27022.71,31403.52
5454,ready,1,1,0,636,13117.7,18492.06
5455,ready,1,1,0,636,14900.57,19432.99
5456,ready,1,1,0,636,15114.11,19301.69
5457,ready,2,1,0,636,27024.01,32262.33
5458,ready,3,1,0,636,29289.75,33842.75
5459,ready,2,1,0,636,27008.06,31756.99
5460,ready,2,1,0,636,13353.29,18107.12
5461,ready,1,1,0,636,13883.48,19279.42
5462,ready,2,1,0,636,28083.14,33285.02
5463,ready,1,2,1,636,22234.59,27379.6
5464,ready,2,1,0,636,26245.79,30250.6
5465,ready,2,2,1,636,25529.26,30890.42
5466,ready,1,2,1,636,22234.91,28278.31
5467,ready,2,1,0,636,26040.25,30394.36
5468,ready,1,1,0,636,11165.83,16384.9
5469,ready,2,2,1,636,26021.17,31538.68
5470,ready,1,1,0,636,16455.48,20581.85
5471,ready,2,1,0,636,13325.46,18752.09
5472,ready,1,1,0,636,5748.82,14661.63
5473,ready,2,1,0,636,27016.67,31408.16
5474,ready,3,1,0,636,29090.67,33942
5475,ready,1,1,0,636,21602.4,26440.13
5476,ready,2,1,0,636,25206.19,29428.48
5477,ready,2,1,0,636,25371.16,30631.89
5478,ready,2,2,1,636,28003.44,33428
5479,ready,2,1,0,636,28060.92,32959.88
5480,ready,2,1,0,636,27834.1,32368.75
5481,ready,2,1,0,636,25850.82,30934.03
5482,notice_fetch_failed,1,3,2,240,11795.44,25168.72
5483,ready,1,1,0,636,13870.71,19418.66
5484,ready,2,1,0,636,27007.84,31505.13
5485,ready,2,1,0,636,25527.84,29563.89
5486,ready,2,1,0,636,27383.74,32496.23
5487,ready,1,1,0,636,16881.69,21287.47
5488,ready,1,1,0,636,11796.09,16551.06
5489,ready,2,1,0,636,27369.91,31904.68
5490,ready,1,1,0,636,13901.55,19216.19
5491,ready,2,1,0,636,25840.99,31138.26
5492,ready,1,1,0,636,18514.6,23688.12
5493,ready,2,1,0,636,13360.16,18171.69
5494,ready,1,1,0,636,11794.73,25367.27
5495,ready,2,1,0,636,27398.74,31263.58
5496,ready,2,2,1,636,13330.18,64591.48
5497,ready,2,1,0,636,25961.28,30918.73
5498,ready,1,1,0,636,11794.84,16348.62
5499,ready,2,2,1,636,27277.48,33444.23
5500,ready,1,1,0,636,9719.7,30444.47
5501,ready,2,1,0,636,27491.1,32168.87
5502,ready,1,1,0,636,13913.96,18004.26
5503,ready,3,2,1,636,29218.3,34108.16
5504,ready,2,1,0,636,27587.77,32367.31
5505,ready,1,1,0,636,14405.17,19424.93
5506,ready,1,2,1,636,11787.39,29344.35
5507,ready,2,2,1,636,13326.04,29752.83
5508,ready,1,1,0,636,13149.77,18252.43
5509,ready,2,1,0,636,25182.95,29008.39
5510,ready,1,1,0,636,19058.58,23480.31
5511,ready,2,1,0,636,25957.74,30009.86
5512,ready,2,1,0,636,25930.8,29915.95
5513,ready,2,1,0,636,26219.91,30829.72
5514,ready,1,1,0,636,13881.16,18005.15
5515,ready,2,1,0,636,27541.95,31822.68
5516,ready,2,1,0,636,26099.11,30116.24
5517,ready,1,2,1,636,11164.04,20306.21
5518,ready,2,1,0,636,27847.46,31867.53
5519,ready,2,1,0,636,13342.01,18121.61
5520,ready,2,1,0,636,27272.04,31421.3
5521,ready,1,1,0,636,11797.9,17564.62
5522,ready,1,1,0,636,11789.34,16236.35
5523,ready,2,1,0,636,27009.51,31241.28
5524,ready,2,2,1,636,27031.05,31529.82
5525,ready,2,1,0,636,25418.04,29458.16
5526,ready,2,2,1,636,25129.12,30685.66
5527,ready,1,1,0,636,13881.11,19022.48
5528,ready,2,1,0,636,11801.26,16376.12
5529,ready,1,2,1,636,13151.17,18939.78
5530,ready,2,1,0,636,11800.81,16501.05
5531,ready,2,1,0,636,28075,31993.46
5532,ready,1,1,0,636,20592.42,25183.22
5533,ready,1,1,0,636,21704.29,25608.42
5534,ready,2,1,0,636,27007.46,31993.4
5535,ready,1,1,0,636,11797.64,19201.36
5536,ready,1,1,0,636,16994.2,21287.15
5537,ready,1,1,0,636,13687.55,18245.95
5538,ready,1,2,1,636,13152.06,30192.07
5539,ready,4,1,0,636,31183.35,35600.22
5540,ready,1,1,0,636,13938.98,19192.8
5541,ready,4,1,0,636,31021.12,35536.47
5542,ready,2,1,0,636,27014.39,31080.6
5543,ready,2,1,0,636,27537.88,31972.03
5544,ready,1,1,0,636,13870.69,18550.86
5545,ready,1,2,1,636,11799.37,17088.34
5546,ready,1,1,0,636,11165.73,16754.5
5547,ready,1,1,0,636,13913.56,25552.76
5548,ready,1,1,0,636,11795.07,26962.25
5549,ready,2,1,0,636,27533.47,31990.79
5550,ready,2,1,0,636,27030,31734.02
5551,ready,2,2,1,636,13344.96,19570.01
5552,ready,1,1,0,636,13902.01,18244.68
5553,ready,1,2,1,636,13174.15,19020.03
5554,ready,1,1,0,636,13955.55,18982.29
5555,ready,1,1,0,636,11797.91,17129.61
5556,ready,1,1,0,636,13951.07,18508.33
5557,ready,1,1,0,636,11792.51,17089.7
5558,ready,1,1,0,636,15310.57,20383.49
5559,ready,2,1,0,636,27273.77,32168.79
5560,ready,2,1,0,636,25508.82,30599.96
5561,ready,2,1,0,636,27042.13,32170.93
5562,ready,2,1,0,636,26994.01,30832.37
5563,ready,2,1,0,636,11804.38,16558.78
5564,ready,3,1,0,636,29016.53,34347.96
5565,ready,2,1,0,636,13326.72,17550.27
5566,ready,2,1,0,636,25823.16,30857.29
5567,ready,1,1,0,636,11799.87,16215.23
5568,ready,2,1,0,636,25724.04,30481.78
5569,ready,2,1,0,636,11801.05,16960.31
5570,ready,1,1,0,636,11163.74,18106.65
5571,ready,1,2,1,636,11798.54,16849.19
5572,ready,2,2,1,636,25880.62,30763.22
5573,ready,3,1,0,636,28827.25,32862.92
5574,ready,2,2,1,636,11800.95,63437.55
5575,ready,2,1,0,636,11803.67,18106.17
5576,ready,1,1,0,636,18217.18,23493.89
5577,ready,1,1,0,636,11787.43,16407.12
5578,ready,3,1,0,636,28067.39,33307
5579,ready,1,1,0,636,17843.22,23314.54
5580,ready,1,1,0,636,13689.68,18447.5
5581,ready,1,1,0,636,13892.29,19198.59
5582,ready,1,2,1,636,11166.63,28781.28
5583,ready,2,1,0,636,27288.04,32108.36
5584,ready,2,1,0,636,11801.51,28974.55
5585,ready,2,1,0,636,13330.79,17689.1
5586,ready,1,1,0,636,11164.05,18039.3
5587,ready,1,1,0,636,13149.99,17256.79
5588,ready,2,1,0,636,27031,31123.79
5589,ready,2,1,0,636,27000.38,31045.07
5590,ready,2,1,0,636,27236.76,31347.86
5591,ready,1,1,0,636,13913.84,19237.36
5592,ready,1,1,0,636,18229.93,22185.45
5593,ready,1,2,1,636,13116.99,64632.52
5594,ready,2,1,0,636,26035.51,31364.33
5595,ready,2,1,0,636,25988.13,30098.92
5596,ready,1,1,0,636,17615.26,22964.99
5597,ready,2,1,0,636,27026.71,32345.22
5598,ready,1,2,1,636,11796.69,29883.03
5599,ready,1,1,0,636,18872.06,24111.22
5600,ready,3,1,0,636,28068.71,31964.16
5601,ready,1,1,0,636,15183.23,19288.99
5602,ready,1,1,0,636,19743.82,24270.12
5603,ready,2,1,0,636,13330.05,18815.05
5604,ready,2,1,0,636,25977.32,30962.5
5605,ready,2,1,0,636,25885.29,30935.71
5606,ready,2,1,0,636,27009.26,31183.48
5607,ready,2,1,0,636,25531.14,30375.9
5608,ready,1,1,0,636,15185.05,20617.67
5609,ready,1,1,0,636,15152.16,20047.7
5610,ready,1,2,1,636,13940.83,19320.78
5611,ready,1,2,1,636,13116.98,65049.37
5612,ready,2,1,0,636,27009.91,31990.59
5613,ready,2,1,0,636,26064.6,30198.76
5614,ready,2,1,0,636,28060.95,32011.88
5615,ready,1,1,0,636,13917.35,18123.08
5616,ready,1,1,0,636,14063.25,18490.43
5617,ready,2,1,0,636,27011.39,31375.48
5618,ready,2,1,0,636,25402.93,29654.06
5619,ready,2,1,0,636,13325.71,17555.07
5620,ready,3,1,0,636,28591.05,32983.38
5621,ready,2,2,1,636,26996.35,32953.96
5622,ready,1,1,0,636,13946.67,19089.47
5623,ready,1,1,0,636,9719.86,18063.8
5624,ready,2,1,0,636,27274.12,31992.12
5625,ready,1,1,0,636,9718.97,17419.83
5626,ready,1,1,0,636,9719.34,19556.61
5627,ready,2,1,0,636,27349.78,32003.04
5628,ready,1,1,0,636,11794.48,17088.64
5629,ready,1,1,0,636,13880.4,27072.09
5630,ready,1,1,0,636,13152.54,18295.74
5631,ready,1,1,0,636,22854.95,27366.9
5632,ready,1,1,0,636,22856.36,27207.98
5633,ready,2,2,1,636,27025.04,32488.26
5634,ready,1,1,0,636,9719.21,31875.33
5635,ready,1,1,0,636,18481.53,23543.91
5636,ready,1,2,1,636,17238.87,23314.38
5637,ready,2,1,0,636,26108.11,31188.63
5638,ready,2,1,0,636,26312.64,31415.4
5639,ready,1,1,0,636,11791.03,16932.93
5640,ready,1,1,0,636,13914.33,28894.96
5641,ready,1,1,0,636,9718.93,30794.84
5642,ready,1,1,0,636,11788.75,16580.75
5643,ready,1,1,0,636,13881.58,18418.93
5644,ready,1,1,0,636,11798.98,16420.5
5645,ready,2,1,0,636,27273.82,31450.24
5646,ready,3,1,0,636,28032.05,32189.39
5647,ready,2,1,0,636,26338.78,31034.38
5648,ready,2,1,0,636,27820.55,32851.5
5649,ready,1,1,0,636,19031.18,23197.02
5650,ready,2,1,0,636,25418.02,30757.95
5651,ready,2,1,0,636,26033.33,31326.48
5652,ready,1,1,0,636,13883.5,19253.33
5653,ready,2,1,0,636,25319,29908.91
5654,ready,1,1,0,636,11165.32,18106.04
5655,ready,2,1,0,636,25842.34,30962.57
5656,ready,2,1,0,636,25767.88,30636.99
5657,ready,1,1,0,636,13117.64,17088.46
5658,ready,2,1,0,636,28001.8,32345.49
5659,ready,2,1,0,636,27272.06,32189.95
5660,ready,1,1,0,636,13151.49,17134.5
5661,ready,2,1,0,636,25207.39,30318
5662,ready,2,1,0,636,28052.45,32063.57
5663,ready,1,1,0,636,23278.07,28732.13
5664,ready,2,1,0,636,27531.88,32522.66
5665,ready,2,1,0,636,26092.96,30774.07
5666,ready,2,1,0,636,27041.95,30909.69
5667,ready,1,1,0,636,14943.06,18975.25
5668,ready,1,1,0,636,11789.06,27449.04
5669,ready,2,1,0,636,25378.96,30400.01
5670,ready,2,1,0,636,26042.89,31071.64
5671,ready,2,1,0,636,27400.05,31364.46
5672,ready,1,1,0,636,11787.88,16348.81
5673,ready,1,1,0,636,16966.32,21927.56
5674,ready,1,1,0,636,11165.8,19253.62
5675,ready,1,1,0,636,17961.3,22155.43
5676,ready,2,1,0,636,27014.77,32084.07
5677,ready,1,1,0,636,18459.75,23478.93
5678,ready,2,1,0,636,11803.11,16534.46
5679,ready,2,1,0,636,27044.17,31813.61
5680,ready,2,1,0,636,27548.37,31622.48
5681,ready,1,2,1,636,13174.18,30638.96
5682,ready,2,1,0,636,13317.13,17269.9
5683,ready,1,1,0,636,17085.59,20927.3
5684,ready,1,1,0,636,17296.06,21284.56
5685,ready,1,2,1,636,21117.67,26098.77
5686,ready,2,2,1,636,25129.15,30145.05
5687,ready,1,1,0,636,15216.92,19216.14
5688,ready,2,1,0,636,11801.86,26148.59
5689,ready,1,1,0,636,13926.19,25347.93
5690,ready,2,1,0,636,27309.18,32833.47
5691,ready,3,1,0,636,25128.77,29061.57
5692,ready,1,3,2,636,13952.89,19650.57
5693,ready,2,1,0,636,11803.55,16197.72
5694,ready,2,1,0,636,28045.2,32522.85
5695,ready,1,1,0,636,5748.78,14661.51
5696,ready,1,1,0,636,11794.51,16813.06
5697,ready,2,2,1,636,27022.8,32939.84
5698,ready,1,1,0,636,11788.01,16096.33
5699,ready,1,1,0,636,22232.22,27129.42
5700,ready,2,1,0,636,26284.53,30996.66
5701,ready,1,1,0,636,11166.87,17385.59
5702,ready,6,1,0,636,65088.61,69127.26
5703,ready,2,1,0,636,27285.02,31538.63
5704,ready,1,1,0,636,13902.11,23314.55
5705,ready,2,1,0,636,27271.59,31591.01
5706,ready,1,2,1,636,18183.3,23805.42
5707,ready,1,1,0,636,11792.55,17538.87
5708,ready,2,1,0,636,27234.73,31970.3
5709,ready,1,1,0,636,11787.78,31106.83
5710,ready,2,1,0,636,11803.79,25975.27
5711,ready,2,1,0,636,27389.71,31931.91
5712,ready,1,1,0,636,14086,19149.92
5713,ready,2,1,0,636,27045.14,31295.91
5714,ready,2,1,0,636,27014.59,31138.37
5715,ready,2,1,0,636,25961.37,31241.03
5716,ready,1,1,0,636,15148.5,20456.57
5717,ready,3,1,0,636,28218.1,31949.98
5718,ready,2,1,0,636,27000.26,31717.48
5719,ready,2,2,1,636,27872.04,32939.72
5720,ready,1,2,1,636,17850.6,23493.73
5721,ready,2,1,0,636,13330.36,18445.98
5722,ready,1,1,0,636,13973.76,19323.3
5723,ready,2,1,0,636,27273.73,32199.61
5724,ready,2,1,0,636,11802.96,16892.16
5725,ready,3,1,0,636,28168.23,32888.23
5726,ready,1,2,1,636,11802.36,62486.81
5727,ready,1,1,0,636,17381.68,21642.66
5728,ready,1,1,0,636,11794.52,16930.77
5729,ready,2,1,0,636,26047.85,30774.47
5730,ready,1,1,0,636,11798.55,16378.13
5731,ready,2,1,0,636,27374.91,31440.43
5732,ready,1,2,1,636,20454.54,25749.77
5733,ready,1,1,0,636,11791.97,28241.81
5734,ready,2,1,0,636,26275.06,31072.15
5735,ready,3,1,0,636,28602.11,33326.2
5736,ready,3,1,0,636,16161.43,20926.97
5737,ready,1,1,0,636,13946.71,19156.17
5738,ready,1,1,0,636,22238.04,25990.61
5739,ready,1,1,0,636,15673.74,25183.27
5740,ready,1,1,0,636,13914.36,19198.67
5741,ready,2,1,0,636,27937.36,31992.07
5742,ready,1,1,0,636,15114.13,20476.31
5743,ready,1,1,0,636,17085.73,21116.13
5744,ready,1,1,0,636,17344.88,21479.84
5745,ready,1,1,0,636,11166.65,31867.84
5746,ready,1,1,0,636,17301.03,22901.83
5747,ready,1,1,0,636,13880.78,18107.15
5748,ready,2,1,0,636,13343.06,17309.14
5749,ready,1,1,0,636,17085.79,21461.66
5750,ready,1,1,0,636,11798.3,16620.8
5751,ready,2,1,0,636,11800.39,16340.88
5752,ready,2,1,0,636,27531.86,32002.77
5753,ready,1,1,0,636,16189.67,21213.82
5754,ready,2,1,0,636,13326.15,18591.01
5755,ready,2,1,0,636,27491.13,32958.54
5756,ready,3,1,0,636,29030.02,34442.61
5757,ready,2,1,0,636,27273.74,31348.02
5758,ready,1,1,0,636,16801.03,20927.07
5759,ready,1,1,0,636,13901.47,19418.51
5760,ready,2,1,0,636,27502.88,32107.52
5761,ready,3,1,0,636,28477.48,32973
5762,ready,2,1,0,636,27014.43,30891.14
5763,ready,1,1,0,636,16455.46,20927.41
5764,ready,3,1,0,636,28983.34,34009.01
5765,ready,2,1,0,636,28045.32,31972.12
5766,ready,1,1,0,636,13117.27,17252.73
5767,ready,2,1,0,636,27026.58,30796.83
5768,ready,2,1,0,636,27002.67,31181.33
5769,ready,2,1,0,636,27995.26,33285.1
5770,ready,3,2,1,636,16316.34,21148.56
5771,ready,2,1,0,636,26996.82,30935.62
5772,ready,2,1,0,636,27277.39,31256.34
5773,ready,1,3,2,636,13881.54,20961.93
5774,ready,1,1,0,636,13914.38,18810.14
5775,ready,1,1,0,636,18387.91,23317.84
5776,ready,1,1,0,636,11795.08,25132.18
5777,ready,2,1,0,636,26085.23,31347.96
5778,ready,2,1,0,636,27281.96,31819.42
5779,ready,1,1,0,636,17967.4,21933.59
5780,ready,3,1,0,636,28650.84,32940.01
5781,ready,1,3,2,636,15156.2,22451.98
5782,ready,1,1,0,636,13881.4,18003.93
5783,ready,1,1,0,636,14049.61,19279.66
5784,ready,1,1,0,636,11788.82,18227.93
5785,ready,1,1,0,636,9719.4,17137.61
5786,ready,2,1,0,636,13326.48,18172.18
5787,ready,2,1,0,636,26225.17,31263.45
5788,ready,2,1,0,636,25816.51,30241.89
5789,ready,1,2,1,636,14943.04,20466.44
5790,ready,2,1,0,636,27862.31,32076.19
5791,ready,2,1,0,636,27998.94,33283.99
5792,ready,1,1,0,636,11799.62,17088.15
5793,ready,2,1,0,636,28098.91,32309.65
5794,ready,2,1,0,636,26274.89,30177.01
5795,ready,1,1,0,636,11161.94,16761.42
5796,ready,1,1,0,636,13940.68,18437.32
5797,ready,2,1,0,636,13325.91,17550.34
5798,ready,1,1,0,636,18877.5,24099.81
5799,ready,1,1,0,636,13946.73,18479.85
5800,ready,2,1,0,636,26996.85,31758.04
5801,ready,2,1,0,636,26052.47,30329.95
5802,ready,1,1,0,636,13870.34,18355.92
5803,ready,2,1,0,636,27998.91,32913.28
5804,ready,2,1,0,636,25408.63,29524.75
5805,ready,2,1,0,636,13365.92,17433.64
5806,ready,1,1,0,636,13151.57,18410.98
5807,ready,1,1,0,636,9718.55,33982.22
5808,ready,2,1,0,636,27786.02,32557.65
5809,ready,2,1,0,636,25786.5,30525.56
5810,ready,2,1,0,636,26068.45,30813.22
5811,ready,2,1,0,636,13341.68,25367.11
5812,ready,2,1,0,636,27863.61,32069.53
5813,ready,2,1,0,636,25607.83,30283.44
5814,ready,1,1,0,636,15992.09,20153.35
5815,ready,2,1,0,636,27274.09,31993.45
5816,ready,1,1,0,636,13149.64,17549.57
5817,ready,2,2,1,636,13329.88,19884.87
5818,ready,4,1,0,636,30071.67,35427.96
5819,ready,2,1,0,636,27035.22,32309.12
5820,ready,1,2,1,636,21623.74,25887.74
5821,ready,2,1,0,636,27534.9,32863.15
5822,ready,2,1,0,636,26003.01,30283.35
5823,ready,2,1,0,636,27002.8,32180.01
5824,ready,2,2,1,636,11804.03,30339.64
5825,ready,1,1,0,636,13111.03,17570.93
5826,ready,1,2,1,636,11794.88,17930.92
5827,ready,2,1,0,636,25479.92,30609.83
5828,ready,2,1,0,636,25728.95,29770.41
5829,ready,1,2,1,636,11787.81,16814.34
5830,ready,2,1,0,636,13360.04,17324.26
5831,ready,2,1,0,636,27032.42,31764.61
5832,ready,1,1,0,636,11166.54,16096.2
5833,ready,1,1,0,636,11166.42,19040.23
5834,ready,2,2,1,636,27548.54,32746.57
5835,ready,2,1,0,636,28100.17,33284.89
5836,ready,2,2,1,636,27234.81,32426.56
5837,ready,1,1,0,636,17864.68,22114.03
5838,ready,2,1,0,636,27043.22,31421.38
5839,ready,2,1,0,636,27009.85,32175.14
5840,ready,2,1,0,636,11800.58,25183.31
5841,ready,1,1,0,636,13174.28,18314.98
5842,ready,1,2,1,636,13880.68,19197.03
5843,ready,1,2,1,636,11165.2,17088.75
5844,ready,2,1,0,636,26282.68,30427.45
5845,ready,2,2,1,636,25908.5,30848.05
5846,ready,1,2,1,636,17913.74,23477.08
5847,ready,2,1,0,636,26991.87,31348.16
5848,ready,2,1,0,636,27045.02,31767.8
5849,ready,2,1,0,636,26989.99,30999.77
5850,ready,1,1,0,636,11793.92,16519.69
5851,ready,2,1,0,636,27211.08,31799.55
5852,ready,2,1,0,636,27534.85,32383.46
5853,ready,2,1,0,636,27533.38,31992.11
5854,ready,1,1,0,636,18208.49,23107.67
5855,ready,1,1,0,636,11164.38,16748.37
5856,ready,2,1,0,636,13345.06,18172.87
5857,ready,1,1,0,636,11798.62,31602.45
5858,ready,2,1,0,636,26193.59,30594.61
5859,ready,2,1,0,636,11802,16557.52
5860,ready,1,2,1,636,13104.64,19433.03
5861,ready,1,1,0,636,11797.24,16534.25
5862,ready,2,1,0,636,26141.1,31401.95
5863,ready,1,1,0,636,13948.29,19016.2
5864,ready,1,1,0,636,13880.65,19280.1
5865,ready,1,2,1,636,11792.7,17087.47
5866,ready,2,1,0,636,13325.97,19036.98
5867,ready,1,1,0,636,9719.3,24104.36
5868,ready,1,1,0,636,18354.21,22824.42
5869,ready,2,1,0,636,27551.01,32368.68
5870,ready,3,1,0,636,28612.46,33284.32
5871,ready,2,1,0,636,26120.44,31075.65
5872,ready,2,1,0,636,28114.01,33085.06
5873,ready,1,1,0,636,18619.53,23338.63
5874,ready,2,1,0,636,13342.43,17913.35
5875,ready,1,2,1,636,11791,18040.16
5876,ready,2,1,0,636,25993.23,30999.91
5877,ready,2,1,0,636,27383.71,32318.07
5878,ready,1,1,0,636,18889.34,29427.2
5879,ready,1,1,0,636,9720.4,18022.49
5880,ready,1,1,0,636,11790.97,25202.47
5881,ready,2,1,0,636,28084.62,32900.76
5882,ready,2,1,0,636,26996.55,32003
5883,ready,2,2,1,636,25564.31,30967.74
5884,ready,1,1,0,636,13948.23,18006.24
5885,ready,2,1,0,636,13330.15,17261.77
5886,ready,2,1,0,636,25496.07,29572.84
5887,ready,1,1,0,636,18159.33,22880.15
5888,ready,1,1,0,636,13111.04,27039.77
5889,ready,1,2,1,636,13105.05,29304.12
5890,ready,2,1,0,636,27524.22,32959.91
5891,ready,2,1,0,636,25401.69,30459.25
5892,ready,1,1,0,636,11794.22,17129.33
5893,ready,2,1,0,636,26064.64,31145.57
5894,ready,1,1,0,636,11790.25,16819.03
5895,ready,1,1,0,636,14404.48,19253.86
5896,ready,1,1,0,636,13940.61,18445.79
5897,ready,1,1,0,636,17893.5,22806.68
5898,ready,1,2,1,636,11789,29549.72
5899,ready,1,1,0,636,14900.46,26060.78
5900,ready,1,1,0,636,11788.53,16698.98
5901,ready,1,1,0,636,13892.35,19020
5902,ready,1,1,0,636,11787.42,16744.07
5903,ready,2,1,0,636,25802.74,30112.88
5904,ready,1,1,0,636,13104.29,17946.47
5905,ready,2,1,0,636,27638.5,32140.21
5906,ready,1,1,0,636,13917.3,18943.08
5907,ready,2,2,1,636,27031.03,33315.01
5908,ready,2,1,0,636,27833.44,32310.14
5909,ready,1,2,1,636,17084.41,21818.1
5910,ready,1,1,0,636,16684.27,20539.02
5911,ready,1,1,0,636,11795.16,16664.77
5912,ready,2,1,0,636,27518.74,32124.2
5913,ready,1,1,0,636,13926.29,18863.32
5914,ready,2,1,0,636,27850.49,31584.53
5915,ready,1,1,0,636,21602.61,27072.16
5916,ready,1,1,0,636,18178.38,22901.97
5917,ready,2,2,1,636,27509.12,32646.58
5918,ready,1,1,0,636,13943.47,19214.12
5919,ready,1,1,0,636,11163.86,16339.73
5920,ready,1,1,0,636,5748.84,14661.9
5921,ready,1,1,0,636,22854.94,28295.35
5922,ready,1,1,0,636,22856.35,27373.55
5923,ready,2,1,0,636,11800.88,16602.23
5924,ready,1,1,0,636,11786.83,17187.99
5925,ready,2,1,0,636,13342.56,18515.92
5926,ready,2,1,0,636,25981.18,31080.68
5927,ready,2,1,0,636,25993.21,30825.83
5928,ready,1,1,0,636,21611.67,26366.12
5929,ready,2,2,1,636,25288.83,30534.4
5930,ready,1,1,0,636,14900.3,19851.9
5931,ready,1,1,0,636,18319.25,22969.87
5932,ready,1,1,0,636,13914.4,19047.5
5933,ready,1,2,1,636,13151.72,65415.61
5934,ready,3,1,0,636,27893.26,32954.06
5935,ready,2,1,0,636,26153.93,30824.95
5936,ready,2,1,0,636,13342.16,18175.16
5937,ready,4,1,0,636,15114.04,20441.85
5938,ready,2,1,0,636,27008.29,30774.38
5939,ready,2,1,0,636,25930.08,31268.61
5940,ready,1,1,0,636,18171.26,22155.32
5941,ready,1,1,0,636,11788.04,17087.56
5942,ready,2,2,1,636,27273.75,32894.76
5943,ready,1,1,0,636,13174.2,17923.74
5944,ready,2,2,1,636,25367.06,30045.08
5945,ready,2,1,0,636,11800.27,29118.69
5946,ready,2,1,0,636,25897.52,30545.39
5947,ready,2,1,0,636,25548.86,30200.23
5948,ready,3,1,0,636,28238.58,33285.54
5949,ready,1,1,0,636,11802.41,26095.25
5950,ready,1,1,0,636,17130.04,21450.84
5951,ready,2,2,1,636,27035.2,32213.66
5952,ready,2,1,0,636,13326.05,18889.26
5953,ready,2,1,0,636,27002.48,31928.11
5954,ready,1,1,0,636,11792.23,17194.15
5955,ready,2,1,0,636,13326.64,28998.95
5956,ready,2,1,0,636,27032.3,32108.99
5957,ready,4,1,0,636,30156.59,35543.54
5958,ready,2,1,0,636,25866.88,31138.21
5959,ready,2,1,0,636,27273.69,31874.22
5960,ready,2,1,0,636,27991.28,33285.33
5961,ready,3,3,2,636,28909.59,35901.33
5962,ready,1,1,0,636,18218.67,23314.4
5963,ready,2,2,1,636,27579.2,32056.54
5964,ready,1,1,0,636,13150.97,17913.38
5965,ready,1,1,0,636,11791.8,21429.15
5966,ready,1,1,0,636,14900.41,19949.38
5967,ready,2,1,0,636,26993.62,31413.85
5968,ready,2,1,0,636,25513.35,30771.61
5969,ready,5,1,0,636,33505.23,38389.51
5970,ready,2,2,1,636,13371.85,19568.72
5971,ready,2,1,0,636,11801.02,16829.01
5972,ready,2,1,0,636,26185.99,30782.27
5973,ready,2,1,0,636,26997.07,31325.2
5974,ready,2,1,0,636,13314.09,18896.21
5975,ready,1,3,2,636,13152.6,19734.75
5976,ready,2,1,0,636,27002.63,31593.68
5977,ready,2,1,0,636,26165.76,30278.01
5978,ready,1,1,0,636,14033.93,18557.38
5979,ready,1,1,0,636,13151.86,17289.57
5980,ready,1,1,0,636,14047.16,19279.88
5981,ready,3,1,0,636,28849.9,33283.94
5982,ready,2,3,2,636,27382.05,34911.29
5983,ready,1,1,0,636,11166.69,17359.76
5984,ready,1,2,1,636,11795.9,62629.77
5985,ready,2,1,0,636,27236.83,31081.11
5986,ready,1,2,1,636,13940.59,19432.97
5987,ready,1,1,0,636,20504.46,24982.53
5988,ready,2,1,0,636,26996.43,32252.25
5989,ready,1,1,0,636,9719.98,25952.37
5990,ready,2,1,0,636,27041.55,31993.41
5991,ready,2,1,0,636,27042.18,31263.67
5992,ready,2,1,0,636,13341.84,17129.5
5993,ready,2,2,1,636,25653.88,30225.48
5994,ready,2,1,0,636,27540.03,31757.97
5995,ready,3,2,1,636,29264.17,35708.99
5996,ready,2,1,0,636,25725.74,30140.97
5997,ready,2,1,0,636,27000.41,32107.87
5998,ready,1,1,0,636,13150.72,17731.78
5999,ready,1,1,0,636,11790.93,16378.16
6000,ready,1,2,1,636,11786.99,62531.52
6001,ready,2,1,0,636,13330.93,18107.31
6002,ready,1,1,0,636,11793.4,16828.82
6003,ready,2,1,0,636,27002.5,32122.84
6004,ready,1,1,0,636,20368.89,25132.69
6005,ready,2,1,0,636,26989.81,30808.59
6006,ready,2,1,0,636,25206.17,29423.44
6007,ready,1,2,1,636,13943.25,19118.99
6008,ready,2,1,0,636,27014.84,31202.07
6009,ready,1,1,0,636,11799.88,16384.82
6010,ready,2,1,0,636,25479.89,30157.62
6011,ready,2,1,0,636,27002.78,31932.21
6012,ready,1,1,0,636,11787.82,16814.41
6013,ready,2,1,0,636,27271.85,31457.83
6014,ready,2,1,0,636,13345.01,17147.52
6015,ready,1,1,0,636,18056.04,22912.51
6016,ready,1,1,0,636,11788.84,16574.27
6017,ready,2,1,0,636,13307.27,17129.45
6018,ready,2,1,0,636,27014.89,31669.88
6019,ready,2,2,1,636,25671.06,30782.17
6020,ready,1,2,1,636,11791.04,62835.46
6021,ready,1,1,0,636,13149.65,27030.86
6022,ready,1,1,0,636,11163.77,17728.18
6023,ready,2,2,1,636,27850.71,34216.08
6024,ready,1,1,0,636,13914.32,19110.46
6025,ready,1,1,0,636,13117.09,18445.76
6026,ready,1,2,1,636,11802.64,29206.94
6027,ready,2,1,0,636,13342.85,18171.73
6028,ready,1,1,0,636,11800.14,16376.02
6029,ready,1,2,1,636,13687.67,18979.79
6030,ready,2,1,0,636,26225.11,30201.51
6031,ready,2,1,0,636,13327.54,18004.09
6032,ready,2,1,0,636,28079.25,32072.56
6033,ready,2,1,0,636,25710.84,30290.88
6034,ready,1,1,0,636,11802.55,29703.73
6035,ready,2,2,1,636,25508.68,30962.61
6036,ready,1,1,0,636,11799.42,16520.27
6037,ready,1,1,0,636,11798.57,16732.42
6038,ready,2,1,0,636,28147.23,32220.11
6039,ready,1,1,0,636,20923.69,25132.73
6040,ready,1,1,0,636,20924.06,25394.61
6041,ready,2,1,0,636,13325.59,18361.53
6042,ready,2,1,0,636,13325.35,17913.7
6043,ready,2,1,0,636,25962.2,29950.5
6044,ready,2,1,0,636,11801.2,16096.01
6045,ready,1,1,0,636,9719.73,17705.13
6046,ready,1,1,0,636,14786.16,19812.42
6047,ready,2,2,1,636,26141.19,31054.8
6048,ready,2,1,0,636,11801.49,16962.47
6049,ready,2,1,0,636,25994.46,29797.27
6050,ready,1,1,0,636,14900.38,19914.69
6051,ready,3,1,0,636,16781.42,21832.55
6052,ready,1,2,1,636,9719.04,17194.19
6053,ready,3,1,0,636,16314.89,21358.84
6054,ready,2,1,0,636,27794.04,31874.17
6055,ready,1,1,0,636,16875.08,21026.75
6056,ready,1,1,0,636,11787.24,17396.2
6057,ready,2,1,0,636,27022.79,31899.83
6058,ready,2,2,1,636,13383.73,18120.55
6059,ready,2,1,0,636,27770.27,33284.86
6060,ready,1,1,0,636,22234.35,27237.96
6061,ready,1,1,0,636,13949.47,19161.26
6062,ready,1,1,0,636,22857.7,29383.6
6063,ready,1,1,0,636,11162.38,26211.21
6064,ready,2,1,0,636,11801.24,16339.6
6065,ready,2,1,0,636,25962.24,31098.23
6066,ready,2,2,1,636,11802.13,17931.74
6067,ready,2,1,0,636,13330.41,18501.84
6068,ready,1,3,2,636,11793.71,30360.11
6069,ready,2,1,0,636,13359.86,19835.74
6070,ready,2,1,0,636,27281.52,31408.49
6071,ready,2,1,0,636,27827.87,32954.1
6072,ready,1,1,0,636,13945.38,18123.23
6073,ready,1,1,0,636,9718.27,25132.77
6074,ready,2,1,0,636,27009.24,31317.25
6075,ready,1,1,0,636,16662.91,21143.57
6076,ready,2,1,0,636,25508.8,29648.23
6077,ready,2,1,0,636,26130.83,30594.57
6078,ready,1,1,0,636,15292.2,20153.22
6079,ready,1,2,1,636,11790.36,29453.56
6080,ready,1,2,1,636,13926.22,19567.17
6081,ready,2,1,0,636,25226.88,30098.89
6082,ready,1,1,0,636,14053.38,19318.05
6083,ready,1,1,0,636,11162.48,29603.79
6084,ready,1,1,0,636,17130.02,21676.15
6085,ready,2,1,0,636,26993.75,32219.92
6086,ready,2,1,0,636,27028.03,31431.23
6087,ready,2,1,0,636,13345.14,18441.1
6088,ready,1,1,0,636,13855.62,18363.55
6089,ready,2,1,0,636,25451.16,30958.32
6090,ready,2,1,0,636,27862.27,32976
6091,ready,1,1,0,636,18177.15,23124.27
6092,ready,1,1,0,636,13935.02,19142.36
6093,ready,2,1,0,636,27509.14,33082.94
6094,ready,1,1,0,636,19031.8,23171.31
6095,ready,1,1,0,636,11798.2,16828.97
6096,ready,2,2,1,636,25629.84,31992.18
6097,ready,3,1,0,636,28888.76,32907.16
6098,ready,1,1,0,636,13150.57,18253.15
6099,ready,2,1,0,636,25246.77,30086.62
6100,ready,2,2,1,636,25678.3,30848.15
6101,ready,1,1,0,636,11795.1,16909.11
6102,ready,1,1,0,636,13151.39,18445.9
6103,ready,1,1,0,636,9719.81,31532.36
6104,ready,2,2,1,636,13317.19,18472.09
6105,ready,1,2,1,636,11796.8,18245.88
6106,ready,2,1,0,636,28037.83,32132.34
6107,ready,2,1,0,636,27002.84,32036.78
6108,ready,2,1,0,636,25816.55,30391.02
6109,ready,2,1,0,636,28094.83,32167
6110,ready,3,1,0,636,29261.36,33889.49
6111,ready,2,1,0,636,27039.64,30932.58
6112,ready,1,1,0,636,13926.42,19218.39
6113,ready,2,1,0,636,27632.09,33284.08
6114,ready,4,1,0,636,30079.25,34195.87
6115,ready,2,1,0,636,11804.13,33395.18
6116,ready,1,2,1,636,14027.77,19418.98
6117,ready,1,2,1,636,22854.88,28446.2
6118,ready,2,1,0,636,28009.36,32467.63
6119,ready,1,1,0,636,16439.61,20476.29
6120,ready,2,2,1,636,27780.43,33010.38
6121,ready,2,1,0,636,13353.2,18399.03
6122,ready,2,3,2,636,13341.94,66274.33
6123,ready,1,1,0,636,11165.7,19169.68
6124,ready,2,1,0,636,13330.07,18300.11
6125,ready,1,1,0,636,11166.83,26054.74
6126,ready,1,1,0,636,13926.21,18254.74
6127,ready,2,1,0,636,27024.1,31899.07
6128,ready,1,1,0,636,9719.12,17722.11
6129,ready,1,1,0,636,20367.88,24270.15
6130,ready,1,2,1,636,14177.87,31641.6
6131,ready,2,1,0,636,13365.87,18319.45
6132,ready,1,1,0,636,11793.72,16422.12
6133,ready,1,1,0,636,9720.03,28981.82
6134,ready,1,1,0,636,16437.16,21212.75
6135,ready,1,1,0,636,17966.18,23330.05
6136,ready,1,1,0,636,20950.32,26181.15
6137,ready,1,2,1,636,11164.49,63090.4
6138,ready,1,1,0,636,13924.82,20328.24
6139,ready,1,1,0,636,11794.64,16096.16
6140,ready,1,1,0,636,19357.63,24982.58
6141,ready,1,1,0,636,21116.24,25562.28
6142,ready,2,1,0,636,28058.65,32269.44
6143,ready,1,2,1,636,11163.83,16775.75
6144,ready,2,1,0,636,27529.85,31618.85
6145,ready,2,1,0,636,25527.91,30682.44
6146,ready,1,1,0,636,13938.95,19154.69
6147,ready,2,1,0,636,27044.08,31810.98
6148,ready,1,1,0,636,18009.46,21924.1
6149,ready,1,2,1,636,11799.59,29269.32
6150,ready,2,1,0,636,13330.09,18486.62
6151,ready,2,1,0,636,27284.7,31437.77
6152,ready,2,1,0,636,25182.99,29157.42
6153,ready,1,1,0,636,11802.69,16339.69
6154,ready,2,1,0,636,25128.86,30229.52
6155,ready,2,1,0,636,25607.65,29733.73
6156,ready,2,1,0,636,27024.93,31779.09
6157,ready,2,1,0,636,27547.52,32833.61
6158,ready,2,1,0,636,27284.4,32833.82
6159,ready,1,1,0,636,11797.07,16875
6160,ready,2,1,0,636,27000.55,32256
6161,ready,1,1,0,636,23720.78,28937.94
6162,ready,4,1,0,636,30601.52,35395.32
6163,ready,1,2,1,636,17250.17,22950.56
6164,ready,1,2,1,636,14080.94,23481.02
6165,ready,1,1,0,636,19047.45,23317.82
6166,ready,2,1,0,636,11802.11,26110.48
6167,ready,1,1,0,636,14012.15,24100.51
6168,ready,1,1,0,636,16320.23,21325.83
6169,ready,2,1,0,636,27274.04,31381.97
6170,ready,2,1,0,636,13360.18,17935.92
6171,ready,1,1,0,636,11166.24,17708.46
6172,ready,1,1,0,636,18011.67,21984.99
6173,ready,2,1,0,636,25805.37,30940.82
6174,ready,1,1,0,636,13952.96,18982.38
6175,ready,1,1,0,636,13913.71,27048.95
6176,ready,1,1,0,636,13948.18,19505.22
6177,ready,3,1,0,636,28766.49,33570.55
6178,ready,3,1,0,636,28473.04,33085.01
6179,ready,2,1,0,636,13307.35,25284.51
6180,ready,2,1,0,636,13326.9,17394.06
6181,ready,1,2,1,636,16684.45,22498.1
6182,ready,1,3,2,636,11799.65,29751.09
6183,ready,1,2,1,636,13914.47,30652.87
6184,ready,2,1,0,636,27496.3,31799.41
6185,ready,1,1,0,636,14404.57,20927.44
6186,ready,1,1,0,636,13948.28,18553.87
6187,ready,1,1,0,636,14013.91,18171.64
6188,ready,1,1,0,636,16666.81,20605.83
6189,ready,1,1,0,636,13937.32,19280.19
6190,ready,2,1,0,636,11803.77,19050.02
6191,ready,3,1,0,636,28607.31,33842.65
6192,ready,2,1,0,636,11803.84,16314.75
6193,ready,1,1,0,636,17656.79,21996.89
6194,ready,1,1,0,636,13149.98,18292.68
6195,ready,1,1,0,636,21179.3,25883.64
6196,ready,2,1,0,636,27009.38,31847.91
6197,ready,2,2,1,636,13360.25,18383.09
6198,ready,1,1,0,636,13870.77,18205.56
6199,ready,1,2,1,636,20924.02,27589.01
6200,ready,2,1,0,636,27550.82,32875.99
6201,ready,2,2,1,636,26019.95,30967.93
6202,ready,2,1,0,636,27237.32,31402.98
6203,ready,1,1,0,636,11799.93,17260.33
6204,ready,1,1,0,636,13917.16,18370.36
6205,ready,1,1,0,636,20923.71,25371.13
6206,ready,1,1,0,636,13104.89,17913.46
6207,ready,1,1,0,636,16176.99,20926.47
6208,ready,3,1,0,636,28791.33,34033.49
6209,ready,2,2,1,636,13341.74,18975.36
6210,ready,2,2,1,636,27285.19,32496.15
6211,ready,1,1,0,636,18442.07,22467.09
6212,ready,1,1,0,636,16675.96,21877.56
6213,ready,2,1,0,636,27275.5,31711.61
6214,ready,1,1,0,636,15220.73,19831.9
6215,ready,1,1,0,636,9720.24,16908.99
6216,ready,1,1,0,636,17818.51,21888.82
6217,ready,1,1,0,636,19198.44,24264.51
6218,ready,1,1,0,636,18128.86,23034.1
6219,ready,1,1,0,636,11166.88,18093.93
6220,ready,1,1,0,636,13151.93,18370.4
6221,ready,4,1,0,636,30722.29,35137.34
6222,ready,1,1,0,636,13933.02,18232.68
6223,ready,2,2,1,636,13353.01,66143.65
6224,ready,2,2,1,636,25761.27,31287.67
6225,ready,1,1,0,636,16289.9,21068.74
6226,ready,1,1,0,636,21804.52,26274.78
6227,ready,2,1,0,636,25963.34,29996.04
6228,ready,1,1,0,636,15682.02,20926.77
6229,ready,2,1,0,636,27529.92,32263.96
6230,ready,1,1,0,636,11164.27,17309.15
6231,ready,1,1,0,636,16287.93,20926.58
6232,ready,2,1,0,636,26219.82,30339.6
6233,ready,2,1,0,636,13343.26,17562.69
6234,ready,1,1,0,636,14786.05,19763.83
6235,ready,2,1,0,636,25774.53,29751.16
6236,ready,1,1,0,636,16675.99,20927.25
6237,ready,1,1,0,636,13948.13,18980.01
6238,ready,2,2,1,636,27041.73,32875.82
6239,ready,2,2,1,636,28099.04,34039.31
6240,ready,1,2,1,636,14083.94,65038.08
6241,ready,2,1,0,636,26148.66,31363.97
6242,ready,1,2,1,636,14786.28,20157.96
6243,ready,1,1,0,636,13913.36,18145.25
6244,ready,1,1,0,636,11162.35,21957.11
6245,ready,2,1,0,636,27271.67,31919.74
6246,ready,2,1,0,636,27022.87,30838.1
6247,ready,2,1,0,636,27014.37,31164.9
6248,ready,1,2,1,636,20451.82,25620.11
6249,ready,2,1,0,636,25923.89,30644.23
6250,ready,1,2,1,636,9718.15,17197.7
6251,ready,2,1,0,636,27818.49,31812.62
6252,ready,3,1,0,636,29258.2,33759.98
6253,ready,2,2,1,636,26099.17,31228.13
6254,ready,1,1,0,636,14065.25,18441.13
6255,ready,2,1,0,636,26094.5,30394.31
6256,ready,1,1,0,636,11167.14,28747.67
6257,ready,2,1,0,636,27284.94,31145.94
6258,ready,2,1,0,636,13353.63,18897.52
6259,ready,4,1,0,636,31852.9,37236.75
6260,ready,2,1,0,636,27495.06,31440.51
6261,ready,1,1,0,636,11791.46,16928.11
6262,ready,2,1,0,636,26185.9,30412.27
6263,ready,2,1,0,636,27613.89,31403.21
6264,ready,2,1,0,636,25807.85,30240.36
6265,ready,1,2,1,636,13870.84,30010.16
6266,ready,2,1,0,636,25430.66,29240.29
6267,ready,2,1,0,636,26074.39,31205.21
6268,ready,1,1,0,636,11788.48,16519.66
6269,ready,1,2,1,636,13150.92,19065.37
6270,ready,2,1,0,636,27237.15,32010.17
6271,ready,3,1,0,636,29443.7,34528.14
6272,ready,2,1,0,636,26193.51,31777.3
6273,ready,1,1,0,636,13901.71,18543.88
6274,ready,2,1,0,636,26047.91,31268.5
6275,ready,2,2,1,636,13330.27,64643.89
6276,ready,1,1,0,636,13689.79,18879.97
6277,ready,2,1,0,636,27016.63,31711.45
6278,ready,1,1,0,636,15185.12,19353.25
6279,ready,2,2,1,636,13314.25,18584.45
6280,ready,2,1,0,636,26148.68,31080.31
6281,ready,1,1,0,636,9720.54,17320.62
6282,ready,2,1,0,636,27012.83,31459.13
6283,ready,2,1,0,636,25938.76,30958.38
6284,ready,1,1,0,636,13149.82,17194.13
6285,ready,2,1,0,636,28094.75,33301.04
6286,ready,3,1,0,636,18823.35,23314.45
6287,ready,1,1,0,636,11162.16,16375.99
6288,ready,2,1,0,636,11803.54,17087.09
6289,ready,2,1,0,636,28087.1,32192.65
6290,ready,2,1,0,636,13342.47,18945.91
6291,ready,3,1,0,636,28672.69,33951.42
6292,ready,2,1,0,636,11800.75,26153.02
6293,ready,2,1,0,636,13325.81,17185.37
6294,ready,2,2,1,636,25387.95,31112.77
6295,ready,2,1,0,636,11804.22,17088.44
6296,ready,1,2,1,636,11794.19,16395.42
6297,ready,2,2,1,636,27230.08,31849.27
6298,ready,1,1,0,636,13152.28,28988.12
6299,ready,2,1,0,636,25795.33,31278.02
6300,ready,1,1,0,636,13914.24,28664.82
6301,ready,2,3,2,636,13341.03,67068.3
6302,ready,1,2,1,636,11791.57,17566.46
6303,ready,2,1,0,636,13317.48,17256.78
6304,notice_fetch_failed,1,3,2,240,11794.54,25367.82
6305,ready,3,1,0,636,28672.77,33099.23
6306,ready,2,1,0,636,25823.09,30124.33
6307,ready,1,1,0,636,13104.87,18241.98
6308,ready,1,1,0,636,15171.88,20490.77
6309,ready,2,1,0,636,25880.82,29944.8
6310,ready,2,1,0,636,25799.86,30492.67
6311,ready,1,1,0,636,22856.39,28292.88
6312,ready,2,1,0,636,25720.58,30427.24
6313,ready,2,1,0,636,13342.37,17269.98
6314,ready,2,2,1,636,13305.46,19192.82
6315,ready,1,2,1,636,18893.06,24264.46
6316,ready,1,2,1,636,20923.93,25653.82
6317,ready,1,1,0,636,18039.21,22049.56
6318,ready,2,1,0,636,27023.94,31756.41
6319,ready,2,1,0,636,26317.55,30806.08
6320,ready,2,1,0,636,27511.16,32389.53
6321,ready,2,1,0,636,27233.11,31919.68
6322,ready,2,1,0,636,13353.55,17230.27
6323,ready,3,1,0,636,28143.88,33624.28
6324,ready,2,1,0,636,25366.78,30698.32
6325,ready,2,1,0,636,27235.06,32268.84
6326,ready,1,1,0,636,11793.94,16340.92
6327,ready,2,1,0,636,27998.41,32145.48
6328,ready,2,1,0,636,27491.26,31673.19
6329,ready,3,1,0,636,28674.31,34009.06
6330,ready,1,1,0,636,15146.52,19631.83
6331,ready,1,1,0,636,11787.45,16874.97
6332,ready,2,1,0,636,27031.07,30951.9
6333,ready,2,1,0,636,26996.24,31514.89
6334,ready,2,1,0,636,11802.04,17129.39
6335,ready,1,1,0,636,11798.73,24982.01
6336,ready,2,1,0,636,25608.11,30157.94
6337,ready,2,1,0,636,13353.07,17562.76
6338,ready,1,1,0,636,13881.17,19253.55
6339,ready,1,1,0,636,13870.92,19056.25
6340,ready,2,1,0,636,13383.99,26947.21
6341,ready,1,1,0,636,13110.94,17235.33
6342,ready,1,1,0,636,11165.74,16407.25
6343,ready,2,1,0,636,13326.94,17946.43
6344,ready,2,1,0,636,27268.32,31717.36
6345,ready,1,1,0,636,18888,23049.88
6346,ready,3,1,0,636,27034.94,30925.97
6347,ready,1,1,0,636,18122.35,21967.92
6348,ready,1,1,0,636,14786.3,19948.04
6349,ready,2,1,0,636,27823.29,32014.27
6350,ready,2,1,0,636,25129.17,29166.72
6351,ready,2,1,0,636,27215.34,32036.08
6352,ready,2,1,0,636,26998.65,31622.54
6353,ready,1,1,0,636,11162.17,18764.96
6354,ready,2,2,1,636,27002.82,33284.17
6355,ready,3,1,0,636,28058.77,32037.59
6356,ready,2,1,0,636,26132.61,30870.3
6357,ready,2,1,0,636,13327.38,17570.98
6358,ready,1,1,0,636,13111.15,17088.18
6359,ready,2,2,1,636,13341.48,19682.76
6360,ready,3,1,0,636,16855.65,21374.74
6361,ready,2,1,0,636,26200.37,30213.66
6362,ready,2,1,0,636,27009.32,30785.57
6363,ready,1,1,0,636,11799.66,29758.48
6364,ready,2,1,0,636,27044.21,31833.27
6365,ready,2,1,0,636,25439.9,29448.59
6366,ready,2,1,0,636,25923.92,30568.24
6367,ready,1,1,0,636,11786.92,16534.31
6368,ready,1,1,0,636,13117.44,18286.99
6369,ready,1,2,1,636,13913.48,19835.67
6370,ready,2,2,1,636,13341.72,19009.33
6371,ready,2,1,0,636,27536.43,32309.41
6372,ready,2,1,0,636,26215.78,30785.52
6373,ready,1,1,0,636,11797.94,17087.13
6374,ready,2,1,0,636,27818.52,32392.8
6375,ready,1,1,0,636,21374.54,25183.21
6376,ready,1,1,0,636,11161.82,24104.42
6377,ready,3,1,0,636,28690.67,32936.25
6378,ready,1,1,0,636,16290,20328.28
6379,ready,1,1,0,636,13116.92,18121.14
6380,ready,1,1,0,636,11162.42,18782.81
6381,ready,2,1,0,636,27020.9,32084.15
6382,ready,2,2,1,636,27271.86,33028.14
6383,ready,1,1,0,636,14942.91,19374.84
6384,ready,2,1,0,636,27016.56,31249.22
6385,ready,2,1,0,636,26034.06,30673.12
6386,ready,2,1,0,636,25996.58,30980.45
6387,ready,2,1,0,636,27236.89,32219.61
6388,ready,2,1,0,636,27000.23,30763.06
6389,ready,2,1,0,636,26315.97,30774.15
6390,ready,2,1,0,636,27613.9,31642.89
6391,ready,1,1,0,636,11797.83,18007.83
6392,ready,1,1,0,636,13151.1,18004.31
6393,ready,2,1,0,636,27000.09,31993.44
6394,ready,2,1,0,636,27269.66,32056.8
6395,ready,1,1,0,636,11163.88,16294.89
6396,ready,2,2,1,636,11804.17,29016.51
6397,ready,1,1,0,636,13926.36,26909.12
6398,ready,1,2,1,636,13948.06,20009.05
6399,ready,1,2,1,636,11802.56,17554.92
6400,ready,2,1,0,636,26989.88,30853.16
6401,ready,1,3,2,636,16875.17,22824.44
6402,ready,2,1,0,636,26051.06,30971.74
6403,ready,1,1,0,636,19047.46,24101.48
6404,ready,1,1,0,636,21763.04,26085.14
6405,notice_fetch_failed,1,3,2,240,16664.55,18481.31
6406,ready,1,2,1,636,22463.1,28490.31
6407,ready,2,1,0,636,27758.14,32875.89
6408,ready,3,1,0,636,28646.97,33035.21
6409,ready,2,1,0,636,27508.11,32849.08
6410,ready,1,1,0,636,16320.25,21287.28
6411,ready,1,1,0,636,19281.56,25132.26
6412,ready,1,1,0,636,11792.99,16143.84
6413,ready,2,1,0,636,13371.8,17243.03
6414,ready,1,2,1,636,11797.71,17946.54
6415,ready,2,1,0,636,25691.62,30122.2
6416,ready,2,1,0,636,26040.16,30222.65
6417,ready,1,3,2,636,11166.7,18039.96
6418,ready,2,1,0,636,13341.32,17324.22
6419,ready,2,1,0,636,25775.59,30476.89
6420,ready,1,1,0,636,11164.62,21684.51
6421,ready,2,1,0,636,27041.88,31278.2
6422,ready,2,1,0,636,27030.29,32069.72
6423,ready,1,2,1,636,15658.86,20947.54
6424,ready,1,1,0,636,19031.15,24232.06
6425,ready,2,1,0,636,25829.93,30260.19
6426,ready,2,1,0,636,27285.17,32180.37
6427,ready,2,1,0,636,11804.07,27459.91
6428,ready,2,1,0,636,27014.94,31990.84
6429,ready,1,3,2,636,13870.76,20927.36
6430,ready,2,3,2,636,27284.17,34423.04
6431,ready,1,1,0,636,22290.07,26028.48
6432,ready,2,1,0,636,11801.67,16731.03
6433,ready,3,1,0,636,27999,33302.23
6434,ready,2,1,0,636,13361.83,22177.32
6435,ready,1,1,0,636,18387.99,23147.49
6436,ready,2,1,0,636,25698.21,29925.86
6437,ready,1,1,0,636,17864.84,23105.01
6438,ready,1,1,0,636,13937.18,18538.37
6439,ready,1,1,0,636,16437.19,20457.85
6440,ready,2,1,0,636,11803.62,16584.59
6441,ready,2,1,0,636,26341.21,30090.53
6442,ready,2,2,1,636,13342.62,18905.68
6443,ready,1,1,0,636,14079.52,18941.63
6444,ready,2,1,0,636,26996.72,31757.84
6445,ready,4,1,0,636,30858.51,35612.62
6446,ready,2,1,0,636,27024.08,32345.56
6447,ready,2,2,1,636,27359.96,32309.6
6448,ready,1,1,0,636,11164.94,17394
6449,ready,1,1,0,636,19053.79,24111.09
6450,ready,1,1,0,636,15185.02,20010.78
6451,ready,1,1,0,636,13174.08,17554.9
6452,ready,1,1,0,636,20513.01,25282.66
6453,ready,1,2,1,636,13883.51,66242.43
6454,ready,1,2,1,636,11164.25,16932.64
6455,ready,1,1,0,636,13931.44,18128.81
6456,ready,1,1,0,636,13880.51,18122.93
6457,ready,2,1,0,636,25823.14,29682.56
6458,ready,2,1,0,636,13341.04,28876.91
6459,ready,1,1,0,636,15843.65,20114.18
6460,ready,3,1,0,636,28602.13,33339.6
6461,ready,1,1,0,636,16698.32,21358.9
6462,ready,2,1,0,636,27792.87,33062.02
6463,ready,2,1,0,636,25880.5,30913.38
6464,ready,2,1,0,636,25829.9,30947.74
6465,ready,1,1,0,636,11164.44,16300.82
6466,ready,1,2,1,636,16052.26,21468.48
6467,ready,2,1,0,636,27701.12,32975.69
6468,ready,2,2,1,636,27035.02,31800.15
6469,ready,2,1,0,636,25968.29,30002.64
6470,ready,2,1,0,636,25527.94,29594.76
6471,ready,1,1,0,636,20924.04,25749.78
6472,ready,1,2,1,636,11788.34,17946.45
6473,ready,1,1,0,636,11789.49,19400.66
6474,ready,1,1,0,636,13913.38,18128.78
6475,ready,1,1,0,636,11787.18,17089.82
6476,ready,1,2,1,636,17175.02,21682.82
6477,ready,2,1,0,636,27277.56,31138.64
6478,ready,2,1,0,636,26993.95,31122.23
6479,ready,2,1,0,636,27749.86,32863.13
6480,ready,2,1,0,636,25880.84,30594.5
6481,ready,1,1,0,636,18218.54,23511.8
6482,ready,1,1,0,636,13104.41,17555.44
6483,ready,1,1,0,636,20296.19,25183.23
6484,ready,1,1,0,636,19196.98,24426.54
6485,ready,2,1,0,636,27021.01,31126.75
6486,ready,2,1,0,636,13344.88,19505.47
6487,ready,2,1,0,636,25829.89,30362.78
6488,ready,1,1,0,636,13946.85,18370.24
6489,ready,2,1,0,636,26096.73,31072.93
6490,ready,1,1,0,636,11800.09,24101.63
6491,ready,1,1,0,636,11790.65,17088.53
6492,ready,2,1,0,636,13317.38,18175.22
6493,ready,1,2,1,636,11787.08,17238.91
6494,ready,2,1,0,636,13327.28,17568.08
6495,ready,2,1,0,636,25836.42,30114.37
6496,ready,1,1,0,636,13941.78,19253.21
6497,ready,2,1,0,636,13353.57,18486.86
6498,ready,2,1,0,636,13325.56,17923.69
6499,ready,3,1,0,636,28838.59,33493.91
6500,ready,2,1,0,636,27029.98,31914.78
6501,ready,1,1,0,636,11799.05,17129.62
6502,ready,1,2,1,636,18136.07,23112.43
6503,ready,1,1,0,636,13104.54,18367.54
6504,ready,2,1,0,636,13326.86,18304.28
6505,ready,1,1,0,636,22854.67,27371.44
6506,ready,2,1,0,636,27043.74,30950.51
6507,ready,1,1,0,636,17332.92,22833.4
6508,ready,1,1,0,636,18483.12,23007.87
6509,ready,1,2,1,636,13117.61,18946
6510,ready,2,2,1,636,13325.96,19253.66
6511,ready,1,1,0,636,13951.19,19016.08
6512,ready,2,1,0,636,26284.48,30167.9
6513,ready,1,1,0,636,9718.12,16671.15
6514,ready,2,1,0,636,27404.96,32199.73
6515,ready,2,1,0,636,25408.62,30352.35
6516,ready,1,1,0,636,13883.71,18142.41
6517,ready,2,1,0,636,27235.35,32367.21
6518,ready,1,2,1,636,11798.95,29383.63
6519,ready,2,1,0,636,27852.74,33352.3
6520,ready,2,1,0,636,25816.53,30881.28
6521,ready,1,1,0,636,18208.44,23211.81
6522,ready,2,1,0,636,27041.71,31815.62
6523,ready,1,1,0,636,18217.08,22341.86
6524,ready,1,1,0,636,19092.87,23641.58
6525,ready,1,2,1,636,11792.03,16504.1
6526,ready,1,1,0,636,20451.79,25132.68
6527,ready,2,1,0,636,27009.97,32108.76
6528,ready,1,2,1,636,18436.04,25131.76
6529,ready,2,1,0,636,13314.17,18246.22
6530,ready,1,1,0,636,13689.72,26829.88
6531,ready,2,1,0,636,27007.71,31071.88
6532,ready,1,1,0,636,11794.46,16560.06
6533,ready,1,1,0,636,18456.84,24102.48
6534,ready,3,1,0,636,28787.26,34245.29
6535,ready,1,1,0,636,13152.09,18526.57
6536,ready,2,1,0,636,13317.49,26909.08
6537,ready,1,1,0,636,11798.4,27241.02
6538,ready,2,1,0,636,27024.16,30996.89
6539,ready,2,1,0,636,25183.1,29389.96
6540,ready,2,1,0,636,27285.18,31964.04
6541,ready,1,1,0,636,11164.89,33767.16
6542,ready,1,1,0,636,18009.51,21870.01
6543,ready,2,1,0,636,25901.68,30925.84
6544,ready,1,1,0,636,9719.02,17422.1
6545,ready,2,1,0,636,28000.49,33063.41
6546,ready,1,1,0,636,18436.06,22362.87
6547,ready,1,1,0,636,13117.29,25224.45
6548,ready,2,2,1,636,13326.2,19081.47
6549,ready,2,1,0,636,25957.69,31364.19
6550,ready,1,1,0,636,17771.85,21520.7
6551,ready,3,1,0,636,25128.85,29468.6
6552,ready,1,1,0,636,9720.39,16664.7
6553,ready,2,1,0,636,26001.75,30789.6
6554,ready,1,1,0,636,11165.99,16096.26
6555,ready,1,1,0,636,13913.53,18976.97
6556,ready,1,1,0,636,20923.67,25874.98
6557,ready,2,1,0,636,26064.68,31316.66
6558,ready,1,1,0,636,13913.49,19282.9
6559,ready,1,1,0,636,13949.67,19253.41
6560,ready,2,1,0,636,11803.35,28282.58
6561,ready,1,1,0,636,14405.47,18945.77
6562,ready,3,1,0,636,28231.1,32868.12
6563,ready,1,1,0,636,11798.11,31437.62
6564,ready,1,1,0,636,11798.33,17134.49
6565,ready,2,1,0,636,27014.38,31280.88
6566,ready,1,1,0,636,13151.43,17936.38
6567,ready,2,1,0,636,25929.65,29655.51
6568,ready,2,1,0,636,25956.47,30634.36
6569,ready,2,1,0,636,27491.05,32392.72
6570,ready,1,2,1,636,11166.33,16664.67
6571,ready,2,1,0,636,13327.59,18478.56
6572,ready,2,1,0,636,28093.83,32016.1
6573,ready,2,1,0,636,26094.35,31202.2
6574,ready,2,1,0,636,26110.94,30345.34
6575,ready,2,2,1,636,27024.92,31970.33
6576,ready,2,1,0,636,27404.9,31381.73
6577,ready,3,2,1,636,16179.43,21294.62
6578,notice_fetch_failed,1,3,2,240,11163.82,59640.7
6579,ready,1,1,0,636,13935.11,18397.02
6580,ready,1,1,0,636,13151.94,18764.92
6581,ready,3,1,0,636,29415.53,33284.1
6582,ready,2,1,0,636,27002.53,31165.01
6583,ready,1,1,0,636,20985.97,25657.83
6584,ready,1,1,0,636,11166.61,17425.88
6585,ready,1,2,1,636,15154.71,20473.86
6586,ready,1,1,0,636,11795.26,25802.7
6587,ready,2,1,0,636,27809.89,32056.86
6588,ready,2,1,0,636,26107.61,30939.63
6589,ready,1,1,0,636,15143.11,19733.42
6590,ready,1,2,1,636,21617.63,27414.89
6591,ready,2,1,0,636,27362.91,31898.73
6592,ready,1,1,0,636,11791.87,27332.34
6593,ready,1,1,0,636,14031.39,27096.29
6594,ready,2,1,0,636,13383.71,18941.73
6595,ready,2,1,0,636,27000.31,31403.68
6596,ready,1,1,0,636,13880.87,18242.52
6597,ready,2,1,0,636,27937.34,32010.3
6598,ready,1,1,0,636,13104.3,18135.78
6599,ready,2,1,0,636,26099.2,31197.6
6600,ready,1,1,0,636,11790.63,25132.27
6601,ready,2,2,1,636,26275.17,30990.79
6602,ready,1,1,0,636,13117.23,17566.25
6603,ready,2,2,1,636,27275.53,33641.67
6604,ready,2,1,0,636,25757.01,31054.72
6605,ready,1,1,0,636,13870.53,19040.18
6606,ready,2,1,0,636,26111.11,30345.41
6607,ready,2,1,0,636,27380.37,32213.77
6608,ready,1,1,0,636,11790.67,29612.47
6609,ready,2,1,0,636,27215.39,32038.09
6610,ready,3,1,0,636,16440.83,21630.5
6611,ready,1,2,1,636,13152.65,18162.06
6612,ready,2,1,0,636,27364.69,32520.86
6613,ready,2,1,0,636,27505.16,32972.76
6614,ready,2,1,0,636,13360.12,18842.96
6615,ready,1,1,0,636,16698.23,20473.93
6616,ready,4,1,0,636,30990.67,36087.62
6617,ready,2,1,0,636,26996.77,31905.1
6618,ready,1,1,0,636,13881.05,18246.26
6619,ready,2,2,1,636,25424.75,30585.92
6620,ready,1,1,0,636,11166.35,19575.04
6621,ready,1,1,0,636,13913.95,19043.69
6622,ready,1,2,1,636,17281.42,23183.95
6623,ready,2,1,0,636,11801.89,30036.47
6624,ready,1,1,0,636,21609.2,26482.66
6625,ready,1,1,0,636,13149.31,19279.85
6626,ready,1,1,0,636,11162.03,32972.89
6627,ready,1,1,0,636,13870.49,18940.35
6628,ready,1,2,1,636,11166.95,16936.22
6629,ready,1,2,1,636,11789.23,63296.82
6630,ready,1,1,0,636,18889.38,24111.34
6631,ready,2,1,0,636,27041.63,31362.55
6632,ready,2,1,0,636,25784.94,30852.38
6633,ready,2,1,0,636,25275.24,30193.45
6634,ready,1,1,0,636,9718.29,16664.74
6635,ready,1,1,0,636,14404.41,23254.44
6636,ready,2,1,0,636,27284.28,31112.8
6637,ready,2,1,0,636,27359.58,31723.9
6638,ready,2,1,0,636,26096.61,30260.29
6639,ready,2,1,0,636,26161.05,29914.45
6640,ready,1,1,0,636,11793.06,16597.49
6641,ready,1,1,0,636,13926.28,18039.37
6642,ready,1,3,2,636,11798.15,27536.51
6643,ready,1,1,0,636,13117.3,18135.75
6644,ready,1,1,0,636,20434.8,25132.36
6645,ready,1,1,0,636,14079.49,21367.19
6646,ready,2,1,0,636,13345.48,17689.16
6647,ready,2,1,0,636,13343.29,17554.61
6648,ready,1,1,0,636,11791.39,18093.89
6649,ready,2,1,0,636,25128.82,30691.6
6650,ready,2,1,0,636,13383.78,20034.22
6651,ready,1,1,0,636,13948.21,19280.02
6652,ready,2,1,0,636,13386.2,17923.8
6653,ready,2,1,0,636,27285.04,31950.92
6654,ready,1,2,1,636,13935.18,66242.2
6655,ready,2,1,0,636,27914.81,33284.16
6656,ready,2,1,0,636,27876.08,32414.31
6657,ready,1,2,1,636,13149.44,25277.93
6658,ready,1,1,0,636,14565.11,20042.92
6659,ready,1,1,0,636,11788.67,25132.17
6660,ready,2,1,0,636,26203.64,30122.79
6661,ready,2,1,0,636,27233.14,31532.43
6662,ready,2,1,0,636,27271.8,31721.41
6663,ready,2,1,0,636,27035.04,31461.37
6664,ready,2,1,0,636,26149.99,31660.08
6665,ready,1,1,0,636,11788.09,17207.07
6666,ready,2,2,1,636,11804.3,17397.65
6667,ready,2,1,0,636,25818.99,29745.94
6668,ready,3,1,0,636,29025.85,33108.05
6669,ready,1,1,0,636,11794.55,20345.51
6670,ready,1,1,0,636,11799.68,16500.55
6671,ready,2,1,0,636,25916.12,30980.41
6672,ready,2,1,0,636,26207.76,31357.56
6673,ready,2,1,0,636,26001.73,30905.7
6674,ready,2,1,0,636,27859.46,32519.32
6675,ready,2,1,0,636,25614.65,29709.82
6676,ready,2,2,1,636,26172.82,32002.63
6677,ready,1,2,1,636,13117,17913.66
6678,ready,2,1,0,636,28116.89,32459.14
6679,ready,1,1,0,636,16811.6,21385.27
6680,ready,2,2,1,636,27044.19,32733.39
6681,ready,2,1,0,636,13317.55,18040.07
6682,ready,2,1,0,636,11801.22,19398.33
6683,ready,2,1,0,636,27237.49,31249.14
6684,ready,2,1,0,636,26274.92,30824.98
6685,ready,2,1,0,636,27234.69,32799
6686,ready,1,1,0,636,22234.19,26038.6
6687,ready,2,1,0,636,27026.64,30793.55
6688,ready,2,1,0,636,27011.37,31074.38
6689,ready,2,3,2,636,27016.57,33082.88
6690,ready,2,1,0,636,25710.89,30747.37
6691,ready,1,1,0,636,13952.86,19253.13
6692,ready,1,1,0,636,11787.61,27042.35
6693,ready,2,1,0,636,13384.12,28897.09
6694,ready,2,1,0,636,26340.43,30314.81
6695,ready,3,1,0,636,28335.18,33284.81
6696,ready,2,1,0,636,27273.91,31256.07
6697,ready,2,1,0,636,25129.19,29440.83
6698,ready,1,1,0,636,13111.06,18367.33
6699,ready,2,1,0,636,27275.69,31949.46
6700,ready,2,1,0,636,13345.38,18204.28
6701,ready,3,1,0,636,24304.16,29572.93
6702,ready,1,3,2,636,17232.85,24099.79
6703,ready,1,2,1,636,14404.86,20926.49
6704,ready,2,1,0,636,28099.02,33285.5
6705,ready,2,1,0,636,28010.83,31833
6706,ready,2,2,1,636,25662.43,31564.58
6707,ready,1,1,0,636,13913.82,19169.71
6708,ready,1,1,0,636,11793.32,23643.81
6709,ready,2,1,0,636,27034.97,31097.31
6710,ready,2,1,0,636,26991.47,31404.14
6711,ready,1,1,0,636,13880.97,24270.18
6712,ready,1,1,0,636,21822.06,27207.9
6713,ready,2,2,1,636,13317.26,19198.63
6714,ready,1,1,0,636,13110.66,17547.92
6715,ready,2,2,1,636,27587.72,32936.21
6716,ready,2,1,0,636,27212.46,32306.81
6717,ready,2,1,0,636,27011.36,31712.14
6718,ready,2,1,0,636,25513.34,30336.88
6719,ready,2,1,0,636,26047.93,30380.81
6720,ready,2,1,0,636,25575.79,29920.8
6721,ready,2,2,1,636,26195.82,31165.07
6722,ready,2,1,0,636,27287.95,32071.1
6723,ready,2,1,0,636,25366.94,29246.39
6724,ready,2,1,0,636,26998.59,32010.39
6725,ready,2,1,0,636,27540.01,32124.24
6726,ready,2,1,0,636,27281.8,31847.98
6727,ready,1,1,0,636,19218.61,24488.99
6728,ready,2,1,0,636,25961.31,31112.72
6729,ready,4,1,0,636,30313.39,35337.08
6730,ready,1,2,1,636,13881.14,19013.26
6731,ready,2,1,0,636,25996.61,29947.52
6732,ready,1,2,1,636,21248.98,26898.97
6733,ready,2,1,0,636,25392.96,30240.22
6734,ready,1,2,1,636,11795.52,29979.67
6735,ready,2,1,0,636,26106.25,31023.72
6736,ready,2,1,0,636,26133.96,31034.66
6737,ready,2,1,0,636,25947.5,30911.89
6738,ready,4,1,0,636,31659.77,35674.64
6739,ready,1,1,0,636,9720.13,17946.66
6740,ready,3,1,0,636,28129.16,32975.86
6741,ready,2,1,0,636,25285.5,29426.01
6742,ready,2,1,0,636,27041.3,31375.86
6743,ready,3,1,0,636,25128.76,30351.8
6744,ready,3,1,0,636,28839.92,33941.71
6745,ready,2,1,0,636,27028.08,31778.98
6746,ready,2,1,0,636,25277.31,29479.31
6747,ready,2,2,1,636,13326.25,19334.01
6748,ready,2,1,0,636,13317.16,21417.74
6749,ready,1,1,0,636,21116.18,26237.54
6750,ready,1,2,1,636,18458.19,23493.7
6751,ready,2,2,1,636,26248.34,32167.21
6752,ready,2,1,0,636,25673.45,30813.36
6753,ready,2,1,0,636,25895.12,30923.46
6754,ready,2,1,0,636,11804.47,29290.91
6755,ready,2,1,0,636,27537.95,31994.73
6756,ready,1,2,1,636,11798.81,29680.55
6757,ready,2,1,0,636,26022.67,30157.7
6758,ready,1,1,0,636,16662.88,20610.6
6759,ready,1,1,0,636,14405.44,19138.4
6760,ready,2,1,0,636,25823.94,30817.33
6761,ready,2,1,0,636,25905.8,30859.81
6762,ready,2,1,0,636,27035.24,31516.84
6763,ready,1,2,1,636,11787.73,29613.76
6764,ready,1,2,1,636,11165.07,17087.64
6765,ready,1,1,0,636,22234.8,27344.13
6766,ready,2,3,2,636,28099,35497.91
6767,ready,1,1,0,636,11789.01,16570.2
6768,ready,2,1,0,636,25420.44,30482.3
6769,ready,1,1,0,636,15686.88,19505.78
6770,ready,1,1,0,636,11165.88,18094.01
6771,ready,3,1,0,636,28015.15,32309.03
6772,ready,2,1,0,636,13326.68,17269.96
6773,ready,3,1,0,636,28607.26,32402.12
6774,ready,2,1,0,636,27007.82,32180.26
6775,ready,2,1,0,636,27237.55,31255.9
6776,ready,2,2,1,636,11803.21,29809.18
6777,ready,2,3,2,636,26107.65,32311.51
6778,ready,1,1,0,636,11787.46,16840.42
6779,ready,2,1,0,636,27008.07,31850.55
6780,ready,1,1,0,636,18128.89,23094.3
6781,ready,1,2,1,636,13689.47,19323.33
6782,ready,2,1,0,636,13344.94,18040.13
6783,ready,2,1,0,636,27009.89,32108
6784,ready,3,1,0,636,27884.08,32162.87
6785,ready,2,1,0,636,27009.86,32169.22
6786,ready,2,1,0,636,25846.93,30780.94
6787,ready,1,1,0,636,11788.52,16935.94
6788,ready,2,1,0,636,27275.67,31249
6789,ready,2,1,0,636,25908.49,30166.43
6790,ready,1,1,0,636,17692.38,22451.93
6791,ready,2,1,0,636,11803.75,16704.36
6792,ready,1,1,0,636,11791.5,16389.59
6793,ready,1,1,0,636,18195.85,22561.83
6794,ready,2,2,1,636,25614.63,31950.68
6795,ready,2,1,0,636,13359.91,18173.08
6796,ready,1,1,0,636,11792.29,17087.51
6797,ready,1,1,0,636,13150.74,18123.17
6798,ready,2,1,0,636,25723.98,30323.17
6799,ready,2,1,0,636,27284.72,32798.67
6800,ready,1,1,0,636,15186.93,19345.8
6801,ready,1,1,0,636,13913.79,18122.99
6802,ready,2,2,1,636,27540,32166.61
6803,ready,2,1,0,636,27007.99,32002.91
6804,ready,2,1,0,636,25639.3,30915.68
6805,ready,2,1,0,636,13307.25,18246.54
6806,ready,1,1,0,636,17196.51,22780.99
6807,ready,1,1,0,636,20327.91,24982.49
6808,ready,2,1,0,636,25885.25,30157.72
6809,ready,2,1,0,636,26991.89,31970.26
6810,ready,2,1,0,636,27007.9,31591.11
6811,ready,2,1,0,636,27509.22,31990.66
6812,ready,1,1,0,636,9718.1,32227.69
6813,ready,1,1,0,636,13880.76,18363.68
6814,ready,1,1,0,636,11790.68,16234.97
6815,ready,1,3,2,636,11790.32,65116.04
6816,ready,1,3,2,636,11791.6,64102.99
6817,ready,2,1,0,636,26130.87,30467.06
6818,ready,2,1,0,636,27043.95,31758.37
6819,ready,2,3,2,636,25367.05,32879.67
6820,ready,1,1,0,636,11799.98,16819.09
6821,ready,1,1,0,636,11799.06,16269.66
6822,ready,2,3,2,636,25730.19,32368.87
6823,ready,1,2,1,636,13689.75,19912.63
6824,ready,1,1,0,636,11792.48,16586.98
6825,ready,2,3,2,636,27237.11,34240.46
6826,ready,2,1,0,636,13345.07,18486.81
6827,ready,1,1,0,636,19053.83,23061.1
6828,ready,2,3,2,636,25128.89,31868.61
6829,ready,1,1,0,636,16289.91,21264.76
6830,ready,2,1,0,636,13381.26,18384.37
6831,ready,1,1,0,636,13901.32,19051.34
6832,ready,2,1,0,636,27280.41,32817.01
6833,ready,1,1,0,636,16698.35,21322.8
6834,ready,2,1,0,636,27285.07,32122.73
6835,ready,2,1,0,636,13369.4,18006.16
6836,ready,2,2,1,636,25963.4,30774.11
6837,ready,2,2,1,636,13330.22,29468.62
6838,ready,3,1,0,636,23342.14,28787.29
6839,ready,2,1,0,636,27280.18,31044.87
6840,ready,2,1,0,636,27009.18,32199.38
6841,ready,2,1,0,636,13330.82,18120.72
6842,ready,2,1,0,636,27289.59,32360.02
6843,ready,2,1,0,636,13383.93,18172.8
6844,ready,2,1,0,636,13360.05,18515.94
6845,ready,2,1,0,636,27533.23,31316.57
6846,ready,1,1,0,636,15828.51,20339.97
6847,ready,2,1,0,636,25761.33,30991.1
6848,ready,1,1,0,636,13150.21,18631.95
6849,ready,2,1,0,636,27025.09,31346.35
6850,ready,2,1,0,636,28015.2,32900.86
6851,ready,3,1,0,636,28929.92,33284.94
6852,ready,1,2,1,636,14068.69,31900.09
6853,ready,2,1,0,636,25801.36,30218.58
6854,ready,1,1,0,636,18108.34,23071.67
6855,ready,2,1,0,636,27867.05,31994.67
6856,ready,2,1,0,636,25478.3,30278.12
6857,ready,1,1,0,636,11794.74,27048.99
6858,ready,2,1,0,636,13345.34,24232.09
6859,ready,1,1,0,636,13117.51,27053.53
6860,ready,1,1,0,636,11164.14,26391.26
6861,ready,2,1,0,636,26016.74,31106.76
6862,ready,2,1,0,636,13381.05,18384.28
6863,ready,1,1,0,636,15952,20443.26
6864,ready,1,1,0,636,13150.59,18374.02
6865,ready,2,1,0,636,27028.32,32167.34
6866,ready,2,1,0,636,25129.05,29734.94
6867,ready,2,1,0,636,26022.72,30979.03
6868,ready,1,1,0,636,13945.37,18894.65
6869,ready,1,1,0,636,13149.67,17546.77
6870,ready,1,1,0,636,22234.15,26106.31
6871,ready,1,1,0,636,11161.9,20024.11
6872,ready,2,1,0,636,26053.68,31228.47
6873,ready,3,1,0,636,24308.81,29391.17
6874,ready,2,1,0,636,13309.76,18373.96
6875,ready,1,2,1,636,13111.26,19053.87
6876,ready,1,1,0,636,13935.15,18980.08
6877,ready,2,1,0,636,13353.38,18039.54
6878,ready,2,1,0,636,25986.81,31045.38
6879,ready,1,1,0,636,13943.29,19007.99
6880,ready,3,1,0,636,27547.26,32414.65
6881,ready,2,1,0,636,26108.08,30631.86
6882,ready,1,3,2,636,15678.3,21287.4
6883,ready,2,1,0,636,27007.89,32036.3
6884,ready,1,2,1,636,11792.56,28478.76
6885,ready,2,1,0,636,27007.61,31429.99
6886,ready,1,1,0,636,15982.68,19839.67
6887,ready,2,1,0,636,11801.38,17360.32
6888,ready,2,1,0,636,26107.67,30756.8
6889,ready,3,1,0,636,28191.08,33099.28
6890,ready,1,1,0,636,11788.22,16698.96
6891,ready,2,1,0,636,27847.55,32431.02
6892,ready,1,1,0,636,13926.12,22651.22
6893,ready,3,2,1,636,27820.47,33640.4
6894,ready,1,1,0,636,21255.38,25655.36
6895,ready,2,1,0,636,25717.45,31034.71
6896,ready,2,1,0,636,27284.57,31914.82
6897,ready,2,1,0,636,25926.83,31080.24
6898,ready,1,2,1,636,13946.78,20306.05
6899,ready,2,1,0,636,25744.45,30230.93
6900,ready,2,1,0,636,27502.85,32733.31
6901,ready,1,2,1,636,13149.54,18205.66
6902,ready,2,1,0,636,11803.18,16384.88
6903,ready,1,1,0,636,11167.11,21909.34
6904,ready,2,1,0,636,13345.24,18282.25
6905,ready,1,2,1,636,14005.74,66152.93
6906,ready,1,1,0,636,13883.37,18290.88
6907,ready,1,2,1,636,13104.55,18863.29
6908,ready,1,1,0,636,15114.1,19654.72
6909,ready,3,1,0,636,29049.77,34077.43
6910,ready,1,1,0,636,13901.97,19279.96
6911,ready,2,1,0,636,27002.58,31813.13
6912,ready,1,1,0,636,11789.38,16519.57
6913,ready,1,1,0,636,9718.58,17163.68
6914,ready,1,2,1,636,11800.1,62972.3
6915,ready,1,1,0,636,13946.83,26326.39
6916,ready,1,1,0,636,13913.91,19152
6917,ready,2,1,0,636,13381.11,18497.22
6918,ready,2,1,0,636,11804.09,16351.36
6919,ready,2,1,0,636,25529.27,30579.88
6920,ready,1,1,0,636,11788.55,20457.8
6921,ready,2,2,1,636,25710.92,30707.24
6922,ready,2,3,2,636,25864.1,32309.56
6923,ready,4,1,0,636,31728.86,35972.61
6924,ready,2,1,0,636,26989.83,31614.11
6925,ready,2,1,0,636,25979.99,30722.44
6926,ready,1,1,0,636,13914,18353.96
6927,ready,1,1,0,636,19198.39,23478.79
6928,ready,2,1,0,636,26998.34,31734.15
6929,ready,2,1,0,636,25750.84,30534.12
6930,ready,2,1,0,636,27628.89,32109.52
6931,ready,1,1,0,636,18766.79,24099.72
6932,ready,2,1,0,636,27856.47,32310.19
6933,ready,2,1,0,636,26189.7,30205.63
6934,ready,1,1,0,636,20360.8,25132.42
6935,ready,1,1,0,636,21068.63,25183.18
6936,ready,2,1,0,636,27294.39,32367.26
6937,ready,1,1,0,636,16662.78,21287.02
6938,ready,2,1,0,636,13317.15,18841.04
6939,ready,1,1,0,636,11788.35,16526.76
6940,ready,2,1,0,636,26155.57,30946.26
6941,ready,1,1,0,636,13946.8,18475.8
6942,ready,2,1,0,636,27829.93,31644.12
6943,ready,2,1,0,636,27572.22,32443.5
6944,ready,2,1,0,636,27483.73,32345.16
6945,ready,1,1,0,636,13913.39,18486.54
6946,ready,2,1,0,636,25829.86,30087.98
6947,ready,1,2,1,636,11790.69,62585.14
6948,ready,1,1,0,636,11800.23,17088.96
6949,ready,2,1,0,636,11803.15,18222.44
6950,ready,1,1,0,636,11795.91,26153
6951,ready,1,1,0,636,21612.97,25823.06
6952,ready,3,1,0,636,28209.29,32311.56
6953,ready,1,1,0,636,11162.54,16339.97
6954,ready,1,1,0,636,11165.16,16316.3
6955,ready,2,1,0,636,26189.66,30932.5
6956,ready,1,1,0,636,13917.15,18363.63
6957,ready,1,2,1,636,21602.37,27487.51
6958,ready,1,1,0,636,11787.83,17087.21
6959,ready,2,1,0,636,25220.45,30534.26
6960,ready,1,1,0,636,13111.1,18245.84
6961,ready,3,1,0,636,30252.81,34799.36
6962,ready,1,2,1,636,11790.54,16517.03
6963,ready,2,1,0,636,27385.43,32913.31
6964,ready,3,1,0,636,17675.43,22108.84
6965,ready,2,3,2,636,26068.52,33077.28
6966,ready,2,1,0,636,25686.77,29641.53
6967,ready,1,1,0,636,18481.61,22447.87
6968,ready,1,1,0,636,11791.25,16700.8
6969,ready,2,1,0,636,27362.86,31231.07
6970,ready,1,1,0,636,11789.26,18106.47
6971,ready,2,1,0,636,26062.28,30453.27
6972,ready,2,1,0,636,28080.6,31963.94
6973,ready,4,1,0,636,30377.77,34840.69
6974,ready,1,1,0,636,19031.95,23481.11
6975,ready,2,1,0,636,26024.02,29944.82
6976,ready,2,1,0,636,27212.5,31287.99
6977,ready,1,1,0,636,19437.17,23477.1
6978,ready,2,1,0,636,25842.29,30864.28
6979,ready,1,2,1,636,13914.31,20114.25
6980,ready,1,1,0,636,18170.72,22464.56
6981,ready,2,2,1,636,13380.95,30270.25
6982,ready,2,1,0,636,27041.44,32168.96
6983,ready,1,2,1,636,22428.67,28766.47
6984,ready,1,1,0,636,11789.13,16350.14
6985,ready,1,1,0,636,13870.7,25183.28
6986,ready,1,1,0,636,14900.42,19426.44
6987,ready,2,1,0,636,25556.51,30192.1
6988,ready,1,1,0,636,13880.34,18352.09
6989,ready,2,1,0,636,26997.03,32042.23
6990,ready,1,2,1,636,11787.75,63538.44
6991,ready,2,2,1,636,25673.46,30493.98
6992,ready,1,1,0,636,13945.35,19354.46
6993,ready,1,1,0,636,11789.25,21902.67
6994,ready,1,1,0,636,11788.36,16935.04
6995,ready,2,1,0,636,11801.61,25216.86
6996,ready,4,1,0,636,30037.35,34529.68
6997,ready,2,1,0,636,25128.83,29102.86
6998,ready,1,1,0,636,11166.84,17419.94
6999,ready,2,1,0,636,25529.25,29817.16
7000,ready,3,1,0,636,28058.58,32799.98
7001,ready,2,1,0,636,25183.01,30097.04
7002,ready,1,1,0,636,20923.87,25367.18
7003,ready,2,2,1,636,13343.03,29635.38
7004,ready,1,1,0,636,11794.66,25131.94
7005,ready,1,1,0,636,11164.26,25132.89
7006,ready,1,1,0,636,11787.63,16096.1
7007,ready,1,1,0,636,16811.63,21682.77
7008,ready,2,1,0,636,26998.35,31976
7009,ready,2,1,0,636,13330.78,17564.46
7010,ready,2,1,0,636,27024.14,31074.41
7011,ready,2,1,0,636,27043.68,32308.62
7012,ready,1,1,0,636,11791.82,16748.39
7013,ready,2,1,0,636,27269.64,32443.32
7014,ready,2,1,0,636,25608.13,29559.81
7015,ready,2,1,0,636,27016.5,31570.11
7016,ready,1,1,0,636,19199.75,24982.4
7017,ready,2,1,0,636,25392.99,30430.54
7018,ready,1,2,1,636,11794.41,29952.01
7019,ready,3,1,0,636,16761.45,20926.86
7020,ready,2,1,0,636,26107.68,30990.94
7021,ready,2,1,0,636,27273.79,32850.29
7022,ready,2,1,0,636,27537.85,32799.93
7023,ready,1,2,1,636,11166.96,62618.54
7024,ready,1,1,0,636,18128.98,22016.38
7025,ready,4,2,1,636,29991.91,35568.86
7026,ready,1,1,0,636,18290.08,23169.02
7027,ready,1,1,0,636,20607.84,24982.24
7028,ready,2,1,0,636,13341.19,17358.46
7029,ready,2,1,0,636,25717.59,30308.64
7030,ready,2,1,0,636,25694.33,29773.74
7031,ready,1,1,0,636,11799,25985.42
7032,ready,1,1,0,636,13104.65,17568
7033,ready,1,2,1,636,22854.9,28780.4
7034,ready,2,1,0,636,27034.88,31158.81
7035,ready,2,1,0,636,26202.42,31195
7036,ready,1,1,0,636,15678.32,19841.55
7037,ready,3,1,0,636,28355.5,32488.22
7038,ready,2,1,0,636,25961.42,30794.78
7039,ready,2,1,0,636,27294.36,31302.64
7040,ready,1,1,0,636,11788.85,16905.54
7041,ready,2,2,1,636,27272.14,32876.04
7042,ready,2,1,0,636,27002.72,31994.81
7043,ready,1,1,0,636,21011.65,25133
7044,ready,3,1,0,636,30370.64,35832.41
7045,ready,3,1,0,636,16698.57,20926.72
7046,ready,1,1,0,636,16881.65,22197.29
7047,ready,2,1,0,636,25481.18,29415.56
7048,ready,1,1,0,636,11799.92,28815.94
7049,ready,1,1,0,636,14943.03,19971.26
7050,ready,2,1,0,636,11801.77,16339.8
7051,ready,1,1,0,636,9718.44,17310.37
7052,ready,1,1,0,636,18038.76,21981.54
7053,ready,2,3,2,636,11801.53,29350.88
7054,ready,2,1,0,636,11803.05,16376.03
7055,ready,1,2,1,636,11802.66,29629.58
7056,ready,1,1,0,636,13914.29,27028.57
7057,ready,2,1,0,636,25965.25,29963.82
7058,ready,2,2,1,636,27020.87,32344.79
7059,ready,1,2,1,636,13941.8,21609.17
7060,ready,1,1,0,636,14005.75,18456.03
7061,ready,1,1,0,636,13913.31,20034.12
7062,ready,1,2,1,636,11797.43,29122.74
7063,ready,2,1,0,636,13327.34,18549.02
7064,ready,2,1,0,636,13360.24,18846.79
7065,ready,2,1,0,636,28070.06,32170.56
7066,ready,2,1,0,636,27272.25,32056.23
7067,ready,1,1,0,636,14160.65,19279.94
7068,ready,1,1,0,636,15287.09,19110.44
7069,ready,1,1,0,636,18010.06,22951.79
7070,ready,1,1,0,636,13971.19,18057.8
7071,ready,1,1,0,636,15868.47,20988.62
7072,ready,1,1,0,636,14404.66,19589.51
7073,ready,1,1,0,636,18291.04,23272.61
7074,ready,1,2,1,636,11165.61,29770.35
7075,ready,1,1,0,636,17177.45,21338.1
7076,ready,1,1,0,636,21765.58,27339.33
7077,ready,2,2,1,636,13342.8,66025.69
7078,ready,2,1,0,636,27877.01,32069.61
7079,ready,1,2,1,636,15688.09,20926.78
7080,ready,3,1,0,636,28811.82,33442.87
7081,ready,2,1,0,636,25710.86,29459.42
7082,ready,1,2,1,636,13152.48,19197.1
7083,ready,2,1,0,636,25370.44,30824.91
7084,ready,1,1,0,636,16096.57,20158.01
7085,ready,2,1,0,636,25878.68,31034.77
7086,ready,1,1,0,636,13949.64,18745.68
7087,ready,1,2,1,636,11797.45,62480.66
7088,ready,2,1,0,636,27039.37,32169
7089,ready,2,1,0,636,27045.33,32344.85
7090,ready,2,1,0,636,25710.95,30795.21
7091,ready,2,1,0,636,27369.09,31972.07
7092,ready,1,1,0,636,21257.21,25720.74
7093,ready,2,1,0,636,27284.88,32140.33
7094,ready,2,1,0,636,27822.04,32882.06
7095,ready,2,1,0,636,27028.36,31180.23
7096,ready,1,1,0,636,13883.47,28276.65
7097,ready,1,2,1,636,13926.1,19009.27
7098,ready,2,2,1,636,25829.83,30958.44
7099,ready,1,1,0,636,11792.71,28488.24
7100,ready,2,1,0,636,13326.13,18143.75
7101,ready,2,1,0,636,11803.56,28239.83
7102,ready,1,1,0,636,13149.55,17445.97
7103,ready,2,1,0,636,27531.67,31403.44
7104,ready,1,2,1,636,14059.91,19238.7
7105,ready,2,1,0,636,25720.61,30954.49
7106,ready,2,1,0,636,13353.37,18202.81
7107,ready,2,1,0,636,27781.22,32805.29
7108,ready,1,1,0,636,11164.34,17453.87
7109,ready,2,1,0,636,25442.84,29192.98
7110,ready,1,1,0,636,13870.6,27028.6
7111,ready,2,1,0,636,27041.6,31925.54
7112,ready,1,1,0,636,15156.16,20010.74
7113,ready,3,1,0,636,28006.46,32065.15
7114,ready,1,1,0,636,11802.76,25750.82
7115,ready,2,1,0,636,25898.75,29960.07
7116,ready,2,1,0,636,27026.75,32169.18
7117,ready,3,1,0,636,21376.92,25183.16
7118,ready,1,1,0,636,9719.77,16909.08
7119,ready,2,1,0,636,13341.91,18631.98
7120,ready,1,1,0,636,13870.26,27053.5
7121,ready,3,1,0,636,29326.16,34345.51
7122,ready,1,1,0,636,14012.18,18533.3
7123,ready,1,1,0,636,11167,24488.71
7124,ready,2,1,0,636,27281.33,32430.53
7125,ready,1,2,1,636,14786.31,20926.74
7126,ready,1,1,0,636,15222.97,19216.07
7127,ready,1,1,0,636,13149.48,18242.05
7128,ready,1,2,1,636,13880.92,19418.95
7129,ready,2,1,0,636,27374.96,32487.59
7130,ready,2,1,0,636,27014.51,32065.09
7131,ready,2,1,0,636,27000.11,31421.12
7132,ready,2,1,0,636,27403.41,32390.06
7133,ready,2,1,0,636,27000.44,31231.19
7134,ready,1,1,0,636,11787.06,16051.94
7135,ready,1,2,1,636,21711.8,28251.06
7136,ready,1,1,0,636,13111.37,17913.29
7137,ready,2,1,0,636,26099.27,30136.24
7138,ready,2,2,1,636,26008.64,31010
7139,ready,1,1,0,636,21625.62,26399.41
7140,ready,3,1,0,636,16314.37,21603.64
7141,ready,2,2,1,636,27008.24,32132.76
7142,ready,2,1,0,636,27035.26,31764.89
7143,ready,1,1,0,636,21708.13,27137.5
7144,ready,3,1,0,636,29606.71,34033.47
7145,ready,2,1,0,636,27469.57,32455.46
7146,ready,2,1,0,636,13341.42,25285.51
7147,ready,2,1,0,636,13309.74,18268.38
7148,ready,2,1,0,636,27238.31,30988.06
7149,ready,2,1,0,636,13342.13,18004.12
7150,ready,1,1,0,636,13914.41,19009.24
7151,ready,1,3,2,636,11166.38,63849.08
7152,ready,2,1,0,636,27041.68,31713.86
7153,ready,2,1,0,636,28136.9,31950.61
7154,ready,2,1,0,636,25220.44,29955.94
7155,ready,1,1,0,636,9720.23,17326.82
7156,ready,1,1,0,636,13116.94,17089.4
7157,ready,1,1,0,636,22462.99,28290.9
7158,ready,2,1,0,636,13341.18,17731.64
7159,ready,2,1,0,636,25865.71,30003.98
7160,ready,2,1,0,636,25508.83,30673.05
7161,ready,2,1,0,636,26991.78,30726.81
7162,ready,3,2,1,636,28675.83,35006.1
7163,ready,2,1,0,636,25527.85,30222.53
7164,ready,2,1,0,636,25847.92,30873.41
7165,ready,1,1,0,636,18108.27,22033.92
7166,ready,2,2,1,636,26106.24,31767.71
7167,ready,2,1,0,636,25183.08,30653.15
7168,ready,3,1,0,636,29221.35,34092.38
7169,ready,2,2,1,636,25961.41,31932.3
7170,ready,2,1,0,636,25801.27,30818.57
7171,ready,2,1,0,636,25378.95,29420.73
7172,ready,2,1,0,636,25842.3,29974.49
7173,ready,1,1,0,636,14015.29,19376.31
7174,ready,2,1,0,636,27007.81,32002.54
7175,ready,1,1,0,636,16965.15,21025.43
7176,ready,3,1,0,636,28251.02,33284.98
7177,ready,2,1,0,636,25541.83,30782.39
7178,ready,2,1,0,636,25841.01,30077.3
7179,ready,2,2,1,636,27522.51,32218.79
7180,ready,1,2,1,636,11163.89,62891.57
7181,ready,1,2,1,636,11792.3,17562.66
7182,ready,2,3,2,636,25571.93,32002.8
7183,ready,2,1,0,636,25801.32,29800.22
7184,ready,2,1,0,636,26997.15,31717.31
7185,ready,2,1,0,636,13343.02,18632.01
7186,ready,1,1,0,636,13150.25,17089.06
7187,ready,2,1,0,636,26996.66,30911.83
7188,notice_fetch_failed,1,3,2,240,13880.69,15589.6
7189,ready,2,1,0,636,13383.82,18280.61
7190,ready,1,1,0,636,9718.3,32174.98
7191,ready,2,1,0,636,13330.29,20153.14
7192,ready,1,2,1,636,16664.83,22014.89
7193,ready,2,1,0,636,27385.36,31934.71
7194,ready,3,1,0,636,28807.27,33407.88
7195,ready,1,1,0,636,15409.34,20394.27
7196,ready,2,1,0,636,26317.49,30255.94
7197,ready,2,1,0,636,53298.46,57809.03
7198,ready,1,1,0,636,20296.18,24488.95
7199,ready,2,1,0,636,26989.95,30901.99
7200,ready,1,1,0,636,13945.29,19016.18
7201,ready,2,1,0,636,25633.22,30135.83
7202,ready,2,1,0,636,27237.24,31263.75
7203,ready,2,1,0,636,27039.57,30953.23
7204,ready,2,1,0,636,27000.2,31847.95
7205,ready,1,1,0,636,13917.37,18255.23
7206,ready,2,1,0,636,13386.16,18313.4
7207,ready,1,1,0,636,16111.07,20927.03
7208,ready,2,1,0,636,27503.83,32453.49
7209,ready,1,1,0,636,11166.66,16781.22
7210,ready,1,2,1,636,11798,16892.19
7211,ready,2,1,0,636,27271.89,32071.17
7212,ready,2,1,0,636,25250.56,30222.47
7213,ready,2,1,0,636,25990.7,30721.6
7214,ready,1,1,0,636,13689.84,18419.2
7215,ready,1,1,0,636,13110.9,18526.6
7216,ready,2,1,0,636,27235.05,31993.38
7217,ready,2,1,0,636,27539.9,32071.21
7218,ready,1,1,0,636,11792.66,16169.21
7219,ready,2,2,1,636,13342.34,19007.93
7220,ready,1,1,0,636,19048.71,23498.38
7221,ready,1,1,0,636,16698.55,20926.84
7222,ready,2,1,0,636,13341.37,18285.41
7223,ready,1,1,0,636,13946.88,18456.22
7224,ready,2,1,0,636,13361.82,18411.09
7225,ready,3,1,0,636,28592.3,33283.76
7226,ready,1,1,0,636,17236.82,22554.04
7227,ready,1,1,0,636,18788.62,22990.06
7228,ready,1,1,0,636,21704.09,25911.75
7229,ready,3,1,0,636,28591.04,33326.22
7230,ready,1,1,0,636,13151.92,16962.8
7231,ready,1,2,1,636,15184.4,20328.02
7232,ready,2,1,0,636,13325.52,27032.9
7233,ready,2,1,0,636,27548.49,32345.88
7234,ready,2,1,0,636,13380.98,18358.57
7235,ready,2,1,0,636,28093.88,33302.27
7236,ready,2,1,0,636,13326.63,18039.59
7237,ready,2,1,0,636,27385.21,31779.15
7238,ready,2,1,0,636,13342.3,18242.17
7239,ready,1,2,1,636,13926.15,18512.49
7240,ready,1,1,0,636,11163.91,16348.65
7241,ready,2,2,1,636,27854.19,33428.13
7242,ready,1,1,0,636,16875.1,22104.26
7243,ready,1,1,0,636,16966.04,22241.45
7244,ready,1,1,0,636,13924.83,19303.1
7245,ready,1,1,0,636,20505.94,25132.98
7246,ready,1,1,0,636,16875.04,22040.27
7247,ready,1,1,0,636,13940.85,20443.16
7248,ready,1,1,0,636,11794.67,17086.97
7249,ready,2,3,2,636,27030.33,33370.34
7250,ready,2,1,0,636,13383.67,17182.98
7251,ready,2,1,0,636,11800.71,16635.08
7252,ready,2,1,0,636,13359.82,18631.93
7253,ready,2,1,0,636,27284.51,32108.31
7254,ready,1,3,2,636,11788.11,30604.67
7255,ready,3,1,0,636,28032.02,32363.06
7256,ready,2,1,0,636,11802.14,17129.67
7257,ready,2,1,0,636,27277.36,32167.1
7258,ready,2,1,0,636,25577.9,30609.6
7259,ready,2,1,0,636,27281.13,32847.88
7260,ready,2,1,0,636,27031.11,32038.18
7261,ready,1,1,0,636,14404.5,19618.27
7262,ready,1,1,0,636,11162.44,27052.05
7263,ready,2,1,0,636,27500.35,32958.57
7264,ready,2,1,0,636,27237.45,32414.44
7265,ready,2,1,0,636,26018.97,30337.46
7266,ready,2,1,0,636,27847.57,32189.81
7267,ready,1,1,0,636,11163.96,21194.36
7268,ready,4,1,0,636,31949.87,37014.61
7269,ready,1,1,0,636,17618.33,23020.25
7270,ready,2,1,0,636,27008.21,31201.81
7271,ready,2,1,0,636,25826.11,30067.35
7272,ready,1,1,0,636,17213.16,22480.97
7273,ready,2,1,0,636,27016.61,31014.19
7274,ready,2,1,0,636,11803.13,20456.51
7275,ready,2,1,0,636,27002.74,30840.64
7276,ready,1,1,0,636,18082.75,23338.61
7277,ready,2,1,0,636,27606.54,32123.08
7278,ready,2,1,0,636,26033.18,30691.67
7279,ready,1,1,0,636,13150.19,18319.38
7280,ready,2,1,0,636,26249.69,30456.58
7281,ready,1,1,0,636,17818.42,22829.26
7282,ready,3,1,0,636,28610.79,32943.11
7283,ready,1,1,0,636,13914.6,25436.08
7284,ready,1,1,0,636,13150.23,17087.57
7285,ready,2,1,0,636,13330.52,17555.49
7286,ready,2,1,0,636,25880.57,30444.35
7287,ready,1,1,0,636,11798.74,16756.19
7288,ready,2,1,0,636,11800.28,16260.86
7289,ready,1,1,0,636,13117.58,18528.29
7290,ready,4,1,0,636,29967.28,35461.57
7291,ready,1,1,0,636,11165.54,17408
7292,ready,1,1,0,636,18218.58,22395.98
7293,ready,3,1,0,636,17998.17,23288.33
7294,ready,1,1,0,636,18771.83,22809.91
7295,ready,2,2,1,636,27534.79,32446.02
7296,ready,2,1,0,636,27998.45,32708.15
7297,ready,2,1,0,636,27854.23,32445.95
7298,ready,1,2,1,636,11794.57,16534.42
7299,ready,1,2,1,636,14020.82,66418.03
7300,ready,1,2,1,636,13150.6,17930.96
7301,ready,1,1,0,636,14942.96,19972.92
7302,ready,2,1,0,636,27026.68,32255.96
7303,ready,2,2,1,636,27044.91,32910.82
7304,ready,1,1,0,636,11790.03,17088.38
7305,ready,2,2,1,636,26099.06,31201.95
7306,ready,2,1,0,636,27536.31,31970.35
7307,ready,1,1,0,636,18172.51,23317.85
7308,ready,2,1,0,636,25863.26,30468.85
7309,ready,2,1,0,636,26181.94,30249.15
7310,ready,2,1,0,636,26993.53,30745.45
7311,ready,2,1,0,636,27042,32109.13
7312,ready,2,1,0,636,25631.53,30250.56
7313,ready,2,1,0,636,25756.52,29703.58
7314,ready,1,1,0,636,22234.55,26116.58
7315,ready,2,1,0,636,26148.69,30135.91
7316,ready,2,2,1,636,11801.13,63507.06
7317,ready,1,1,0,636,11163.84,18011.48
7318,ready,2,1,0,636,13371.96,18004.85
7319,ready,2,1,0,636,25496.04,30932.53
7320,ready,1,1,0,636,11802.63,16855.42
7321,ready,1,1,0,636,13151.59,18246.47
7322,ready,1,1,0,636,11797.58,21258.81
7323,ready,2,1,0,636,27024.11,31249.17
7324,ready,3,1,0,636,23711.19,28289.24
7325,ready,2,1,0,636,25651.47,29838.44
7326,ready,2,1,0,636,11804.21,16110.56
7327,ready,1,1,0,636,18436.09,22848.9
7328,ready,2,2,1,636,25790.62,30760.34
7329,ready,1,1,0,636,18814.89,22992.6
7330,ready,1,1,0,636,13111.3,18172.94
7331,ready,1,1,0,636,13870.94,18296.11
7332,ready,2,1,0,636,11801.21,25784.24
7333,ready,1,1,0,636,15678.22,20550.65
7334,ready,1,1,0,636,16454.15,21360.35
7335,ready,1,1,0,636,15213.53,19976.91
7336,ready,2,1,0,636,27280.49,31249.03
7337,ready,2,1,0,636,25244.34,30135.97
7338,ready,1,3,2,636,16964.69,23020.27
7339,ready,2,1,0,636,25996.6,31302.18
7340,ready,1,1,0,636,11792.25,17088.08
7341,ready,2,1,0,636,25129.16,29432.41
7342,ready,1,1,0,636,13926.35,28259.82
7343,ready,2,1,0,636,25727.78,31106.8
7344,ready,1,1,0,636,16698.46,21699.54
7345,ready,1,1,0,636,20516.37,25132.72
7346,ready,1,1,0,636,11791.88,16339.55
7347,ready,2,1,0,636,27007.94,30935.65
7348,ready,2,1,0,636,26340.45,31039.75
7349,ready,1,2,1,636,13151.67,19089.36
7350,ready,1,1,0,636,13946.87,19079.62
7351,ready,2,1,0,636,13325.54,18106.8
7352,ready,1,1,0,636,13945.28,18311.91
7353,ready,2,1,0,636,28111.4,33284.02
7354,ready,2,1,0,636,26051.12,31333.48
7355,ready,2,1,0,636,11800.79,25131.86
7356,ready,1,1,0,636,11790.6,17129.6
7357,ready,2,1,0,636,13353.28,18004.39
7358,ready,1,1,0,636,19047.43,23105.08
7359,ready,2,1,0,636,11804.4,18106.4
7360,ready,1,1,0,636,11802.59,16389.6
7361,ready,2,2,1,636,27536.33,33284.33
7362,ready,1,1,0,636,11790.3,16519.63
7363,ready,1,2,1,636,11794.3,28781.29
7364,ready,2,2,1,636,13330.19,19505.29
7365,ready,1,1,0,636,21063.11,25133.13
7366,ready,2,3,2,636,27039.29,33994.31
7367,ready,2,1,0,636,25983.98,30509.78
7368,ready,2,1,0,636,25679.16,29923.5
7369,ready,1,1,0,636,18418.43,24100.32
7370,ready,2,1,0,636,25896.31,30432.33
7371,ready,2,1,0,636,25479.84,29499.44
7372,ready,1,2,1,636,11792.87,17232.9
7373,ready,2,1,0,636,13371.98,17188.02
7374,ready,1,1,0,636,13870.74,18445.92
7375,ready,1,1,0,636,11790.83,28280.92
7376,ready,1,1,0,636,13987.82,17913
7377,ready,1,1,0,636,11787.31,17129.44
7378,ready,1,1,0,636,11795.19,16351.42
7379,ready,2,2,1,636,25886.43,30887.9
7380,ready,2,1,0,636,26033.29,30807.59
7381,ready,2,1,0,636,27280.45,32220.52
7382,ready,2,3,2,636,25442.33,31968.8
7383,ready,2,1,0,636,11801.85,16855.46
7384,ready,1,1,0,636,11791.22,16348.76
7385,ready,2,1,0,636,26189.74,30067.58
7386,ready,1,1,0,636,13943.36,19192.78
7387,ready,1,1,0,636,16756.14,21070.09
7388,ready,2,1,0,636,27022.74,31470.44
7389,ready,1,1,0,636,21021.76,25132.75
7390,ready,2,1,0,636,27273.78,31505.41
7391,ready,2,1,0,636,13341.82,18461.97
7392,ready,3,1,0,636,23824.88,28292.91
7393,ready,3,2,1,636,29022.16,35155.73
7394,ready,1,1,0,636,11792.33,26121.94
7395,ready,2,1,0,636,27021.07,30911.81
7396,ready,1,2,1,636,11166.49,16096.31
7397,ready,1,1,0,636,11790.49,25564.35
7398,ready,2,1,0,636,26047.83,30717.64
7399,ready,1,1,0,636,13150.26,18369.86
7400,ready,1,1,0,636,11793.08,17415.24
7401,ready,2,1,0,636,27034.8,31505.84
7402,ready,2,1,0,636,27364.67,31990.85
7403,ready,1,1,0,636,13913.87,18254.65
7404,ready,1,1,0,636,11162.07,33952.81
7405,ready,2,1,0,636,27000.43,30940.74
7406,ready,1,1,0,636,11793.8,26469.09
7407,ready,1,1,0,636,13111.19,19075.67
7408,ready,2,1,0,636,27238.09,32269.81
7409,ready,1,1,0,636,16684.53,21651.64
7410,ready,1,2,1,636,18108.16,23724.36
7411,ready,1,2,1,636,11790.98,17555.55
7412,ready,2,1,0,636,25366.84,29971.87
7413,ready,1,1,0,636,11166.5,16375.76
7414,ready,1,1,0,636,13883.62,18004.15
7415,ready,2,1,0,636,27235.15,31799.81
7416,ready,2,1,0,636,13345.42,18162.1
7417,ready,2,1,0,636,25982.73,30505.09
7418,ready,1,2,1,636,11164.31,29499.38
7419,ready,2,2,1,636,26046.33,31505.64
7420,ready,2,1,0,636,11800.66,16479.63
7421,ready,1,1,0,636,21257.07,26469.22
7422,ready,2,1,0,636,13317.23,23481.17
7423,ready,1,1,0,636,14405.39,19303.2
7424,ready,1,1,0,636,17130.06,22166.74
7425,ready,2,1,0,636,26003.1,30113.88
7426,ready,2,1,0,636,26215.73,31764.31
7427,ready,1,2,1,636,11792.45,24100.41
7428,ready,1,2,1,636,11798.08,30046.6
7429,ready,2,1,0,636,26996.6,31233.1
7430,ready,1,1,0,636,22227.35,26955.19
7431,ready,2,1,0,636,26074.31,31228.27
7432,ready,2,1,0,636,25761.8,30970.52
7433,ready,1,1,0,636,16289.93,21308.02
7434,ready,2,1,0,636,27269.68,32361.65
7435,ready,2,2,1,636,27273.72,32783.87
7436,ready,1,1,0,636,11166.64,21576.99
7437,ready,1,1,0,636,11165.97,17315.42
7438,ready,1,1,0,636,17901.83,22447.83
7439,ready,1,2,1,636,11797.26,17230.23
7440,ready,1,1,0,636,13870.29,19030.58
7441,ready,3,1,0,636,28488.16,32799.55
7442,ready,2,1,0,636,13307.21,23475.09
7443,ready,3,1,0,636,28605.12,33641.73
7444,ready,3,1,0,636,29014.01,33035.11
7445,ready,2,1,0,636,27009.31,31846.48
7446,ready,1,1,0,636,11164.42,16484.02
7447,ready,1,1,0,636,16801.79,21646.12
7448,ready,2,2,1,636,25608.09,30081.57
7449,ready,1,1,0,636,14900.33,18980.21
7450,ready,2,1,0,636,27380.35,31364.11
7451,ready,2,1,0,636,27740.14,32345.43
7452,ready,2,1,0,636,25885.17,30893.66
7453,ready,2,1,0,636,27284.53,32569.33
7454,ready,1,1,0,636,18490.79,24101.54
7455,ready,2,3,2,636,13383.88,67159.49
7456,ready,3,1,0,636,29393.59,34833.06
7457,ready,1,1,0,636,11788.57,16110.52
7458,ready,1,3,2,636,11165.05,18512.4
7459,ready,2,1,0,636,28065.88,32307.85
7460,ready,2,1,0,636,26018.84,30250.64
7461,ready,1,1,0,636,11790.56,28254.94
7462,ready,2,1,0,636,27280.43,31780.54
7463,ready,2,2,1,636,27550.76,32569.17
7464,ready,2,1,0,636,13359.78,17915.61
7465,ready,1,1,0,636,11790.33,18059.35
7466,ready,2,1,0,636,13317.46,17316.61
7467,ready,1,1,0,636,13111.36,17567.98
7468,ready,1,1,0,636,20504.4,25132.74
7469,ready,1,1,0,636,15144.85,19734.72
7470,ready,2,3,2,636,27009.48,34303.28
7471,ready,2,1,0,636,11802.85,16811.86
7472,ready,1,1,0,636,11791.35,16515.45
7473,ready,2,1,0,636,11801.43,17087.83
7474,ready,2,1,0,636,27045.93,31097.18
7475,ready,2,1,0,636,27030.3,32038.28
7476,ready,2,1,0,636,25398.21,29442.35
7477,ready,3,1,0,636,29120.07,32954.28
7478,ready,1,1,0,636,18044.72,23512.67
7479,ready,1,1,0,636,13150.78,17289.48
7480,ready,2,1,0,636,25892.16,30672.99
7481,ready,1,1,0,636,21262.41,26469.18
7482,ready,1,1,0,636,13935.13,19137.14
7483,ready,1,2,1,636,11796.74,17289.5
7484,ready,2,1,0,636,13342.06,27030.89
7485,ready,2,3,2,636,25575.82,32269.27
7486,ready,1,1,0,636,13152.13,26910.79
7487,ready,2,3,2,636,25129.07,31711.66
7488,ready,1,1,0,636,16875.23,20963.18
7489,ready,1,1,0,636,19198.52,23481.13
7490,ready,1,2,1,636,13110.8,31899.4
7491,ready,2,1,0,636,25880.78,30256.24
7492,notice_fetch_failed,2,3,2,240,11801.41,25370.42
7493,ready,1,1,0,636,17279.86,22016.44
7494,ready,2,1,0,636,27274,31834.54
7495,ready,2,1,0,636,13330.1,18808.88
7496,ready,1,1,0,636,11798.83,25367.26
7497,ready,1,1,0,636,13152.3,18461.83
7498,ready,2,1,0,636,27284.79,31364.27
7499,ready,1,1,0,636,11162.5,18059.33
7500,ready,1,1,0,636,15156.12,20068.08
7501,ready,2,1,0,636,27000.46,32065.82
7502,ready,2,1,0,636,27014.41,32344.71
7503,ready,2,3,2,636,11803.73,31146.18
7504,ready,1,2,1,636,11797.52,16124.93
7505,ready,2,1,0,636,13360.07,18418.9
7506,ready,1,1,0,636,19031.88,23026.74
7507,ready,2,1,0,636,27014.24,30757.7
7508,ready,1,1,0,636,18127.55,22433.99
7509,ready,2,1,0,636,27534.82,31308.51
7510,ready,4,1,0,636,30345.23,35385.59
7511,ready,2,1,0,636,27537.97,32164.46
7512,ready,2,1,0,636,11801.69,20328.06
7513,ready,1,1,0,636,21671.76,26148.76
7514,ready,1,2,1,636,11166.26,26124.05
7515,ready,2,1,0,636,27007.77,30967.88
7516,ready,1,1,0,636,14139.77,18437.18
7517,ready,2,1,0,636,27035.11,32309.7
7518,ready,1,1,0,636,15146.41,19578.79
7519,ready,3,1,0,636,16785.48,20926.89
7520,ready,2,1,0,636,25430.69,29245.12
7521,ready,2,1,0,636,27022.86,30900.75
7522,ready,2,1,0,636,28092.42,33035.03
7523,ready,1,1,0,636,11162.77,16095.99
7524,ready,1,1,0,636,18044.79,22356.44
7525,ready,1,2,1,636,14404.6,20466.41
7526,ready,1,2,1,636,11166.47,63051.27
7527,ready,1,1,0,636,16698.3,21327.89
7528,ready,1,1,0,636,13914.01,19040.26
7529,ready,1,1,0,636,14074.64,18285.48
7530,ready,1,1,0,636,13149.27,17562.93
7531,ready,1,1,0,636,11789.07,16254.07
7532,ready,2,2,1,636,25847.95,30855.69
7533,ready,2,1,0,636,27009.33,30994
7534,ready,3,1,0,636,29036.62,33442.92
7535,ready,1,1,0,636,13926.44,19279.76
7536,ready,2,1,0,636,25556.48,29572.9
7537,ready,2,1,0,636,13342.7,18419.29
7538,ready,2,1,0,636,25366.99,29692.1
7539,ready,2,1,0,636,27280.28,32309.08
7540,ready,2,1,0,636,25581.96,30263.29
7541,ready,1,1,0,636,11164.48,23512.64
7542,ready,1,1,0,636,11798.58,16378.1
7543,ready,1,1,0,636,11794.02,19279.99
7544,ready,2,1,0,636,25896.29,30367.97
7545,ready,3,1,0,636,28465.06,33446.95
7546,ready,2,1,0,636,13353.15,18171.93
7547,ready,2,1,0,636,26085.19,30806.14
7548,ready,1,1,0,636,13151.31,23475.14
7549,ready,2,3,2,636,27491.08,34634.9
7550,ready,1,1,0,636,13913.85,18845.92
7551,ready,2,1,0,636,25366.87,29839.94
7552,ready,2,2,1,636,13371.93,65400.65
7553,ready,1,2,1,636,14005.72,19792.14
7554,ready,1,2,1,636,18301.32,23498.28
7555,ready,1,1,0,636,13149.92,18122.01
7556,ready,1,1,0,636,11789.99,16892.22
7557,ready,2,1,0,636,13330.39,17946.59
7558,ready,2,1,0,636,13325.79,17221.7
7559,ready,1,2,1,636,9718.16,16179.41
7560,ready,2,1,0,636,25420.46,29724.41
7561,ready,1,1,0,636,13940.76,18456.92
7562,ready,2,1,0,636,26195.66,30148.86
7563,ready,1,1,0,636,14404.38,19282.94
7564,ready,1,1,0,636,13152.67,27164.67
7565,ready,1,1,0,636,13104.91,17200.22
7566,ready,1,1,0,636,11163.94,16706.79
7567,ready,2,1,0,636,25571.96,29465.39
7568,ready,1,1,0,636,11795.27,16704.38
7569,ready,1,2,1,636,13152.56,18868.58
7570,ready,3,1,0,636,28960.63,33717.72
7571,ready,7,1,0,636,68737.41,72937.05
7572,ready,1,1,0,636,11786.94,25132.23
7573,ready,1,1,0,636,9720.19,28685.44
7574,ready,2,1,0,636,25781.24,30601.46
7575,ready,1,1,0,636,11792.24,25183.3
7576,ready,1,1,0,636,11790.05,28980.44
7577,ready,2,1,0,636,25993.16,29925.83
7578,ready,1,1,0,636,13996.15,30193.42
7579,ready,1,2,1,636,13111.18,19279.37
7580,ready,1,2,1,636,11162.06,16592.66
7581,ready,1,1,0,636,13881.45,22809.89
7582,ready,1,1,0,636,15185.17,20328.15
7583,ready,2,1,0,636,11804.12,16504.09
7584,ready,2,1,0,636,25527.87,30283.28
7585,ready,1,1,0,636,13150.64,18367.45
7586,ready,2,1,0,636,13325.44,18437.52
7587,ready,1,1,0,636,11800.02,37871.31
7588,ready,1,1,0,636,17900.52,23157.12
7589,ready,1,1,0,636,15171.86,19941.49
7590,ready,1,1,0,636,13104.35,17440.82
7591,ready,1,1,0,636,9718.34,18009.2
7592,ready,1,1,0,636,13880.55,18634.98
7593,ready,1,2,1,636,11787.09,63224.02
7594,ready,2,3,2,636,27014.96,33606.96
7595,ready,4,1,0,636,31210.39,35276.7
7596,ready,2,1,0,636,25880.6,29629.59
7597,ready,1,2,1,636,13687.58,21603
7598,ready,2,1,0,636,25644.49,30950.45
7599,ready,2,3,2,636,13327.21,19967.85
7600,ready,2,1,0,636,25866.87,30848.09
7601,ready,1,1,0,636,13941.85,18582.58
7602,ready,1,1,0,636,16437.14,20306.02
7603,ready,1,1,0,636,21736.43,27216.15
7604,ready,1,1,0,636,21832.46,26202.25
7605,ready,1,1,0,636,16839.18,20927.17
7606,ready,1,2,1,636,11167.07,16527.01
7607,ready,1,1,0,636,16289.88,20306.2
7608,ready,2,1,0,636,27587.79,32010.48
7609,ready,1,1,0,636,13949.53,21427.85
7610,ready,2,1,0,636,27277.61,31819.35
7611,ready,1,2,1,636,17279.81,22253.34
7612,ready,2,1,0,636,26313.12,31429.87
7613,ready,2,1,0,636,25932.54,30205.54
7614,ready,1,2,1,636,14900.44,20328.27
7615,ready,1,2,1,636,11796.38,30353.94
7616,ready,1,1,0,636,11164.82,27128.56
7617,ready,2,1,0,636,26068.5,30633.04
7618,ready,3,1,0,636,28374.37,32253.54
7619,ready,1,1,0,636,13881.08,18851.24
7620,ready,2,1,0,636,27237.2,31992.15
7621,ready,2,1,0,636,11803.91,16215.26
7622,ready,2,1,0,636,27022.88,32219.71
7623,ready,2,1,0,636,13326.74,18512.51
7624,ready,3,1,0,636,29480.19,34078.67
7625,ready,1,1,0,636,18184.55,24100.26
7626,ready,1,1,0,636,11792.95,16874.92
7627,ready,1,1,0,636,13150.76,17394.46
7628,ready,2,1,0,636,27032.38,31083.19
7629,ready,3,1,0,636,16454.12,20926.65
7630,ready,1,1,0,636,11799.31,16814.37
7631,ready,2,1,0,636,27862.26,32056.44
7632,ready,1,1,0,636,16675.72,20987.33
7633,ready,1,1,0,636,11802.45,29420.7
7634,ready,2,1,0,636,25542.86,30794.56
7635,ready,1,1,0,636,21120.21,26211.11
7636,ready,2,1,0,636,27000.37,32016.23
7637,ready,1,1,0,636,11164.56,16927.83
7638,ready,2,1,0,636,27014.5,32309.31
7639,ready,1,1,0,636,18170.86,25131.91
7640,ready,1,1,0,636,13940.69,18004.96
7641,ready,1,1,0,636,13881.04,18173
7642,ready,2,1,0,636,27014.74,31732.62
7643,ready,3,1,0,636,29217.04,33814.99
7644,ready,2,1,0,636,25781.31,30881.18
7645,ready,2,1,0,636,13326.83,18808.75
7646,ready,1,1,0,636,13104.74,17913.19
7647,ready,1,2,1,636,13901.62,19036.92
7648,ready,2,1,0,636,27272.17,31644.18
7649,ready,2,2,1,636,27491.16,32833.78
7650,ready,1,1,0,636,11164.96,16754.47
7651,ready,2,1,0,636,27603.74,32199.53
7652,ready,2,1,0,636,25191.8,30138.26
7653,ready,2,2,1,636,25556.47,30578.64
7654,ready,1,1,0,636,15230.75,19734.74
7655,ready,2,1,0,636,27014.83,31764.97
7656,ready,1,1,0,636,11164.23,16110.57
7657,ready,1,1,0,636,11795.39,16479.71
7658,ready,2,1,0,636,27030.26,30987.41
7659,ready,1,1,0,636,13935.05,19507.96
7660,ready,1,1,0,636,11795.69,17427.64
7661,ready,1,1,0,636,13111.28,17194.2
7662,ready,1,2,1,636,11164.75,29328.87
7663,ready,1,1,0,636,11795.81,37839.64
7664,ready,2,2,1,636,27364.62,32993.1
7665,ready,2,1,0,636,13317.53,18411.52
7666,ready,1,1,0,636,13901.37,19162.89
7667,ready,2,1,0,636,11803.58,26248.28
7668,ready,1,1,0,636,21711.64,27179.12
7669,ready,1,2,1,636,13104.49,30905.75
7670,ready,1,1,0,636,13883.61,19295.15
7671,ready,1,1,0,636,18418.53,22975.86
7672,ready,1,3,2,636,11794.43,18437.22
7673,ready,2,1,0,636,27045.23,31563.12
7674,ready,2,1,0,636,27026.6,31279.55
7675,ready,2,1,0,636,28006.41,32894.65
7676,ready,1,2,1,636,11788.16,29681.15
7677,ready,3,1,0,636,27547.09,31810.84
7678,ready,2,1,0,636,25840.96,30726.68
7679,ready,2,1,0,636,13345.05,18122.11
7680,ready,1,2,1,636,11162.75,16411.95
7681,ready,3,1,0,636,27784.77,32264.13
7682,ready,1,1,0,636,11798.43,16395.34
7683,ready,2,1,0,636,26111.03,30382.08
7684,ready,1,1,0,636,13926.24,18527.05
7685,ready,1,1,0,636,18896.24,24261.19
7686,ready,2,1,0,636,25892.2,31004.8
7687,ready,1,1,0,636,15159.94,19036.94
7688,ready,2,2,1,636,13342.63,65133.61
7689,ready,2,2,1,636,27672.64,33050.83
7690,ready,1,1,0,636,21590.97,25372.33
7691,ready,1,2,1,636,14015.27,19150.73
7692,ready,2,1,0,636,27271.65,32056.09
7693,ready,2,1,0,636,25890.9,31158.98
7694,ready,1,2,1,636,11790.87,30567.1
7695,ready,1,1,0,636,22236.76,27210.11
7696,ready,2,1,0,636,26028.25,30568.13
7697,ready,2,1,0,636,11804.45,17088.49
7698,ready,2,1,0,636,13361.85,18142.37
7699,ready,1,1,0,636,11165.51,16375.82
7700,ready,2,1,0,636,25946.38,30322.2
7701,ready,1,1,0,636,22234.24,27522.48
7702,ready,2,1,0,636,26135.88,30669.1
7703,ready,2,1,0,636,13327.25,18901.72
7704,ready,1,1,0,636,15152.2,19884.83
7705,ready,1,1,0,636,13689.67,19022.45
7706,ready,2,2,1,636,27285.15,32907.39
7707,ready,1,1,0,636,22856.33,26910.77
7708,ready,2,1,0,636,28086.52,32900.84
7709,ready,1,1,0,636,21251.27,25191.83
7710,ready,1,1,0,636,11793.43,15980.68
7711,ready,2,2,1,636,25923.94,31019.46
7712,ready,3,2,1,636,29183.19,34912.57
7713,ready,2,1,0,636,27030.06,32346.1
7714,ready,1,2,1,636,11788.38,62749.7
7715,ready,1,1,0,636,11165.01,16214.49
7716,ready,2,1,0,636,27030.24,30797
7717,ready,1,3,2,636,11165.92,30192.03
7718,ready,2,1,0,636,27273.65,31074.31
7719,ready,1,1,0,636,15223.06,19303.04
7720,ready,1,1,0,636,13870.86,18295.82
7721,ready,4,1,0,636,30993.68,35209.13
7722,ready,2,1,0,636,25581.93,30633.07
7723,ready,5,1,0,636,33608.37,38054.05
7724,ready,1,1,0,636,13151.19,17685.99
7725,ready,2,1,0,636,13381.02,18383.52
7726,ready,1,1,0,636,13880.61,19053.72
7727,ready,2,3,2,636,27007.88,32977.43
7728,ready,2,2,1,636,26003.03,31949.35
7729,ready,2,1,0,636,28058.61,32170.89
7730,ready,1,1,0,636,11798.9,17087.18
7731,ready,1,1,0,636,16289.83,21325.67
7732,ready,1,1,0,636,11802.58,16443.34
7733,ready,1,1,0,636,22234.02,28244.89
7734,ready,2,1,0,636,25729.01,30241.94
7735,ready,1,1,0,636,18039.14,23192.93
7736,ready,1,2,1,636,11164.33,63006.73
7737,ready,1,1,0,636,11792.77,22349.9
7738,ready,2,1,0,636,25806.3,30545.44
7739,ready,1,1,0,636,13951.04,28290.87
7740,ready,1,1,0,636,21248.91,25620.83
7741,ready,1,1,0,636,20454.58,25132.96
7742,ready,2,1,0,636,26273.01,30635.64
7743,ready,2,1,0,636,13342.42,18490.61
7744,ready,1,1,0,636,13150.34,18171.6
7745,ready,1,1,0,636,11798.68,25367.24
7746,ready,2,1,0,636,28081.57,32002.47
7747,ready,2,1,0,636,27000.47,30903.73
7748,ready,2,1,0,636,27508.22,32806.17
7749,ready,2,1,0,636,13325.85,18039.57
7750,ready,2,1,0,636,26022.73,30530.86
7751,ready,2,1,0,636,27269.72,31734.08
7752,ready,1,1,0,636,13150.99,18003.97
7753,ready,2,1,0,636,27540.02,32014.23
7754,ready,2,1,0,636,26010.12,30451.33
7755,ready,1,1,0,636,17199,21994.52
7756,ready,1,2,1,636,13150.75,18286.7
7757,ready,2,1,0,636,27537.92,32383.29
7758,ready,1,1,0,636,13149.83,17252.8
7759,ready,1,2,1,636,11792.73,16479.67
7760,ready,2,1,0,636,25447.78,29719.16
7761,ready,1,1,0,636,11793.09,21906.7
7762,ready,1,3,2,636,11791.51,30946.34
7763,ready,2,1,0,636,25254.25,29932.88
7764,ready,3,1,0,636,27849.12,32939.96
7765,ready,2,1,0,636,26193.43,31777.37
7766,ready,2,2,1,636,13325.74,19322.35
7767,ready,1,1,0,636,21100.31,25132.96
7768,ready,2,1,0,636,28113.97,33028.48
7769,ready,1,2,1,636,11794.24,63089.06
7770,ready,3,1,0,636,28527.36,33410.49
7771,ready,4,1,0,636,30822.14,35901.11
7772,ready,1,1,0,636,13933.05,18418.85
7773,ready,1,1,0,636,11798.84,16516.83
7774,ready,1,1,0,636,13883.57,18135.64
7775,ready,1,1,0,636,13111.29,18370
7776,ready,1,1,0,636,18303.36,22066.2
7777,ready,2,1,0,636,27284.24,32211.78
7778,ready,1,1,0,636,11790.71,16526.91
7779,ready,1,2,1,636,11165.76,16849.31
7780,ready,2,1,0,636,13326.39,18314.92
7781,ready,1,1,0,636,15843.67,20038.63
7782,ready,1,2,1,636,13935.14,65133.79
7783,ready,1,1,0,636,11790.85,18040
7784,ready,2,2,1,636,26090.05,30988.02
7785,ready,1,1,0,636,20986,25183.25
7786,ready,2,1,0,636,13341.57,18314.8
7787,ready,1,1,0,636,11799.33,16376.1
7788,ready,2,1,0,636,25787.69,30387.07
7789,ready,1,1,0,636,13111.25,18286.9
7790,ready,1,1,0,636,13150.49,18282.19
7791,ready,1,1,0,636,14365.58,19211.41
7792,ready,1,1,0,636,11799.85,16811.76
7793,ready,1,2,1,636,13913.46,18411.33
7794,ready,2,1,0,636,26051.1,30593.18
7795,ready,1,1,0,636,18366.98,22362.94
7796,ready,2,1,0,636,25802.78,30218.43
7797,ready,2,1,0,636,27210.15,32359.88
7798,ready,1,1,0,636,13935.06,18901.85
7799,ready,2,1,0,636,27030.32,31538.5
7800,ready,2,1,0,636,27032.41,30892.4
7801,ready,2,1,0,636,27043.66,31564.61
7802,ready,1,2,1,636,11787.48,63312.45
7803,ready,2,2,1,636,27606.53,32199.57
7804,ready,1,1,0,636,17130.12,21699.64
7805,ready,1,1,0,636,23351.78,28764.25
7806,ready,2,1,0,636,27008.11,31593.88
7807,ready,1,1,0,636,13110.93,18040.26
7808,ready,2,1,0,636,28065.82,32199.65
7809,ready,2,1,0,636,25900.16,30695.43
7810,ready,1,1,0,636,9719.03,25132.32
7811,ready,1,1,0,636,20296.13,25133.04
7812,ready,2,1,0,636,27026.63,31421.23
7813,ready,2,1,0,636,27009.13,32062.24
7814,ready,2,1,0,636,13341.78,24101.6
7815,ready,1,1,0,636,21703.14,25495.82
7816,ready,2,1,0,636,13317.57,18002.39
7817,ready,2,1,0,636,27533.37,31252.81
7818,ready,1,1,0,636,11166.11,17167.36
7819,ready,1,1,0,636,13996.19,18370.29
7820,ready,1,1,0,636,11794.86,17088.28
7821,ready,1,1,0,636,13880.29,18314.87
7822,ready,1,2,1,636,13104.2,18206.03
7823,ready,1,1,0,636,11794.91,23480.98
7824,ready,1,1,0,636,13151.71,18437.42
7825,ready,2,1,0,636,27533.31,32833.7
7826,ready,2,2,1,636,13353.43,19418.77
7827,ready,1,1,0,636,11794.11,16883.12
7828,ready,1,1,0,636,11797.08,16376
7829,ready,2,1,0,636,27235.29,31563.3
7830,ready,1,2,1,636,11161.89,63265.77
7831,ready,1,2,1,636,18458.21,24982.47
7832,ready,1,1,0,636,11165.41,18039.33
7833,ready,1,1,0,636,14025.36,19478.19
7834,ready,2,1,0,636,25629.85,30283.42
7835,ready,1,2,1,636,13150.5,18120.98
7836,ready,2,1,0,636,13329.95,18121.9
7837,ready,2,1,0,636,13386.23,18527.03
7838,ready,1,2,1,636,13149.68,29539.58
7839,ready,2,1,0,636,25495.98,29545.12
7840,ready,1,1,0,636,16811.67,21461.43
7841,ready,2,2,1,636,13381.01,19197.08
7842,ready,1,1,0,636,13110.47,18490.65
7843,ready,1,1,0,636,13151,18315.07
7844,ready,2,1,0,636,27288.05,31950.58
7845,ready,3,1,0,636,28001.83,31899.31
7846,ready,2,2,1,636,27850.54,33370.36
7847,ready,2,1,0,636,25439.86,29662.3
7848,ready,1,1,0,636,13949.55,19389.79
7849,ready,1,2,1,636,11793.12,63186.28
7850,ready,1,1,0,636,13943.39,27551.08
7851,ready,2,1,0,636,11803.49,25216.89
7852,ready,1,1,0,636,13914.52,23653.83
7853,ready,2,1,0,636,26116.45,30997
7854,ready,2,1,0,636,26148.7,31097.51
7855,ready,1,1,0,636,9720.21,19030.7
7856,ready,2,1,0,636,27850.68,32900.91
7857,ready,1,1,0,636,15183.19,19505.52
7858,ready,1,1,0,636,11796.04,16874.99
7859,ready,1,1,0,636,13870.64,18863.24
7860,ready,2,1,0,636,27021.1,31833.12
7861,ready,2,2,1,636,27022.75,31757.9
7862,ready,1,3,2,636,11793.83,17915.67
7863,ready,2,1,0,636,27273.8,31294.07
7864,ready,1,1,0,636,13948.05,19280.01
7865,ready,1,2,1,636,9718.35,17089
7866,ready,2,1,0,636,13360.08,17236.83
7867,ready,1,1,0,636,22857.8,27194.88
7868,ready,1,1,0,636,13152.46,17187.94
7869,ready,2,2,1,636,13359.84,19137.07
7870,ready,2,1,0,636,25938.68,30793.7
7871,ready,1,1,0,636,16684.31,21802.84
7872,ready,1,1,0,636,13914.55,27052.1
7873,ready,1,1,0,636,18435.99,23478.86
7874,ready,2,1,0,636,27044.95,31949.64
7875,ready,1,2,1,636,13151.99,30685.7
7876,ready,1,2,1,636,11788.58,30328.97
7877,ready,1,1,0,636,13914.16,26957.24
7878,ready,1,2,1,636,15684.16,21560.61
7879,ready,1,1,0,636,9718.6,30653.02
7880,ready,1,1,0,636,13689.55,18292.54
7881,ready,1,1,0,636,13901.26,19279.81
7882,notice_fetch_failed,1,3,2,240,14015.24,15951.98
7883,ready,1,1,0,636,18493.3,23189.43
7884,ready,2,1,0,636,27007.76,32170.75
7885,ready,2,1,0,636,26028.27,31053.57
7886,ready,2,1,0,636,25686.82,30313.18
7887,ready,2,1,0,636,27539.98,32145.66
7888,ready,2,1,0,636,13342.97,17946.29
7889,ready,2,1,0,636,26026.84,30046.77
7890,ready,1,1,0,636,21269.12,25836.43
7891,ready,2,1,0,636,26193.69,30763.3
7892,ready,1,1,0,636,11790.99,16684.66
7893,ready,2,1,0,636,27745.43,32123.04
7894,ready,1,1,0,636,11164.16,16522.22
7895,ready,2,2,1,636,25961.44,31408.08
7896,ready,3,1,0,636,28862.87,33816.8
7897,ready,2,1,0,636,27273.86,31295.37
7898,ready,2,1,0,636,25183.03,29328.91
7899,ready,1,1,0,636,11164.51,17328.3
7900,ready,2,1,0,636,25686.84,30850.05
7901,ready,1,1,0,636,13939.17,18461.86
7902,ready,3,1,0,636,28367.3,32166.19
7903,ready,3,1,0,636,23996.01,29315.48
7904,ready,1,1,0,636,13901.43,18538.2
7905,ready,1,1,0,636,11797.31,17089.3
7906,ready,2,1,0,636,26277.33,30353.99
7907,ready,2,1,0,636,11800.45,18229.55
7908,ready,3,1,0,636,28399.18,33581.06
7909,ready,1,1,0,636,17256.72,22860.95
7910,ready,2,1,0,636,25781.19,30609.76
7911,ready,3,2,1,636,29092.75,34850.8
7912,ready,1,1,0,636,13933.1,19065.3
7913,ready,1,1,0,636,13940.84,19034.26
7914,ready,2,1,0,636,13330.48,21681.51
7915,ready,2,1,0,636,27211.03,31975.9
7916,ready,2,1,0,636,13325.87,18437.45
7917,ready,1,1,0,636,13951.14,18505.25
7918,ready,1,1,0,636,11796.79,16961.87
7919,ready,2,2,1,636,11801.93,29262.83
7920,ready,2,2,1,636,27371.46,32799.39
7921,ready,2,1,0,636,27044.23,31112.64
7922,ready,2,1,0,636,11801.58,16519.61
7923,ready,1,1,0,636,11794.69,16781.31
7924,ready,1,1,0,636,11795.71,16849
7925,ready,2,1,0,636,25234.28,30125.32
7926,ready,2,1,0,636,26991.5,32220.39
7927,ready,2,1,0,636,26993.5,32132.68
7928,ready,1,1,0,636,21617.66,26002.9
7929,ready,1,1,0,636,11799.23,16960.91
7930,ready,1,1,0,636,11794.32,16551.18
7931,ready,1,1,0,636,11793.74,16155.73
7932,ready,2,1,0,636,27043.33,31308.25
7933,ready,2,1,0,636,25890.91,30991.2
7934,ready,2,1,0,636,25792.96,29805.79
7935,ready,1,1,0,636,14082.17,18292.58
7936,ready,1,1,0,636,19218.54,23317.88
7937,ready,1,1,0,636,15843.46,21175.51
7938,ready,1,2,1,636,11791.58,62620.94
7939,ready,1,1,0,636,21255.52,25193.08
7940,ready,2,1,0,636,26203.72,30638.9
7941,ready,1,1,0,636,16052.27,19867.95
7942,ready,1,2,1,636,13881.1,31053.5
7943,ready,1,1,0,636,17129.97,20992.52
7944,ready,2,1,0,636,13329.86,24100.45
7945,ready,3,1,0,636,28142.47,32915.85
7946,ready,1,1,0,636,11166.99,18769.22
7947,ready,1,1,0,636,11795.28,17088.85
7948,ready,1,1,0,636,13914.21,18121.48
7949,ready,2,1,0,636,13317.39,17686.08
7950,ready,2,1,0,636,26991.94,31767.87
7951,ready,1,1,0,636,21398.03,25940.89
7952,ready,2,1,0,636,13341.46,17547.64
7953,ready,1,1,0,636,9719,30297.31
7954,ready,1,1,0,636,13104.14,17268.58
7955,ready,1,1,0,636,16858.8,20636.5
7956,ready,2,1,0,636,26272.96,30685.79
7957,ready,1,1,0,636,15146.48,20158.05
7958,ready,2,1,0,636,28099.08,33285.4
7959,ready,1,1,0,636,19199.77,23314.31
7960,ready,2,2,1,636,27008.05,31950.01
7961,ready,2,1,0,636,25409.82,29433.74
7962,ready,2,2,1,636,25926.85,30561.28
7963,ready,2,1,0,636,11803.97,16407.2
7964,ready,2,1,0,636,26993.86,31799.98
7965,ready,2,1,0,636,27818.44,33315.07
7966,ready,4,1,0,636,30530.78,35192.06
7967,ready,1,2,1,636,13149.33,29304.14
7968,ready,2,1,0,636,27540.07,32163.01
7969,ready,2,1,0,636,13341.98,17566.28
7970,ready,2,1,0,636,26023.96,31294.03
7971,ready,1,3,2,636,13104.92,31034.6
7972,ready,1,1,0,636,15216.98,19614.97
7973,ready,1,1,0,636,16964.6,21175.61
7974,ready,1,2,1,636,11797.72,17547.8
7975,ready,1,1,0,636,15843.59,19949.48
7976,ready,2,2,1,636,27000.13,32076.12
7977,ready,1,1,0,636,15361.34,20507.3
7978,ready,1,1,0,636,13151.22,20328.23
7979,ready,1,1,0,636,21257.14,26314.52
7980,ready,1,1,0,636,11792.04,17088.06
7981,ready,2,1,0,636,25982.71,30122.11
7982,ready,2,1,0,636,26158.51,30256.2
7983,ready,1,1,0,636,18177.04,22446.16
7984,ready,2,1,0,636,25966.72,30256.01
7985,ready,1,1,0,636,11799.17,16231.35
7986,ready,2,1,0,636,25430.63,30183.17
7987,ready,2,1,0,636,27271.88,31949.79
7988,ready,2,1,0,636,27235.13,32002.74
7989,ready,2,1,0,636,13325.72,21755.6
7990,ready,1,1,0,636,16289.86,21170.59
7991,ready,2,1,0,636,26200.43,30601.4
7992,ready,3,1,0,636,28896.01,34095.99
7993,ready,2,1,0,636,25366.78,29569.98
7994,ready,2,1,0,636,25880.88,30388.35
7995,ready,1,1,0,636,11788.12,18370.45
7996,ready,1,2,1,636,13880.46,65856.22
7997,ready,1,2,1,636,11789.15,30300.09
7998,ready,2,1,0,636,13353.11,26851.62
7999,ready,1,1,0,636,16675.91,21152.07
8000,ready,1,1,0,636,13955.57,18005.04
8001,ready,1,2,1,636,11790.12,16830.29
8002,ready,2,1,0,636,27012.86,32227.75
8003,ready,2,1,0,636,11803.92,31867.35
8004,ready,1,1,0,636,18130.56,23338.69
8005,ready,2,1,0,636,27030.12,31717.72
8006,ready,1,2,1,636,17808.54,24099.84
8007,ready,2,1,0,636,11804.04,17207.1
8008,ready,2,1,0,636,13342.08,18456.16
8009,ready,2,1,0,636,27850.59,33303.5
8010,ready,1,3,2,636,13940.75,20927.4
8011,ready,2,1,0,636,27022.76,32122.57
8012,ready,1,1,0,636,13917.33,18135.67
8013,ready,2,1,0,636,27002.59,31293.95
8014,ready,2,1,0,636,13353.56,28257.85
8015,ready,1,1,0,636,11802.61,16592.73
8016,ready,2,1,0,636,26998.57,30967.97
8017,ready,1,1,0,636,11789.08,16375.84
8018,ready,1,1,0,636,11791.84,16931.13
8019,ready,3,1,0,636,28602.09,32984.69
8020,ready,2,1,0,636,27009.27,31039.71
8021,ready,1,1,0,636,11166.9,27406.12
8022,ready,2,1,0,636,27237.39,32464.23
8023,ready,2,1,0,636,25647.42,29703.68
8024,ready,1,1,0,636,11790.5,26091.56
8025,ready,1,1,0,636,11166.2,16262.14
8026,ready,2,1,0,636,25686.79,29992.09
8027,ready,1,1,0,636,20378.6,25132.09
8028,ready,1,2,1,636,11792.17,29841.42
8029,ready,2,1,0,636,25880.85,30925.87
8030,ready,1,1,0,636,13152.59,17546.91
8031,ready,2,1,0,636,11803.88,16929.41
8032,ready,3,1,0,636,28994.2,33370.33
8033,ready,1,2,1,636,18009.99,23478.83
8034,ready,1,1,0,636,18195.63,23493.83
8035,ready,3,1,0,636,29306.45,33409.2
8036,ready,2,1,0,636,25790.63,30283.33
8037,ready,2,2,1,636,26107.58,30899.7
8038,ready,1,2,1,636,13948.14,19947.5
8039,ready,2,1,0,636,27280.58,32166.44
8040,ready,1,1,0,636,13110.81,20306.07
8041,ready,3,1,0,636,25128.91,29963.71
8042,ready,2,1,0,636,27030.27,31451.47
8043,ready,1,1,0,636,13150.93,23476.95
8044,ready,1,1,0,636,11799.8,19692.39
8045,ready,1,2,1,636,11788.59,27009.62
8046,ready,2,1,0,636,27822.08,33050.74
8047,ready,1,1,0,636,13892.3,18436.79
8048,ready,1,1,0,636,18257.04,23148.88
8049,ready,2,1,0,636,25921.83,30923.52
8050,ready,1,1,0,636,15157.61,20006.02
8051,ready,2,1,0,636,13353.83,18106.71
8052,ready,2,1,0,636,26998.39,31758.27
8053,ready,2,3,2,636,11800.83,18320.87
8054,ready,2,1,0,636,27028.35,31932.16
8055,ready,3,1,0,636,28317.84,33285.46
8056,ready,2,1,0,636,13327.06,18246.18
8057,ready,2,1,0,636,26034.15,31363.87
8058,ready,1,1,0,636,22857.73,27095.34
8059,ready,2,1,0,636,25404.15,30534.48
8060,ready,1,1,0,636,17948.88,21956.99
8061,ready,2,1,0,636,26019.89,30283.47
8062,ready,2,1,0,636,25183.04,29562.4
8063,ready,3,1,0,636,16457.86,21304.26
8064,ready,2,1,0,636,25904.82,30260.23
8065,ready,1,1,0,636,11164.88,28815.88
8066,ready,2,2,1,636,26245.83,31970.4
8067,ready,2,1,0,636,27547.35,32849.11
8068,ready,2,1,0,636,25761.29,30685.62
8069,ready,1,1,0,636,9719.08,28755.93
8070,ready,2,1,0,636,26309.81,30215.37
8071,ready,1,1,0,636,9718.85,17396.14
8072,ready,2,1,0,636,27039.69,31507.11
8073,ready,1,1,0,636,11165.36,21906.86
8074,ready,1,1,0,636,14405.15,19139.73
8075,ready,2,1,0,636,26998.43,30934.06
8076,ready,1,1,0,636,11791.69,28254.91
8077,ready,2,1,0,636,26068.49,30400.14
8078,ready,2,1,0,636,27284.15,32009.98
8079,ready,2,1,0,636,27476,32076.28
8080,ready,1,1,0,636,13152.23,16928.77
8081,ready,2,1,0,636,27533.24,31929.42
8082,ready,2,1,0,636,13345.03,17309.11
8083,ready,1,1,0,636,9718.2,25691.86
8084,ready,2,1,0,636,25717.58,30999.8
8085,ready,1,1,0,636,21709.83,25834.01
8086,ready,1,2,1,636,11792.18,63743.08
8087,ready,1,1,0,636,18012.07,22303.29
8088,ready,1,1,0,636,13870.68,18358.64
8089,ready,1,1,0,636,9720.63,17360.36
8090,ready,1,2,1,636,11798.96,17553.26
8091,ready,1,1,0,636,13933.08,18846.84
8092,ready,2,2,1,636,27511.13,32722.65
8093,ready,1,1,0,636,15303.95,20328.26
8094,ready,1,1,0,636,15854.34,20927.49
8095,ready,2,1,0,636,27238.36,32036.6
8096,ready,2,1,0,636,27237.54,31717.24
8097,ready,2,1,0,636,27275.68,32108.06
8098,ready,1,1,0,636,13935.03,18479.91
8099,ready,2,1,0,636,11800.87,25863.33
8100,ready,2,2,1,636,13309.69,18505.37
8101,ready,2,2,1,636,27014.23,32269.18
8102,ready,2,2,1,636,26064.66,31014.02
8103,ready,1,1,0,636,11800.01,16378.18
8104,ready,1,1,0,636,15828.57,19972.97
8105,ready,1,1,0,636,18044.75,22046.22
8106,ready,1,1,0,636,22244.67,28244.84
8107,ready,2,1,0,636,27842.5,31994.82
8108,ready,1,1,0,636,14405.26,19354.45
8109,ready,1,1,0,636,21246.2,26274.74
8110,ready,1,1,0,636,15174.28,20328.29
8111,ready,3,1,0,636,28098.96,32958.6
8112,ready,2,1,0,636,27230.06,31875.28
8113,ready,1,1,0,636,13973.74,18552.57
8114,ready,1,1,0,636,16698.25,21232.04
8115,ready,1,1,0,636,13111.22,24111.16
8116,ready,1,1,0,636,13151.8,18411.02
8117,ready,1,1,0,636,13939.01,19079.72
8118,ready,2,1,0,636,27237.41,31097.37
8119,ready,2,1,0,636,25608.23,30780.9
8120,ready,2,1,0,636,27271.74,32788.48
8121,ready,2,1,0,636,25378.91,29800.15
8122,ready,2,1,0,636,13325.69,28932.53
8123,ready,1,1,0,636,13110.97,28264.53
8124,ready,2,1,0,636,27281.62,31097.44
8125,ready,1,1,0,636,13948.22,18419.26
8126,ready,2,1,0,636,26234.03,30654.48
8127,ready,2,1,0,636,26107.66,30387
8128,ready,2,1,0,636,25644.51,30609.66
8129,ready,2,1,0,636,27014.35,32326.16
8130,ready,2,1,0,636,26053.98,31408.43
8131,ready,1,2,1,636,14083.95,65234.17
8132,ready,2,1,0,636,27030.01,31357.35
8133,ready,2,1,0,636,25878.56,30925.8
8134,ready,2,1,0,636,13326.33,18173.39
8135,ready,1,1,0,636,13870.81,26855.7
8136,ready,1,1,0,636,11794.44,21950.56
8137,ready,1,1,0,636,13151.05,17129.56
8138,ready,2,1,0,636,27863.65,32140.06
8139,ready,2,1,0,636,11802.26,17320.64
8140,ready,1,1,0,636,13880.35,23512.62
8141,ready,1,1,0,636,13935.04,19156.21
8142,ready,1,1,0,636,17696.38,22128.93
8143,ready,1,1,0,636,16698.28,21363.84
8144,ready,2,1,0,636,28081.61,33494.07
8145,ready,2,1,0,636,27491.2,32124.16
8146,ready,1,1,0,636,17802.15,22872.92
8147,ready,2,1,0,636,26142.7,31316.62
8148,ready,1,1,0,636,19743.72,24111.13
8149,ready,1,1,0,636,20444.84,25627.17
8150,ready,1,1,0,636,16437.18,20926.81
8151,ready,2,1,0,636,11800.64,16378.07
8152,ready,1,1,0,636,11794.08,16504.06
8153,ready,2,1,0,636,25508.78,29719.11
8154,ready,2,1,0,636,27367.53,31195.18
8155,ready,2,1,0,636,25694.35,29951.86
8156,ready,1,1,0,636,18488.54,23254.47
8157,ready,1,1,0,636,13946.81,18868.53
8158,ready,1,1,0,636,16666.88,21607.75
8159,ready,2,1,0,636,25700.12,30034.85
8160,ready,1,1,0,636,11790,17129.74
8161,ready,1,1,0,636,13151.55,17569.2
8162,ready,1,1,0,636,21788.9,26855.68
8163,ready,1,1,0,636,13152.64,18255.18
8164,ready,3,1,0,636,27940.83,31916.05
8165,ready,2,1,0,636,26179.78,30377.33
8166,ready,3,1,0,636,24048.14,28777.88
8167,ready,1,1,0,636,21117.6,25581.91
8168,ready,2,2,1,636,27030.94,32309.36
8169,ready,2,1,0,636,25513.29,30292.98
8170,ready,3,1,0,636,29243.46,33409.26
8171,ready,2,1,0,636,11803.57,16096.18
8172,ready,2,1,0,636,26309.79,31034.44
8173,ready,2,1,0,636,25880.51,30386.87
8174,ready,1,1,0,636,13855.56,18063.06
8175,ready,1,1,0,636,18195.93,22752.2
8176,ready,1,1,0,636,13111.05,17555.04
8177,ready,2,1,0,636,27280.52,32036.87
8178,ready,1,1,0,636,18418.6,23493.74
8179,ready,2,2,1,636,27842.56,33381.91
8180,ready,1,2,1,636,14025.38,20047.74
8181,ready,2,1,0,636,25892.22,29971.89
8182,ready,2,1,0,636,25846.91,30905.86
8183,ready,3,2,1,636,29012.76,35020.46
8184,ready,1,1,0,636,11163.98,18684.11
8185,ready,2,1,0,636,27536.27,31952.65
8186,ready,2,1,0,636,27043.43,32169.14
8187,ready,1,1,0,636,13951.11,19376.21
8188,ready,2,1,0,636,26000.42,31214.11
8189,ready,1,1,0,636,21802.98,26656.96
8190,ready,2,1,0,636,27022.78,31809.81
8191,ready,1,1,0,636,11799.01,16566.82
8192,ready,2,2,1,636,13326.92,30361.46
8193,ready,1,1,0,636,13883.32,17913.05
8194,ready,2,1,0,636,13353.7,18120.94
8195,ready,2,1,0,636,11800.86,17566.16
8196,ready,1,1,0,636,11791.05,18014.2
8197,ready,1,1,0,636,16811.56,20992.51
8198,ready,2,1,0,636,27007.47,30970.48
8199,ready,1,1,0,636,11793.93,16355.38
8200,ready,2,2,1,636,27289.6,31799.67
8201,ready,1,1,0,636,13937.28,18246.73
8202,ready,2,1,0,636,27016.58,31075.68
8203,ready,1,2,1,636,11162.01,16516.99
8204,ready,2,1,0,636,25781.27,30687.1
8205,ready,2,1,0,636,25916.1,30378.01
8206,ready,2,1,0,636,26066.04,30707.43
8207,ready,1,1,0,636,11787.66,16735.29
8208,ready,1,1,0,636,16052.24,20927.09
8209,ready,2,1,0,636,25633.24,29609.02
8210,ready,1,1,0,636,11165.11,25693.33
8211,ready,2,1,0,636,27032.4,31567.45
8212,ready,2,2,1,636,27547.29,32488.16
8213,ready,2,1,0,636,11800.68,18009.35
8214,ready,1,1,0,636,11166.02,16340.01
8215,ready,2,1,0,636,26991.41,31215.55
8216,ready,2,1,0,636,13340.81,23643.82
8217,ready,3,1,0,636,29684.61,34385.34
8218,ready,2,1,0,636,27275.52,32164.39
8219,ready,2,1,0,636,25552.74,30813.81
8220,ready,2,1,0,636,27289.61,31602.39
8221,ready,2,1,0,636,13325.77,17397.67
8222,ready,1,1,0,636,11796.4,23688.2
8223,ready,2,1,0,636,13361.86,18508.38
8224,ready,2,1,0,636,13327.33,18398.55
8225,ready,1,1,0,636,23278.13,28746.39
8226,ready,1,2,1,636,13110.58,29305.38
8227,ready,3,1,0,636,28818.91,34276.48
8228,ready,1,1,0,636,13104.47,18173.02
8229,ready,1,1,0,636,13151.81,18411.41
8230,ready,3,1,0,636,29228.43,33880.48
8231,ready,2,1,0,636,21203.01,25679.13
8232,ready,1,1,0,636,21251.19,25589.46
8233,ready,2,1,0,636,27281.66,32056.16
8234,ready,2,1,0,636,13325.39,18307.99
8235,ready,3,1,0,636,29261.31,33339.63
8236,ready,2,1,0,636,27024.09,32122.69
8237,ready,1,1,0,636,11797.16,16600.65
8238,ready,2,1,0,636,27646.35,31845.77
8239,ready,1,1,0,636,15148.52,20377.05
8240,ready,2,1,0,636,27014.78,31904.43
8241,ready,1,1,0,636,9720.48,31811.24
8242,ready,1,1,0,636,11787.12,16375.81
8243,ready,2,2,1,636,26116.49,31215.41
8244,ready,3,1,0,636,27977.01,32122.91
8245,ready,2,1,0,636,13359.89,17222.03
8246,ready,1,2,1,636,13939.13,19384.96
8247,ready,1,1,0,636,13914.22,18383.89
8248,ready,1,1,0,636,18483.03,23482.84
8249,ready,3,1,0,636,28296.16,32453.33
8250,ready,3,1,0,636,29202.38,33467.21
8251,ready,2,1,0,636,11804.42,17087.42
8252,ready,2,1,0,636,25774.52,30031.78
8253,ready,1,1,0,636,19281.62,23177.13
8254,ready,2,1,0,636,27032.36,32055.93
8255,ready,1,1,0,636,11792.31,29870.27
8256,ready,1,1,0,636,20296.24,25406.58
8257,ready,1,1,0,636,9720.57,18065.04
8258,ready,1,1,0,636,13104.93,17568.11
8259,ready,2,1,0,636,27798.49,33284.14
8260,ready,2,1,0,636,26094.43,31295.62
8261,ready,1,1,0,636,18171.01,22303.33
8262,ready,3,2,1,636,28269.39,33444.28
8263,ready,3,1,0,636,28412.57,32458.99
8264,ready,1,1,0,636,21704.04,26866.9
8265,ready,2,1,0,636,13317.27,27008.47
8266,ready,1,1,0,636,13104.56,18107.45
8267,ready,1,1,0,636,14404.46,19279.68
8268,ready,1,1,0,636,15446.37,20926.61
8269,ready,1,1,0,636,11787.79,24982.07
8270,ready,2,2,1,636,25775.63,30286.76
8271,ready,1,2,1,636,13105.01,18121.23
8272,ready,1,1,0,636,13941.75,19426.47
8273,ready,1,1,0,636,11167.15,20034.17
8274,ready,3,1,0,636,28760.93,32520.6
8275,ready,1,2,1,636,13174.34,18306.47
8276,ready,2,1,0,636,27651.17,31734.56
8277,ready,2,1,0,636,27020.93,32011.83
8278,ready,1,2,1,636,11787.64,29563.96
8279,ready,2,1,0,636,27850.52,33284.35
8280,ready,6,1,0,636,66192.95,71017.33
8281,ready,2,1,0,636,27599.57,31799.48
8282,ready,1,1,0,636,11788.39,16756.23
8283,ready,1,1,0,636,13914.26,18411.26
8284,ready,1,1,0,636,14160.78,19062.45
8285,ready,2,1,0,636,26046.22,31164.83
8286,ready,2,1,0,636,25878.65,29959.95
8287,ready,2,1,0,636,11801.3,16883.06
8288,ready,2,1,0,636,25944.66,30967.7
8289,ready,1,1,0,636,11797.97,16154.87
8290,ready,1,1,0,636,11162.08,33493.65
8291,ready,2,1,0,636,25508.79,29758.52
8292,ready,1,1,0,636,11799.99,25743.05
8293,ready,2,1,0,636,27281.86,31798.9
8294,ready,2,1,0,636,11803,32083.98
8295,ready,2,1,0,636,25366.73,29613.78
8296,ready,3,1,0,636,28745.46,32954.19
8297,ready,1,1,0,636,14565.07,18437.04
8298,ready,1,1,0,636,16290.01,21502.73
8299,ready,3,1,0,636,28243.16,32010.43
8300,ready,1,1,0,636,20923.63,25367.13
8301,ready,1,1,0,636,13945.4,18475.75
8302,ready,2,1,0,636,13326.09,18007.92
8303,ready,2,1,0,636,27212.43,32056.57
8304,ready,1,1,0,636,13933.07,26635.3
8305,ready,2,1,0,636,28031.01,32816.9
8306,ready,1,1,0,636,13104.98,18411.44
8307,ready,1,1,0,636,13901.5,19288.92
8308,ready,2,1,0,636,11803.89,29815.09
8309,ready,2,1,0,636,26116.42,30644.14
8310,ready,1,2,1,636,13926.33,64785.07
8311,ready,1,2,1,636,11164.3,28781.26
8312,ready,2,1,0,636,27621.23,32036.84
8313,ready,2,1,0,636,27011.38,31293.85
8314,ready,1,1,0,636,18218.62,22863.49
8315,ready,1,1,0,636,18331.47,22939.91
8316,ready,1,1,0,636,14076.92,18143.72
8317,ready,2,1,0,636,25756.99,29516.85
8318,ready,1,1,0,636,21606.45,25493.45
8319,ready,1,1,0,636,9720.17,17689.25
8320,ready,2,1,0,636,27495.07,32975.9
8321,ready,2,1,0,636,11803.61,17088.71
8322,ready,2,1,0,636,27026.8,31023.82
8323,ready,1,1,0,636,13150.02,18039.26
8324,ready,1,1,0,636,18108.13,22843
8325,ready,2,2,1,636,26094.46,32166.67
8326,ready,2,1,0,636,27380.31,31950.07
8327,ready,2,1,0,636,13342.81,18383.98
8328,ready,1,2,1,636,11799.67,17946.17
8329,ready,2,1,0,636,27045.25,31764.67
8330,ready,2,1,0,636,26161.04,30967.6
8331,ready,1,2,1,636,11792.02,17445.8
8332,ready,1,1,0,636,13149.84,17087.53
8333,ready,2,1,0,636,13369.41,18794.78
8334,ready,3,1,0,636,29952.07,35151.24
8335,ready,1,2,1,636,11787.34,29211.72
8336,ready,1,2,1,636,13914.56,19023.78
8337,ready,1,1,0,636,13117.62,23314.33
8338,ready,3,1,0,636,27288.11,32306.95
8339,ready,1,2,1,636,13939.11,18980.17
8340,ready,2,1,0,636,13345.54,17246.46
8341,ready,1,1,0,636,13104.36,21426.39
8342,ready,2,1,0,636,13342.99,18107.62
8343,ready,1,1,0,636,9718.18,28773.99
8344,ready,1,1,0,636,9719.87,17702.42
8345,ready,1,1,0,636,9719.94,18219.94
8346,ready,1,1,0,636,11162.3,27463.97
8347,ready,2,1,0,636,26340.35,31832.85
8348,ready,1,1,0,636,11164.52,16502.83
8349,ready,2,1,0,636,27801.43,32108.59
8350,ready,2,1,0,636,25799.88,30039.28
8351,ready,2,1,0,636,26275.14,30701.52
8352,ready,2,1,0,636,26018.95,30831.09
8353,ready,2,1,0,636,13330.12,32166
8354,ready,1,1,0,636,11792.19,16629.55
8355,ready,2,2,1,636,11801.39,63165.05
8356,ready,1,2,1,636,16152.1,21868.56
8357,ready,3,1,0,636,29687.51,34009.03
8358,ready,1,1,0,636,13901.85,18354.03
8359,ready,1,1,0,636,11165.38,18106.74
8360,ready,1,1,0,636,11793.54,16432.99
8361,ready,1,3,2,636,11798.13,64305.45
8362,ready,1,2,1,636,13892.13,19670.8
8363,ready,2,2,1,636,13327.11,30081.68
8364,ready,1,1,0,636,13151.84,18207.48
8365,ready,3,1,0,636,29624.89,34090.04
8366,ready,1,1,0,636,18082.82,22389.03
8367,ready,2,1,0,636,11800.65,16407.16
8368,ready,1,1,0,636,13946.7,18419.11
8369,ready,2,1,0,636,25725.77,30270.35
8370,ready,1,1,0,636,11797.92,16096.21
8371,ready,2,1,0,636,27603.71,31326.53
8372,ready,2,1,0,636,27009.88,31027.05
8373,ready,1,1,0,636,19198.47,24116.99
8374,ready,5,1,0,636,34410.84,38524.23
8375,ready,2,1,0,636,25717.44,30728.24
8376,ready,1,3,2,636,17598.82,23498.3
8377,ready,2,1,0,636,25183.09,30463.47
8378,ready,1,1,0,636,13151.28,18244.64
8379,ready,1,2,1,636,14019.42,19331.85
8380,ready,2,1,0,636,26989.86,32265.52
8381,ready,1,1,0,636,19199.79,24168.31
8382,ready,1,2,1,636,13687.63,20328.1
8383,ready,2,1,0,636,26033.16,30971.91
8384,ready,1,1,0,636,13110.71,23475.1
8385,ready,2,1,0,636,27238.04,31874.03
8386,ready,1,1,0,636,11795.84,17088.62
8387,ready,2,1,0,636,25947.52,30140.93
8388,ready,2,2,1,636,26117.26,32016.27
8389,ready,1,2,1,636,18342.77,24111.2
8390,ready,1,1,0,636,13152.72,18296.07
8391,ready,1,1,0,636,17279.78,21369.6
8392,ready,3,1,0,636,28723.74,33941.98
8393,ready,1,1,0,636,11798.76,25856.2
8394,ready,1,1,0,636,11792.13,19654.6
8395,ready,2,1,0,636,27002.79,32124.69
8396,ready,1,1,0,636,20427.66,25132.54
8397,ready,1,1,0,636,16698.42,21212.54
8398,ready,1,1,0,636,11164.74,18106.09
8399,ready,2,1,0,636,27537.98,33028.27
8400,ready,2,1,0,636,27028.11,31950.2
8401,ready,1,3,2,636,11162.14,63239.58
8402,ready,2,2,1,636,11804.32,17224.43
8403,ready,1,1,0,636,13901.87,19478.32
8404,ready,2,1,0,636,27281.72,31228.41
8405,ready,2,2,1,636,11802.89,16580.73
8406,ready,2,1,0,636,27396.94,32428
8407,ready,2,1,0,636,28094.78,33451.8
8408,ready,2,1,0,636,26099.23,30742.14
8409,ready,1,2,1,636,11798.85,16828.93
8410,ready,1,1,0,636,17850.53,23477.02
8411,ready,2,1,0,636,25880.75,30198.56
8412,ready,2,1,0,636,27007.63,31567.38
8413,ready,2,1,0,636,26275.22,30463.51
8414,ready,2,1,0,636,25466.46,29703.82
8415,ready,2,1,0,636,27405.04,31949.51
8416,ready,2,1,0,636,27547.18,32958.5
8417,ready,1,1,0,636,13939.14,18943.12
8418,ready,2,1,0,636,26018.94,30761.78
8419,ready,2,1,0,636,25916.13,30794.91
8420,ready,1,1,0,636,13948.26,18172.72
8421,ready,1,1,0,636,13901.7,18884.21
8422,ready,1,1,0,636,16287.84,20927.24
8423,ready,1,2,1,636,21243.8,25765.88
8424,ready,2,1,0,636,13326.76,18172.14
8425,ready,1,2,1,636,18038.92,23338.71
8426,ready,2,1,0,636,13314,18505.21
8427,ready,3,2,1,636,16448.96,21884.78
8428,ready,2,1,0,636,11801.76,16550.93
8429,ready,1,1,0,636,19584.12,24264.49
8430,ready,3,1,0,636,28960.66,33299.95
8431,ready,1,1,0,636,13926.25,18505.14
8432,ready,2,1,0,636,25907.06,30087.94
8433,ready,2,2,1,636,28109.78,32972.93
8434,ready,2,1,0,636,27033.07,32269.6
8435,ready,3,1,0,636,27882.42,31907.57
8436,ready,2,2,1,636,13316.98,30558.17
8437,ready,1,1,0,636,13935,18353.81
8438,ready,1,1,0,636,16875.06,21307.88
8439,ready,1,2,1,636,16675.62,22349.71
8440,ready,2,1,0,636,13341.56,17129.54
8441,ready,1,1,0,636,21671.72,25478.29
8442,ready,1,1,0,636,22850.11,27522.44
8443,ready,1,1,0,636,15137.82,20478.66
8444,ready,1,1,0,636,13110.49,17161.25
8445,ready,1,1,0,636,11800.04,17087.81
8446,ready,2,1,0,636,25988.97,31112.58
8447,ready,2,1,0,636,13380.94,19052.47
8448,ready,3,1,0,636,28963.68,33564.52
8449,ready,2,1,0,636,13327.18,17913.63
8450,ready,2,1,0,636,27020.98,32227.83
8451,ready,2,1,0,636,25961.39,30292.87
8452,ready,2,1,0,636,27028.19,32002.84
8453,ready,1,2,1,636,15157.58,20926.53
8454,ready,2,1,0,636,26991.81,32084.28
8455,ready,2,1,0,636,25540.02,29983.66
8456,ready,1,1,0,636,11787.33,16339.52
8457,ready,2,1,0,636,13317.03,21990.39
8458,ready,2,1,0,636,27009.39,32122.65
8459,ready,2,1,0,636,25957.7,30796.77
8460,ready,1,1,0,636,13150.06,18397.11
8461,ready,1,1,0,636,22233.98,27294.29
8462,ready,1,2,1,636,13952.88,65962.52
8463,ready,2,1,0,636,25129.2,29838.39
8464,ready,1,1,0,636,13152.35,17418.47
8465,ready,1,1,0,636,13111.02,17564.51
8466,ready,2,1,0,636,27277.5,31295.68
8467,ready,1,1,0,636,22236.95,27049.03
8468,ready,2,1,0,636,11803.19,16376.05
8469,ready,2,1,0,636,13340.83,18445.7
8470,ready,1,1,0,636,13689.54,19052.5
8471,ready,2,1,0,636,27823.26,32648.76
8472,ready,2,2,1,636,27537.81,33284.19
8473,ready,2,1,0,636,25885.31,30978.99
8474,ready,1,1,0,636,13943.46,18106.95
8475,ready,1,1,0,636,11793.11,18016.72
8476,ready,2,1,0,636,27028.17,31563.22
8477,ready,2,1,0,636,25817.34,30775.86
8478,ready,1,1,0,636,20485.54,25216.92
8479,ready,2,1,0,636,27534.8,31256.02
8480,ready,1,1,0,636,21113.78,26075.78
8481,ready,3,1,0,636,28674.22,33446.91
8482,ready,2,1,0,636,13345.1,18244.55
8483,ready,1,2,1,636,22242.95,27463.98
8484,ready,1,1,0,636,15144.83,20576.8
8485,ready,2,2,1,636,13325.89,30337.7
8486,ready,1,1,0,636,22241.54,26075.61
8487,ready,1,1,0,636,11799.46,16256.57
8488,ready,1,1,0,636,13687.7,27028.62
8489,ready,1,1,0,636,13152.39,17129.69
8490,ready,2,1,0,636,25957.65,29758.39
8491,ready,2,1,0,636,13341.06,18313.47
8492,ready,2,1,0,636,27537.84,31971.85
8493,ready,2,1,0,636,13360.14,17731.31
8494,ready,1,2,1,636,11791.52,28292.94
8495,ready,1,1,0,636,11797.75,24103.79
8496,ready,1,1,0,636,9718.39,18022.53
8497,ready,1,1,0,636,13914.35,19526.19
8498,ready,1,1,0,636,11790.06,16305.88
8499,ready,2,1,0,636,25880.76,30783.74
8500,ready,2,1,0,636,13340.98,27406.09
8501,ready,2,1,0,636,27744.46,32036.75
8502,ready,1,1,0,636,11796.73,16620.66
8503,ready,1,1,0,636,19568.58,24264.57
8504,ready,1,1,0,636,20923.97,26233.13
8505,ready,2,2,1,636,11803.81,29261.7
8506,ready,2,1,0,636,27273.68,31484.12
8507,ready,1,1,0,636,11791.72,16821.43
8508,ready,1,1,0,636,17224.62,21242.26
8509,ready,3,1,0,636,28166.2,32036.37
8510,ready,2,1,0,636,26993.64,30938.36
8511,ready,2,1,0,636,27026.7,30897.26
8512,notice_fetch_failed,1,3,2,240,11790.35,59459.03
8513,ready,2,1,0,636,26034.19,30882.54
8514,ready,1,1,0,636,13104.42,18039.81
8515,ready,1,3,2,636,13152.18,19048.8
8516,ready,3,1,0,636,29253.77,33675.39
8517,ready,2,1,0,636,25990.79,30874.16
8518,ready,2,1,0,636,25938.69,30148.93
8519,ready,2,1,0,636,27041.51,31442.83
8520,ready,2,1,0,636,28084.64,33299.92
8521,ready,1,1,0,636,13689.48,19046.21
8522,ready,2,2,1,636,27536.41,33028.1
8523,ready,2,1,0,636,26004.85,30601.36
8524,ready,3,1,0,636,29589.48,34424.54
8525,ready,2,1,0,636,28102.97,32269.08
8526,ready,2,1,0,636,25863.28,31098.95
8527,ready,1,2,1,636,17993.08,25132.22
8528,ready,3,1,0,636,27901.13,32907.11
8529,ready,1,1,0,636,13152.26,17089.34
8530,ready,1,1,0,636,17854.81,21659.59
8531,ready,2,1,0,636,27540.06,32168.74
8532,ready,1,2,1,636,13104.66,18246.68
8533,ready,1,2,1,636,15152.22,20339.95
8534,ready,3,1,0,636,29090.76,33941.92
8535,ready,1,1,0,636,16994.08,21024.2
8536,ready,1,1,0,636,11800.24,17089.16
8537,ready,2,1,0,636,11802.97,16830.36
8538,ready,1,3,2,636,13926.27,65865.41
8539,ready,2,1,0,636,26099.25,30831.11
8540,ready,1,1,0,636,16993.82,22197.38
8541,ready,2,1,0,636,27028.06,30782.23
8542,ready,4,1,0,636,30990.59,35950.16
8543,ready,2,1,0,636,27009.95,32309.51
8544,ready,1,1,0,636,13152.42,17355.95
8545,ready,1,1,0,636,18340.94,24105.68
8546,ready,1,1,0,636,14365.64,19418.74
8547,ready,2,2,1,636,27285.22,32124.62
8548,ready,2,1,0,636,13342.55,18252.48
8549,ready,1,1,0,636,13117.24,18244.47
8550,ready,1,2,1,636,13870.25,19947.56
8551,ready,2,1,0,636,13353.6,17936.21
8552,ready,2,1,0,636,27000.19,32220.18
8553,ready,3,1,0,636,29858.16,35387.09
8554,ready,2,1,0,636,27274.07,31710.97
8555,ready,1,2,1,636,16664.86,22965.07
8556,ready,2,1,0,636,13330.91,17554.83
8557,ready,1,1,0,636,18893.03,23157.07
8558,ready,2,2,1,636,27023.98,32959.85
8559,ready,1,1,0,636,14066.71,20441.79
8560,ready,2,2,1,636,26282.74,31756.86
8561,ready,5,1,0,636,33950,39195.54
8562,ready,1,1,0,636,11798.12,16297.89
8563,ready,1,1,0,636,13104.95,18311.83
8564,ready,3,1,0,636,28616.93,32488.11
8565,ready,2,1,0,636,13342.48,18039.93
8566,ready,2,1,0,636,27039.71,31071.95
8567,ready,1,1,0,636,20517.79,25132.7
8568,ready,2,1,0,636,11800.9,25203.74
8569,ready,1,1,0,636,17762.87,21603.06
8570,ready,2,1,0,636,11804.06,16526.98
8571,ready,1,1,0,636,11799.74,16483.83
8572,ready,2,1,0,636,26338.8,30327.73
8573,ready,2,1,0,636,26130.81,30420.32
8574,ready,1,1,0,636,13880.45,19279.59
8575,ready,2,1,0,636,27548.45,31402.64
8576,ready,1,1,0,636,13913.34,18280.75
8577,ready,2,1,0,636,27607.09,31899.55
8578,ready,3,1,0,636,28211.86,33508.92
8579,ready,1,1,0,636,11162.52,28746.43
8580,ready,3,1,0,636,28270.48,32219.05
8581,ready,2,1,0,636,13330.58,18039.44
8582,ready,1,1,0,636,19197,24384.6
8583,ready,1,1,0,636,14900.52,19279.79
8584,ready,2,2,1,636,11801.54,30065.06
8585,ready,2,1,0,636,27289.58,31045.28
8586,ready,1,1,0,636,13117.39,18171.79
8587,ready,2,1,0,636,25608.07,30270.4
8588,ready,1,1,0,636,16287.87,21166.38
8589,ready,1,2,1,636,11789.28,62640.39
8590,ready,2,1,0,636,27281.69,31126.7
8591,ready,1,1,0,636,18762.39,23498.33
8592,ready,2,1,0,636,27491.15,31316.21
8593,ready,1,1,0,636,13926.38,18106.33
8594,ready,3,1,0,636,15663.59,20153.41
8595,ready,1,1,0,636,11799.38,16356.57
8596,ready,1,1,0,636,11165.42,16266.96
8597,ready,2,1,0,636,27540.05,31549.38
8598,ready,2,1,0,636,11802.95,16260.91
8599,ready,2,1,0,636,27008,32056.33
8600,ready,2,2,1,636,27234.95,32430.45
8601,ready,2,2,1,636,26132.63,31968.76
8602,ready,2,2,1,636,25966.82,30918.82
8603,ready,1,1,0,636,18894.69,23314.29
8604,ready,1,1,0,636,11792.79,16929.72
8605,ready,1,1,0,636,18877.54,22909.82
8606,ready,2,1,0,636,25966.8,30242.06
8607,ready,2,1,0,636,25408.61,30582.94
8608,ready,2,2,1,636,27864.77,33306.96
8609,ready,1,1,0,636,13150.36,28252.41
8610,ready,1,2,1,636,11796.63,30200.19
8611,ready,1,1,0,636,15945.01,20345.54
8612,ready,1,1,0,636,14005.76,26997.18
8613,ready,1,1,0,636,11798.67,29081.92
8614,ready,2,1,0,636,13305.41,17269.94
8615,ready,2,1,0,636,13314.05,18173.32
8616,ready,2,1,0,636,25717.54,30086.49
8617,ready,1,2,1,636,13117.73,18367.24
8618,ready,1,1,0,636,18108.3,23314.42
8619,ready,1,1,0,636,9720.53,30511.93
8620,ready,2,1,0,636,27483.69,32798.61
8621,ready,1,1,0,636,13881.53,18598.4
8622,ready,1,1,0,636,14015.84,31457.68
8623,ready,3,1,0,636,28103.02,32954.13
8624,ready,2,2,1,636,27398.72,31968.89
8625,ready,2,1,0,636,25892.19,30337.03
8626,ready,1,1,0,636,15806.55,19705.98
8627,ready,1,1,0,636,14404.55,19324.18
8628,ready,2,1,0,636,25468.38,29665.68
8629,ready,1,1,0,636,13151.04,17569.28
8630,ready,2,1,0,636,26111.51,30229.56
8631,ready,2,1,0,636,25271.87,30087.9
8632,ready,2,1,0,636,27007.67,30881.31
8633,ready,1,2,1,636,11790.7,20441.88
8634,ready,1,2,1,636,13111.08,18598.41
8635,ready,2,1,0,636,13341.77,18280.73
8636,ready,1,1,0,636,13951.12,18360.13
8637,ready,2,1,0,636,27284.81,32849.1
8638,ready,1,2,1,636,13149.85,19324.31
8639,ready,2,1,0,636,13380.99,18384.21
8640,ready,1,3,2,636,16111.1,23338.54
8641,ready,1,1,0,636,15682.04,19895.78
8642,ready,2,2,1,636,25961.4,31660.01
8643,ready,2,1,0,636,25973.89,30618.02
8644,ready,1,1,0,636,23278.03,29276.93
8645,ready,1,1,0,636,18347.74,22639.38
8646,ready,1,1,0,636,11788.86,16698.89
8647,ready,1,1,0,636,22234.46,26285.55
8648,ready,2,1,0,636,27008.1,30911.86
8649,ready,1,2,1,636,13939.1,20153.44
8650,ready,2,1,0,636,26004.77,30990.72
8651,ready,2,1,0,636,11800.3,17244.28
8652,ready,2,1,0,636,27045.29,30774.35
8653,ready,2,1,0,636,25885.23,30067.45
8654,ready,1,1,0,636,13948.25,19016.12
8655,ready,1,1,0,636,15184.38,19426.22
8656,ready,2,1,0,636,25761.3,30122.08
8657,ready,2,1,0,636,27277.53,32056.51
8658,ready,2,1,0,636,13317.09,18280.66
8659,ready,1,1,0,636,13689.6,20328.22
8660,ready,1,1,0,636,15159.09,19909.12
8661,ready,2,1,0,636,27374.85,31278.12
8662,ready,2,1,0,636,25885.22,30099.22
8663,ready,1,1,0,636,13901.98,18810.16
8664,ready,2,1,0,636,27009.37,31348.22
8665,ready,2,2,1,636,25880.8,30987.53
8666,ready,1,1,0,636,21246.25,25183.26
8667,ready,2,1,0,636,27313.27,32011.8
8668,ready,2,1,0,636,27275.74,31184.95
8669,ready,2,1,0,636,25191.81,29779.21
8670,ready,2,1,0,636,27026.73,31670.2
8671,ready,2,1,0,636,28074.95,33326.23
8672,ready,1,1,0,636,13117.01,17936.51
8673,ready,1,1,0,636,15222.94,20306.16
8674,ready,2,1,0,636,25880.66,30220.11
8675,ready,2,1,0,636,26309.96,31799.02
8676,ready,2,1,0,636,26997.12,30842.61
8677,ready,1,1,0,636,11791.13,16095.93
8678,ready,1,1,0,636,11791.94,16116.79
8679,ready,2,1,0,636,13342.51,18842.5
8680,ready,3,1,0,636,27882.44,32169.27
8681,ready,1,3,2,636,15184.46,21826.41
8682,ready,2,1,0,636,27032.93,31071.56
8683,ready,2,1,0,636,26142.75,30852.41
8684,ready,2,1,0,636,27028.28,31514.71
8685,ready,1,1,0,636,16978.82,20927.38
8686,ready,1,1,0,636,14079.5,18312.08
8687,ready,2,1,0,636,13341.11,18280.33
8688,ready,2,1,0,636,25687.83,30389.77
8689,ready,2,1,0,636,27023.99,31723.57
8690,ready,1,1,0,636,11797.09,23480.37
8691,ready,2,1,0,636,25938.65,30162.18
8692,ready,2,1,0,636,27505.18,32065.27
8693,ready,1,1,0,636,18007.74,21884.87
8694,ready,1,1,0,636,22863.48,28239.78
8695,ready,2,1,0,636,28109.41,31834.65
8696,ready,2,3,2,636,27389.76,34587.93
8697,ready,3,1,0,636,28942.35,33283.67
8698,ready,1,1,0,636,15216.99,19459.56
8699,ready,1,1,0,636,18281.26,23208.11
8700,ready,3,1,0,636,28262.11,32875.94
8701,ready,2,1,0,636,27529.8,32454.01
8702,ready,1,1,0,636,18403.32,23115.89
8703,ready,2,1,0,636,27007.79,30971.82
8704,ready,2,1,0,636,26340.41,30748.9
8705,ready,1,1,0,636,13150.77,17252.74
8706,ready,2,1,0,636,27367.48,31765.19
8707,ready,2,1,0,636,27287.96,31052.92
8708,ready,1,1,0,636,21804.44,26153.92
8709,ready,3,1,0,636,16457.83,20953.83
8710,ready,1,1,0,636,13117.53,17931.02
8711,ready,1,1,0,636,19148.01,23481.15
8712,ready,1,1,0,636,13151.87,18244.43
8713,ready,3,1,0,636,28333.86,33285.29
8714,ready,2,3,2,636,11801.8,18280.27
8715,ready,2,1,0,636,26028.3,30617.93
8716,ready,2,1,0,636,27284.76,32520.79
8717,ready,1,1,0,636,13901.75,20157.98
8718,ready,1,1,0,636,11802.31,19570.08
8719,ready,4,1,0,636,30964.8,36024.32
8720,ready,2,1,0,636,28077.77,32227.59
8721,ready,2,1,0,636,13353.3,26947.28
8722,ready,2,1,0,636,25986.79,30653.08
8723,ready,1,2,1,636,11796.77,29828.21
8724,ready,1,1,0,636,20296.22,25132.49
8725,ready,1,1,0,636,13151.52,18845.43
8726,ready,2,1,0,636,25636.8,30849.99
8727,ready,2,1,0,636,25938.84,31106.63
8728,ready,3,1,0,636,29133.79,34116
8729,ready,1,1,0,636,11792.42,16892.13
8730,ready,1,1,0,636,18319.18,24101.44
8731,ready,2,1,0,636,25921.86,30166.48
8732,ready,2,1,0,636,26085.24,31080.98
8733,ready,1,1,0,636,13173.98,18418.96
8734,ready,1,1,0,636,18418.58,23498.35
8735,ready,3,1,0,636,29006.95,33302.24
8736,ready,3,1,0,636,29274.66,33952.72
8737,ready,1,1,0,636,20923.72,25622.23
8738,ready,1,1,0,636,11166.76,18011.52
8739,ready,1,2,1,636,14177.92,20153.54
8740,ready,1,1,0,636,11788.88,26179.8
8741,ready,1,1,0,636,9718.33,17706.91
8742,ready,1,1,0,636,11798.59,16855.4
8743,ready,1,1,0,636,13151.35,18295.9
8744,ready,1,1,0,636,21607.77,25367.16
8745,ready,1,1,0,636,11799.07,18441.16
8746,ready,1,1,0,636,9720.22,31631.92
8747,ready,1,1,0,636,14018.25,19089.61
8748,ready,1,1,0,636,18637.41,22789.86
8749,ready,1,1,0,636,13150.08,18437.37
8750,ready,2,1,0,636,27508.15,32798.51
8751,ready,2,1,0,636,25740.85,30763.5
8752,ready,1,1,0,636,11802.79,16534.34
8753,ready,1,1,0,636,21590.75,25683.15
8754,ready,1,2,1,636,18108.01,23092.94
8755,ready,1,2,1,636,11790.73,30082.79
8756,ready,2,1,0,636,25972,29992
8757,ready,2,1,0,636,13344.9,17289.55
8758,ready,2,2,1,636,27002.52,31813.07
8759,ready,2,1,0,636,27611.76,32109.33
8760,ready,2,1,0,636,27376.03,31968.85
8761,ready,2,2,1,636,27039.55,32213.9
8762,ready,2,1,0,636,28081.54,33285.25
8763,ready,1,1,0,636,14023.86,18005.23
8764,ready,1,1,0,636,11161.93,16516.79
8765,ready,1,1,0,636,22315.56,26815.1
8766,ready,1,1,0,636,18086.15,22999.54
8767,ready,2,1,0,636,27537.9,31428.47
8768,ready,2,1,0,636,27539.98,32262.38
8769,ready,1,1,0,636,15114.08,19691.17
8770,ready,2,1,0,636,25129,29711.29
8771,ready,2,1,0,636,25901.64,29703.77
8772,ready,1,1,0,636,13150.61,26820.85
8773,ready,1,1,0,636,17771.74,22134.42
8774,ready,1,1,0,636,19031.07,25133.08
8775,ready,2,2,1,636,27024,33284.03
8776,ready,1,1,0,636,11161.98,16376.06
8777,ready,1,1,0,636,15230.77,19448.31
8778,ready,1,1,0,636,18171.08,22046.27
8779,ready,2,1,0,636,27007.59,30726.98
8780,ready,1,2,1,636,13913.92,19843.95
8781,ready,1,1,0,636,13881.51,19211.37
8782,ready,2,1,0,636,13383.69,17547.51
8783,ready,1,1,0,636,16965.05,21183.2
8784,ready,2,1,0,636,25366.97,29597.14
8785,ready,1,1,0,636,13111.12,18242.27
8786,ready,2,1,0,636,27273.58,31990.67
8787,ready,1,1,0,636,11792.26,17088.76
8788,ready,2,1,0,636,27002.85,32108.94
8789,ready,3,1,0,636,29826.87,34375.08
8790,ready,4,1,0,636,31631.83,35635.32
8791,ready,2,1,0,636,27000.34,31302.33
8792,ready,2,1,0,636,27041.83,32056.94
8793,ready,2,1,0,636,13342.22,18040.28
8794,ready,2,1,0,636,25829.92,30669.2
8795,ready,2,1,0,636,27014.42,30765.35
8796,ready,1,1,0,636,13913.29,19279.89
8797,ready,1,1,0,636,13940.82,18461.98
8798,ready,2,1,0,636,25366.76,29699.59
8799,ready,1,1,0,636,11166.4,25946.33
8800,ready,1,2,1,636,16299.73,22857.67
8801,ready,3,1,0,636,28554.03,33064.77
8802,ready,1,1,0,636,21306.48,25711.22
8803,ready,1,1,0,636,18171.3,23070.72
8804,ready,1,2,1,636,13914.39,19654.53
8805,ready,2,1,0,636,27043.76,30969.19
8806,ready,1,1,0,636,13933.12,29545.08
8807,ready,2,1,0,636,25957.62,31097.25
8808,ready,2,2,1,636,25129.04,30732.03
8809,ready,3,1,0,636,27852.72,33285.37
8810,ready,1,1,0,636,13149.57,17913.5
8811,ready,2,1,0,636,25691.55,29661.04
8812,ready,2,1,0,636,25993.18,31149.7
8813,ready,2,1,0,636,27100.38,31777.08
8814,ready,3,1,0,636,28492.93,33284.37
8815,ready,1,1,0,636,16787.82,22056.12
8816,ready,1,1,0,636,13951.1,18246.02
8817,ready,2,1,0,636,26028.34,30652.78
8818,ready,1,1,0,636,14177.88,19323.27
8819,ready,2,1,0,636,13342.46,17569.22
8820,ready,1,1,0,636,11787.87,16586.94
8821,ready,1,1,0,636,22432.01,27396.89
8822,ready,2,1,0,636,25829.88,29680.53
8823,ready,1,1,0,636,17282.68,21025.45
8824,ready,1,2,1,636,11164.91,16775.82
8825,ready,1,2,1,636,11166.01,16855.44
8826,ready,2,1,0,636,27043.64,31346.28
8827,ready,1,1,0,636,13689.51,18300.06
8828,ready,1,1,0,636,15690.82,21287.22
8829,ready,1,1,0,636,14900.47,19964.85
8830,ready,2,1,0,636,27385.24,32975.72
8831,ready,1,1,0,636,11163.78,20465.2
8832,ready,1,1,0,636,21747.02,26313.09
8833,ready,1,1,0,636,11166.31,26178.9
8834,ready,1,1,0,636,20354.58,25131.99
8835,ready,1,1,0,636,13689.45,18107.59
8836,ready,1,1,0,636,11162.68,25131.83
8837,ready,2,1,0,636,26074.23,30525.5
8838,ready,3,2,1,636,15912.47,21449.51
8839,ready,2,1,0,636,27287.97,31811.1
8840,ready,1,1,0,636,11166.94,21944.24
8841,ready,1,1,0,636,11795.73,16351.49
8842,ready,1,1,0,636,11792.96,26036.97
8843,ready,2,1,0,636,27784.8,32816.79
8844,ready,2,3,2,636,27030.9,34053.47
8845,ready,2,1,0,636,25817.32,29899.44
8846,ready,1,1,0,636,13687.68,18004.05
8847,ready,1,1,0,636,15184.5,19253.49
8848,ready,2,2,1,636,25533.54,31295.78
8849,ready,1,1,0,636,11164.35,17436.36
8850,ready,2,1,0,636,25687.84,30609.54
8851,ready,2,1,0,636,25880.65,30978.85
8852,ready,1,1,0,636,13937.38,18411.48
8853,ready,2,1,0,636,25442.34,30601.28
8854,ready,1,3,2,636,13110.73,19459.5
8855,ready,2,1,0,636,27008.26,31813.72
8856,ready,2,1,0,636,25513.33,30176.93
8857,ready,2,1,0,636,25744.44,30018.8
8858,ready,2,1,0,636,11801.55,18221.21
8859,ready,1,2,1,636,11166.58,16849.37
8860,ready,2,1,0,636,27212.48,31297.19
8861,ready,2,1,0,636,13314.07,18447.47
8862,ready,1,1,0,636,17176.25,22498.02
8863,ready,1,1,0,636,13913.78,19154.74
8864,ready,2,1,0,636,27008.22,31123.66
8865,ready,1,1,0,636,13104.37,19397.82
8866,ready,2,1,0,636,13327.57,18447.42
8867,ready,3,1,0,636,28624.14,33381.79
8868,ready,2,2,1,636,27274.06,32189.56
8869,ready,2,1,0,636,27030.09,31097.28
8870,ready,1,1,0,636,11794.03,16814.45
8871,ready,1,1,0,636,11795.77,16602.21
8872,ready,3,1,0,636,29012.7,33994.35
8873,ready,2,3,2,636,26066.05,33315.05
8874,ready,2,1,0,636,13384.04,18396.89
8875,ready,1,2,1,636,11787.49,17129.75
8876,ready,2,1,0,636,27533.32,32754.63
8877,ready,4,1,0,636,30584.19,35763.5
8878,ready,2,1,0,636,13341.76,27454.29
8879,ready,2,1,0,636,27385.48,31815.81
8880,ready,2,1,0,636,26998.54,31202.03
8881,ready,2,2,1,636,27784.84,33499.75
8882,ready,2,1,0,636,25938.83,30731.94
8883,ready,1,1,0,636,13117.36,18359.89
8884,ready,2,1,0,636,25823.08,31035.13
8885,ready,2,1,0,636,27376.02,32308.06
8886,ready,2,1,0,636,25128.88,30326.23
8887,ready,1,2,1,636,13870.23,20114.3
8888,ready,2,1,0,636,26998.4,32263.68
8889,ready,2,1,0,636,25318.95,29668.28
8890,ready,1,1,0,636,20363.3,25275.28
8891,ready,1,1,0,636,13151.98,20339.94
8892,ready,2,2,1,636,27492.8,32833.35
8893,ready,2,1,0,636,27364.6,31973.34
8894,ready,2,1,0,636,27404.93,32875.91
8895,ready,1,2,1,636,13881,66035.05
8896,ready,2,1,0,636,27414.61,32162.97
8897,ready,1,2,1,636,11792.27,63089.13
8898,ready,1,1,0,636,20923.95,25347.96
8899,ready,2,1,0,636,27016.6,31181.37
8900,ready,2,1,0,636,27882.39,33306.99
8901,ready,2,1,0,636,13359.95,17187.97
8902,ready,1,1,0,636,15148.48,19044.97
8903,ready,2,2,1,636,27045.19,32360.08
8904,ready,1,2,1,636,16994.79,21887.52
8905,ready,1,3,2,636,14012.19,21134.71
8906,ready,2,1,0,636,27516.56,32269.52
8907,ready,2,1,0,636,25128.94,29536.79
8908,ready,1,1,0,636,22460.91,26366.14
8909,ready,2,1,0,636,27030.36,31402.9
8910,ready,1,1,0,636,11164.28,16384.85
8911,ready,2,1,0,636,25704.94,30842.63
8912,ready,1,1,0,636,21736.88,26942.11
8913,ready,2,1,0,636,27762.7,32834.14
8914,ready,2,1,0,636,27533.42,32894.67
8915,ready,2,1,0,636,26996.63,32180.44
8916,ready,1,1,0,636,13117.54,17134.47
8917,ready,2,1,0,636,25636.79,30208.25
8918,ready,2,1,0,636,13307.23,18005.11
8919,ready,2,1,0,636,20458.23,25378.99
8920,ready,2,1,0,636,25531.15,30198.49
8921,ready,1,3,2,636,11164.83,63109.1
8922,ready,2,1,0,636,27877.02,32975.96
8923,ready,2,1,0,636,27234.79,32257.87
8924,ready,1,1,0,636,13110.61,17458.22
8925,ready,1,1,0,636,15681.97,20989.84
8926,ready,2,1,0,636,13330.26,18299.91
8927,ready,1,1,0,636,13926.37,18352.37
8928,ready,2,1,0,636,27009.43,30742.04
8929,ready,2,1,0,636,28093.85,32170.8
8930,ready,1,1,0,636,11165.81,18106.3
8931,ready,2,1,0,636,27367.2,31305.25
8932,ready,2,2,1,636,27007.62,31614.2
8933,ready,2,1,0,636,27000.42,31968.69
8934,ready,2,1,0,636,26275.09,30831.01
8935,ready,2,1,0,636,26106.28,30774.01
8936,ready,1,1,0,636,13902,18697.23
8937,ready,1,2,1,636,13913.83,19097.84
8938,ready,1,1,0,636,21750.03,27094.11
8939,ready,2,1,0,636,27014.4,31302.03
8940,ready,1,2,1,636,13881.47,20068.04
8941,ready,2,1,0,636,13385.56,19102.48
8942,ready,2,1,0,636,27234.96,32418.65
8943,ready,2,1,0,636,27273.85,31451.97
8944,ready,3,1,0,636,28714.03,33284.44
8945,ready,1,2,1,636,13892.21,19966.1
8946,ready,1,1,0,636,11165.35,16389.57
8947,ready,1,1,0,636,11163.95,16703.13
8948,ready,1,1,0,636,18256.97,22349.99
8949,ready,1,2,1,636,13949.62,66297.84
8950,ready,1,1,0,636,13151.27,18246.43
8951,ready,2,2,1,636,13353.81,19036.96
8952,ready,1,1,0,636,11166.79,22206.15
8953,ready,2,1,0,636,26107.62,30022.21
8954,ready,2,1,0,636,28074.98,32799.82
8955,ready,1,1,0,636,15188.22,20444.49
8956,ready,1,1,0,636,19566.93,23641.69
8957,ready,2,1,0,636,25962.18,30897.11
8958,ready,1,1,0,636,11800.15,17357.23
8959,ready,2,1,0,636,28111.35,32311.66
8960,ready,1,1,0,636,11164.54,17089.23
8961,ready,1,1,0,636,20996.05,25911.73
8962,ready,1,1,0,636,11797.34,16579.47
8963,ready,2,1,0,636,27031.14,31054.86
8964,ready,2,1,0,636,27212.35,32218.94
8965,ready,1,1,0,636,18150.92,23481
8966,ready,2,1,0,636,27041.41,31577.07
8967,ready,1,1,0,636,15685.51,20927.37
8968,ready,1,1,0,636,15828.59,19967.81
8969,ready,2,1,0,636,26202.38,31263.71
8970,ready,1,1,0,636,9718.46,20306.36
8971,ready,2,1,0,636,27385.1,31780.46
8972,ready,2,1,0,636,27237.22,32458.9
8973,ready,2,1,0,636,27014.45,31711.56
8974,ready,1,1,0,636,11793.66,16662.96
8975,ready,1,2,1,636,21857.19,27193.24
8976,ready,3,1,0,636,27937.38,33107.98
8977,ready,1,1,0,636,13117.03,18121.37
8978,ready,1,1,0,636,16855.67,21961.4
8979,ready,1,2,1,636,21773.54,27039.83
8980,ready,2,1,0,636,25513.26,30045.03
8981,ready,1,1,0,636,16881.77,21166.47
8982,ready,1,1,0,636,18814.91,23662.22
8983,ready,1,1,0,636,22853.33,27008.45
8984,ready,1,1,0,636,14900.54,18979.91
8985,ready,2,2,1,636,13381.14,17946.38
8986,ready,1,1,0,636,15678.34,19843.59
8987,ready,2,1,0,636,13343.16,18004.92
8988,ready,1,1,0,636,13150.01,17570.83
8989,ready,2,1,0,636,27280.39,31932.08
8990,ready,2,1,0,636,27230.01,31045.47
8991,ready,3,3,2,636,28107.86,35600.09
8992,ready,1,1,0,636,14405.29,19280.15
8993,ready,2,2,1,636,25880.46,30638.87
8994,ready,2,1,0,636,13326.31,17566.21
8995,ready,1,1,0,636,11793.56,16960.59
8996,ready,1,2,1,636,13104.75,18161.92
8997,ready,1,1,0,636,19198.45,24105.61
8998,ready,1,1,0,636,11793.96,20457.87
8999,ready,2,1,0,636,13330.31,18882.95
9000,ready,1,2,1,636,13117.46,29944.84
9001,ready,2,1,0,636,25866.89,31333.31
9002,ready,1,1,0,636,11791.83,16516.89
9003,ready,1,1,0,636,13940.89,26955.17
9004,ready,2,1,0,636,13342.02,18162.18
9005,ready,2,1,0,636,26010.04,30302.11
9006,ready,2,1,0,636,11804.01,25802.68
9007,ready,2,1,0,636,27833.56,32189.85
9008,ready,1,1,0,636,13901.78,18898.63
9009,ready,1,1,0,636,13901.92,18245.8
9010,ready,1,1,0,636,17134.83,21344.82
9011,ready,1,1,0,636,13914.04,18593.08
9012,ready,2,1,0,636,27284.2,32444.45
9013,ready,3,1,0,636,29323.83,34335.13
9014,ready,1,1,0,636,13914.09,18370.17
9015,ready,2,1,0,636,27284.26,31563.26
9016,ready,1,1,0,636,11791.29,17088.05
9017,ready,1,2,1,636,13174.13,30345.51
9018,ready,3,1,0,636,28570.9,33624.43
9019,ready,1,1,0,636,13111.11,17197.72
9020,ready,1,1,0,636,22854.99,28268.06
9021,ready,1,1,0,636,15828.67,20520.88
9022,ready,2,1,0,636,27045.16,31215.46
9023,ready,1,1,0,636,15843.63,20645.36
9024,ready,2,1,0,636,25930.09,30914.36
9025,ready,2,1,0,636,25607.53,30757
9026,ready,2,1,0,636,27043.5,32166.79
9027,ready,4,1,0,636,31123.58,35224.88
9028,ready,2,1,0,636,25782.98,30722.99
9029,ready,1,1,0,636,11162.71,16340.77
9030,ready,2,1,0,636,26184.21,31287.86
9031,ready,3,1,0,636,27852.76,32311.94
9032,ready,2,1,0,636,25809.04,30711.03
9033,ready,2,1,0,636,25614.61,30242.02
9034,ready,2,2,1,636,28052.29,32488.04
9035,ready,2,1,0,636,27582.29,32345.97
9036,ready,1,1,0,636,11166.3,33767.3
9037,ready,1,2,1,636,13152.47,29541.17
9038,ready,3,1,0,636,28865.5,32754.71
9039,ready,2,3,2,636,27002.54,33345.37
9040,ready,2,1,0,636,27284.54,31181.41
9041,ready,2,1,0,636,26991.44,31993.42
9042,ready,1,2,1,636,13948.11,64521.92
9043,ready,3,1,0,636,16169.23,21344.76
9044,ready,2,1,0,636,11801.75,16526.86
9045,ready,2,1,0,636,27273.63,31904.6
9046,ready,2,1,0,636,27011.29,32267.44
9047,ready,1,1,0,636,18172.61,22172.13
9048,ready,2,1,0,636,25749.87,30345.45
9049,ready,2,2,1,636,27011.35,32888.26
9050,ready,1,1,0,636,11161.75,16096
9051,ready,2,2,1,636,11801.71,16339.75
9052,ready,1,1,0,636,20516.33,24982.18
9053,ready,2,1,0,636,27409.87,32360.13
9054,ready,2,1,0,636,13342.5,18939.68
9055,ready,2,1,0,636,26243.89,31194.76
9056,ready,2,1,0,636,27271.7,31404.07
9057,ready,1,2,1,636,19031.23,25132.3
9058,ready,1,1,0,636,9718.13,18047.83
9059,ready,2,2,1,636,13344.93,65182.92
9060,ready,1,1,0,636,11791.48,27462.27
9061,ready,3,2,1,636,27872.07,32453.05
9062,ready,1,1,0,636,13917.24,18373.92
9063,ready,2,1,0,636,26993.8,31968.73
9064,ready,2,1,0,636,26111.47,30099.29
9065,ready,2,1,0,636,26111.55,31149.82
9066,ready,2,1,0,636,27749.83,32056.19
9067,ready,1,1,0,636,11799.22,17087.8
9068,ready,1,1,0,636,11794.6,16926.86
9069,ready,1,1,0,636,11791.15,16566.8
9070,ready,1,1,0,636,13174.37,18578.99
9071,ready,2,1,0,636,27271.77,32522.95
9072,ready,1,1,0,636,14404.53,19555.29
9073,ready,1,1,0,636,11795.48,16355.35
9074,ready,1,1,0,636,9718.36,25551.5
9075,ready,2,1,0,636,25747.95,30249.04
9076,ready,1,2,1,636,11166.14,29453.51
9077,ready,2,1,0,636,13360.26,18205.92
9078,ready,1,1,0,636,13883.59,19132.37
9079,ready,1,1,0,636,11167.03,27435.52
9080,ready,2,1,0,636,25717.52,29751.21
9081,ready,1,1,0,636,13117.75,17087.78
9082,ready,2,1,0,636,13326.79,18501.8
9083,ready,2,1,0,636,25940.9,30327.99
9084,ready,1,2,1,636,13914.23,18854.99
9085,ready,2,1,0,636,13381.24,18849.88
9086,ready,1,1,0,636,13104.84,17088.02
9087,ready,2,1,0,636,25818.98,30279.68
9088,ready,1,1,0,636,17511.17,22121.88
9089,ready,1,1,0,636,11796.43,17703.69
9090,ready,1,1,0,636,11791.14,27454.94
9091,ready,1,1,0,636,18108.1,23120.22
9092,ready,2,1,0,636,25657.76,30176.95
9093,ready,1,1,0,636,11162.45,26050.18
9094,ready,2,1,0,636,13367.48,18629.26
9095,ready,2,1,0,636,25799.91,30946.2
9096,ready,1,1,0,636,16096.61,21134.64
9097,ready,2,2,1,636,11804.29,16706.75
9098,ready,2,1,0,636,28001.9,32108.12
9099,ready,1,1,0,636,13149.86,19145.07
9100,ready,1,1,0,636,18486.41,24100.28
9101,ready,1,1,0,636,13935.19,19483.13
9102,ready,1,1,0,636,11164.39,27258.63
9103,ready,3,2,1,636,25128.71,30169.35
9104,ready,2,1,0,636,27280.96,32266.01
9105,ready,2,1,0,636,26106.22,30661.99
9106,ready,1,1,0,636,21602.3,27095.35
9107,ready,2,1,0,636,25901.61,30678.82
9108,ready,2,1,0,636,11803.66,28974.63
9109,ready,2,1,0,636,25744.47,30301.7
9110,ready,1,1,0,636,13940.88,18383.75
9111,ready,2,1,0,636,13383.64,18360.03
9112,ready,1,1,0,636,13110.63,19886.28
9113,ready,2,1,0,636,27009.35,31287.74
9114,ready,2,1,0,636,11804.2,27408.48
9115,ready,2,1,0,636,26141.16,30300.05
9116,ready,2,1,0,636,25816.56,30604.84
9117,ready,1,1,0,636,9719.16,16659.28
9118,ready,2,1,0,636,27043.3,30947.81
9119,ready,1,1,0,636,14177.84,19376.23
9120,ready,2,1,0,636,25367.01,29401.49
9121,ready,1,2,1,636,11163.81,62634.59
9122,ready,2,1,0,636,27284.92,31403.37
9123,ready,2,1,0,636,25880.86,30971.79
9124,ready,1,1,0,636,14365.61,19156.09
9125,ready,1,1,0,636,13938.94,21387.27
9126,ready,2,1,0,636,27237.34,32169.05
9127,ready,2,2,1,636,13371.86,18280.43
9128,ready,1,1,0,636,13150.29,18205.97
9129,ready,2,2,1,636,27025.12,31505.3
9130,ready,2,1,0,636,26083.85,30757.86
9131,ready,1,1,0,636,21006.9,25404.14
9132,ready,1,1,0,636,13149.3,17564.58
9133,ready,1,1,0,636,11790.52,16113.28
9134,ready,3,1,0,636,23255.24,29289.71
9135,ready,1,1,0,636,13110.51,17915.64
9136,ready,1,1,0,636,13151.3,18493.45
9137,ready,2,1,0,636,26340.46,31080.92
9138,ready,1,1,0,636,21302.89,28288.21
9139,ready,1,1,0,636,20924.01,25956.51
9140,ready,2,1,0,636,13353.44,18516.04
9141,ready,2,1,0,636,13330.96,18001.53
9142,ready,2,1,0,636,27237.43,32174.68
9143,ready,2,1,0,636,13365.9,17444.49
9144,ready,1,1,0,636,13149.74,17355.98
9145,ready,1,1,0,636,13174.17,18361.65
9146,ready,1,1,0,636,11799.77,17088.84
9147,ready,2,1,0,636,27000.28,32315.52
9148,ready,1,1,0,636,11791.31,17088.32
9149,ready,1,1,0,636,18347.9,22843.02
9150,ready,1,2,1,636,11802.42,63093.96
9151,ready,1,1,0,636,9718.86,32199.69
9152,ready,2,1,0,636,27548.6,31545.74
9153,ready,1,1,0,636,9720.18,28278.28
9154,ready,1,1,0,636,13913.77,19087.02
9155,ready,1,1,0,636,13943.31,19279.95
9156,ready,1,1,0,636,16790.18,20927.16
9157,ready,1,1,0,636,13943.23,18285.35
9158,ready,2,1,0,636,25894.6,30774.42
9159,ready,2,1,0,636,25947.51,30136.03
9160,ready,1,1,0,636,15154.75,19775.76
9161,ready,1,1,0,636,11791.73,18750.89
9162,ready,1,1,0,636,15188.25,19280.04
9163,ready,3,2,1,636,28034.68,33564.25
9164,ready,2,1,0,636,27827.92,32555.07
9165,ready,1,1,0,636,13174.26,18241.92
9166,ready,1,1,0,636,13880.58,18684.07
9167,ready,1,1,0,636,13150.8,16931.49
9168,ready,1,1,0,636,17182.94,21986.32
9169,ready,1,2,1,636,11166.75,17220.04
9170,ready,1,2,1,636,18150.86,23688.15
9171,ready,1,1,0,636,11795.4,17087.94
9172,ready,1,1,0,636,15217.05,19579.01
9173,ready,1,1,0,636,16698.22,21618.86
9174,ready,1,1,0,636,11792.2,16389.66
9175,ready,2,1,0,636,25254.23,29860.08
9176,ready,1,1,0,636,13110.52,17539.04
9177,ready,2,1,0,636,25766.83,29692.13
9178,ready,1,1,0,636,13870.88,18145.46
9179,ready,1,1,0,636,11800.25,16814.47
9180,ready,2,1,0,636,27275.54,32817.24
9181,ready,1,1,0,636,11787.9,16351.33
9182,ready,2,2,1,636,28006.52,34087.67
9183,ready,1,1,0,636,13151.91,17089.02
9184,ready,2,1,0,636,25508.66,30644.25
9185,ready,2,2,1,636,26996.8,33007.52
9186,ready,2,1,0,636,25921.85,30873.36
9187,ready,1,1,0,636,13104.77,17129.35
9188,ready,1,1,0,636,13924.79,18456.14
9189,ready,1,1,0,636,15148.55,19968.35
9190,ready,2,1,0,636,27008.08,31758.21
9191,ready,1,1,0,636,11793.41,15988.97
9192,ready,2,1,0,636,25850.84,29664.38
9193,ready,1,1,0,636,9719.9,18839.58
9194,ready,1,1,0,636,14016.99,19016.06
9195,ready,3,1,0,636,28817.38,33035.15
9196,ready,2,1,0,636,25986.86,30326.08
9197,ready,1,1,0,636,11790.29,16132.39
9198,ready,1,1,0,636,18766.82,24111.37
9199,ready,2,1,0,636,28006.31,32056.69
9200,ready,1,1,0,636,20923.96,25741.93
9201,ready,1,2,1,636,17727.67,24102.44
9202,ready,1,1,0,636,13940.71,19014.53
9203,ready,2,1,0,636,27383.66,32171.03
9204,ready,1,1,0,636,11167.04,31601.11
9205,ready,2,1,0,636,26189.62,30294.32
9206,ready,1,1,0,636,13117.59,27077.51
9207,ready,1,2,1,636,11792.07,27023.93
9208,ready,1,1,0,636,17085.68,22389.27
9209,ready,1,1,0,636,11164.03,17173.74
9210,ready,2,3,2,636,13325.82,31715.01
9211,ready,1,3,2,636,11161.91,29276.71
9212,ready,1,1,0,636,11798.63,17228.76
9213,ready,1,2,1,636,15673.7,20926.94
9214,ready,2,1,0,636,27045.12,31484.57
9215,ready,1,1,0,636,11799.26,17088.78
9216,ready,2,1,0,636,27032.29,30994.04
9217,ready,2,1,0,636,25366.83,30789.52
9218,ready,2,1,0,636,27281.45,32109.47
9219,ready,1,2,1,636,11798.88,29480.23
9220,ready,1,1,0,636,13881.42,20328.12
9221,ready,1,1,0,636,11798.97,16184.84
9222,ready,1,1,0,636,14900.5,19288.97
9223,ready,1,1,0,636,13111.14,22789.68
9224,ready,2,1,0,636,25511.76,30870.37
9225,ready,1,1,0,636,17762.96,22078.71
9226,ready,1,1,0,636,21704.15,26181.17
9227,ready,2,1,0,636,13383.83,18172.83
9228,ready,3,1,0,636,28736.8,32954.25
9229,ready,1,1,0,636,15137.8,20153.26
9230,ready,2,1,0,636,13359.71,18367.28
9231,ready,2,1,0,636,27039.52,31081.18
9232,ready,1,1,0,636,11800.03,16096.3
9233,ready,1,1,0,636,17661.81,21893.83
9234,ready,1,1,0,636,13939.04,22451.32
9235,ready,1,1,0,636,13938.93,19279.98
9236,ready,2,3,2,636,13326.36,20992.48
9237,ready,1,1,0,636,18366.9,23662.24
9238,ready,2,1,0,636,13329.99,18436.85
9239,ready,2,1,0,636,27235.17,32108.53
9240,ready,1,1,0,636,13917.17,18205.87
9241,ready,2,2,1,636,25901.63,32122.99
9242,ready,1,1,0,636,14405.42,19231.86
9243,ready,2,1,0,636,25986.76,31194.88
9244,ready,3,1,0,636,29164.14,33345.42
9245,ready,1,1,0,636,11790.89,16730.99
9246,ready,2,1,0,636,13317,27315.42
9247,ready,1,1,0,636,16754.24,21450.8
9248,ready,1,1,0,636,13949.57,18120.82
9249,ready,1,1,0,636,16289.85,20441.83
9250,ready,2,1,0,636,27509.19,32940.07
9251,ready,2,1,0,636,20923.62,25132.85
9252,ready,2,1,0,636,13341.33,20034.05
9253,ready,2,1,0,636,26274.95,30394.21
9254,ready,3,2,1,636,29248.91,35276.93
9255,ready,2,2,1,636,27032.92,31867.48
9256,ready,2,1,0,636,26083.51,30400.09
9257,ready,1,1,0,636,18038.68,23288.29
9258,ready,2,1,0,636,27528.54,31846.29
9259,ready,2,1,0,636,27021.09,31723.76
9260,ready,1,1,0,636,11791.4,17129.65
9261,ready,1,1,0,636,13952.91,18282.22
9262,ready,1,1,0,636,13880.79,18838.33
9263,ready,1,2,1,636,14050.72,65661.55
9264,ready,1,1,0,636,11798.22,16432.98
9265,ready,1,1,0,636,11787.35,16520.32
9266,ready,2,2,1,636,13353.76,19443.72
9267,ready,2,1,0,636,25978.72,30840.62
9268,ready,1,1,0,636,11799.78,17087.91
9269,ready,2,1,0,636,25496.05,30193.49
9270,ready,1,1,0,636,11791.24,18013.34
9271,ready,1,1,0,636,13914.14,18373.79
9272,ready,2,1,0,636,25976.53,30728.3
9273,ready,1,1,0,636,16684.59,21819.48
9274,ready,1,1,0,636,11787.37,28867.28
9275,ready,3,1,0,636,28851.28,33381.82
9276,ready,1,1,0,636,11162.67,16255.28
9277,ready,2,1,0,636,25717.5,29640.32
9278,ready,2,1,0,636,25657.8,29481.59
9279,ready,2,1,0,636,27026.67,30818.61
9280,ready,2,1,0,636,27032.35,31181.27
9281,ready,1,1,0,636,9718.4,28673.25
9282,ready,2,1,0,636,27026.65,31302.11
9283,ready,1,1,0,636,13104.78,18410.92
9284,ready,1,1,0,636,11797.28,18226.64
9285,ready,1,1,0,636,13150.05,18486.76
9286,ready,2,1,0,636,26243.85,30950.48
9287,ready,1,1,0,636,15144.89,19384.99
9288,ready,1,1,0,636,13151.89,18052.84
9289,ready,2,1,0,636,27606.51,32487.7
9290,ready,3,1,0,636,29094.03,33284.36
9291,ready,1,1,0,636,17156.96,21247.22
9292,ready,2,1,0,636,25744.41,30712.61
9293,ready,2,1,0,636,27031.04,32267.5
9294,ready,2,1,0,636,27850.66,32192.52
9295,ready,1,1,0,636,18172.55,22096.05
9296,ready,2,1,0,636,25944.8,30967.84
9297,ready,1,1,0,636,16978.91,21877.75
9298,ready,1,1,0,636,11793.01,16933.7
9299,ready,1,2,1,636,11800.05,30292.72
9300,ready,2,1,0,636,26315.95,31006.16
9301,ready,2,1,0,636,27238.24,32145.26
9302,ready,3,1,0,636,28352.57,32180.07
9303,ready,2,1,0,636,28006.43,32180.14
9304,ready,2,1,0,636,27041.86,30971.85
9305,ready,1,2,1,636,11787,29350.83
9306,ready,3,3,2,636,28796.05,35302.82
9307,ready,2,1,0,636,26120.48,30122.75
9308,ready,2,1,0,636,27547.05,31846.61
9309,ready,2,2,1,636,25571.95,31756.66
9310,ready,1,1,0,636,11798.47,16815.79
9311,ready,2,2,1,636,27890.21,33806.84
9312,ready,1,2,1,636,15148.45,20927.21
9313,ready,2,1,0,636,27503.84,31233.2
9314,ready,2,1,0,636,25816.48,30077.42
9315,ready,1,1,0,636,14013.89,19191.36
9316,ready,1,2,1,636,11790.74,17230.92
9317,ready,2,1,0,636,27235.31,31255.84
9318,ready,2,3,2,636,25941.96,32083.9
9319,ready,2,2,1,636,25536.91,31709.25
9320,ready,1,1,0,636,13937.36,18982.25
9321,ready,1,1,0,636,17547.19,22980.99
9322,ready,1,1,0,636,11162.58,33509.06
9323,ready,1,2,1,636,21117.63,26019.97
9324,ready,2,1,0,636,25318.98,30059
9325,ready,1,1,0,636,13901.74,19253.82
9326,ready,2,1,0,636,27007.78,31318.65
9327,ready,2,1,0,636,25717.56,30288.2
9328,ready,1,1,0,636,13150.18,18696.63
9329,ready,1,1,0,636,13941.79,19426.36
9330,ready,1,1,0,636,18897.61,24099.77
9331,ready,2,1,0,636,27233.12,32108.18
9332,ready,1,1,0,636,11792.46,17089.76
9333,ready,1,1,0,636,21611.69,25687.79
9334,ready,1,1,0,636,13110.76,17214.35
9335,ready,2,2,1,636,27237.13,32900.82
9336,ready,1,1,0,636,17731.91,22002.02
9337,ready,2,2,1,636,27274.05,33409.17
9338,ready,2,2,1,636,11800.57,28777.86
9339,ready,1,2,1,636,11791.32,30246.11
9340,ready,1,1,0,636,17394.83,21232.13
9341,ready,2,1,0,636,13385.53,17936.28
9342,ready,1,1,0,636,15159.07,20443.18
9343,ready,1,1,0,636,11798.42,17178.71
9344,ready,2,1,0,636,27043.57,31071.8
9345,ready,2,1,0,636,25817.26,30979.1
9346,ready,1,2,1,636,11794.33,29483.21
9347,ready,2,3,2,636,27292.19,33395.21
9348,ready,1,1,0,636,13883.58,19007.97
9349,ready,1,3,2,636,18603.6,25132.46
9350,ready,1,1,0,636,13870.97,19149.87
9351,ready,2,1,0,636,27100.36,32166.37
9352,ready,2,1,0,636,27237.58,31295.44
9353,ready,1,1,0,636,11788.02,17129.51
9354,ready,2,1,0,636,11803.95,26394.43
9355,ready,2,1,0,636,27026.81,31268.54
9356,ready,4,1,0,636,30126.97,35458.8
9357,ready,2,1,0,636,25767.89,30918.88
9358,ready,2,1,0,636,11804.24,16096.07
9359,ready,1,1,0,636,13913.81,19201.34
9360,ready,1,1,0,636,11791.37,18093.78
9361,ready,2,1,0,636,25691.57,30749.13
9362,ready,1,2,1,636,11166.72,63507.18
9363,ready,2,1,0,636,27008.23,31964.01
9364,ready,2,1,0,636,27012.74,31644.21
9365,ready,1,1,0,636,11798.02,16602.17
9366,ready,1,2,1,636,13870.27,66008.17
9367,ready,2,1,0,636,25889.65,31194.7
9368,ready,2,1,0,636,26172.95,31145.47
9369,ready,2,1,0,636,13353.8,24103.77
9370,ready,2,1,0,636,26996.38,31009.93
9371,ready,2,1,0,636,26006.15,31402.74
9372,ready,3,2,1,636,28361.36,33082.97
9373,ready,2,1,0,636,25443.9,30743.48
9374,ready,1,2,1,636,11165.85,28957.15
9375,ready,1,2,1,636,11788.79,17913.42
9376,ready,2,1,0,636,25885.32,30980.51
9377,ready,2,1,0,636,25748.03,29983.53
9378,ready,1,1,0,636,13150.22,18690.88
9379,ready,1,1,0,636,20367.86,25371.15
9380,ready,1,1,0,636,13150.98,17289.6
9381,ready,2,1,0,636,26106.29,31181.49
9382,ready,1,1,0,636,14059.94,19417.15
9383,ready,1,1,0,636,16849.6,21104.65
9384,ready,2,1,0,636,27032.41,32036.95
9385,ready,1,1,0,636,20923.76,25473.56
9386,ready,2,1,0,636,27273.84,31293.99
9387,ready,1,2,1,636,11794.21,18004.46
9388,ready,2,1,0,636,27043.93,31976.04
9389,ready,2,3,2,636,26018.92,32840.23
9390,ready,2,1,0,636,27272.13,31375.21
9391,ready,1,1,0,636,19207.49,24312.52
9392,ready,1,2,1,636,11166.22,63379.5
9393,ready,1,3,2,636,11792.34,64039.06
9394,ready,2,1,0,636,25880.61,30652.93
9395,ready,1,1,0,636,13914.51,18280.68
9396,ready,2,2,1,636,13314.15,29114.98
9397,ready,2,1,0,636,27374.8,31421.02
9398,ready,2,1,0,636,13330.7,17935.99
9399,ready,2,1,0,636,27043.91,31880.54
9400,ready,2,1,0,636,27537.89,31994.8
9401,ready,1,1,0,636,11165.79,26647.11
9402,ready,2,1,0,636,13341.54,17703.64
9403,ready,2,1,0,636,27280.54,31097.23
9404,ready,2,2,1,636,27801.46,33801.57
9405,ready,1,1,0,636,17084.3,21498.01
9406,ready,1,1,0,636,13151.66,18286.84
9407,ready,2,1,0,636,26172.98,30166.45
9408,ready,2,1,0,636,25916.16,29828.23
9409,ready,1,1,0,636,15159.11,19650.64
9410,ready,1,1,0,636,13881.5,19214.31
9411,ready,1,1,0,636,11793.02,16527.04
9412,ready,2,1,0,636,28118.74,32445.88
9413,ready,1,1,0,636,13117.25,18307.9
9414,ready,1,1,0,636,15871.61,20926.9
9415,ready,1,2,1,636,11799.81,28779.14
9416,ready,2,1,0,636,11803.96,26977.81
9417,ready,1,2,1,636,11793.87,17690.88
9418,ready,2,1,0,636,25761.25,30996.97
9419,ready,2,1,0,636,26034.11,30644.18
9420,ready,2,1,0,636,13385.52,18206.07
9421,ready,2,1,0,636,28017.78,32042.01
9422,ready,2,1,0,636,27522.74,32036.5
9423,ready,2,1,0,636,11804.1,20306.19
9424,ready,2,1,0,636,27007.87,31964.14
9425,ready,1,1,0,636,11790.51,16433.01
9426,ready,2,1,0,636,27273.89,31293.91
9427,ready,2,1,0,636,26241.65,31054.94
9428,ready,1,1,0,636,21255.29,25716.8
9429,ready,2,1,0,636,13317.18,18246.3
9430,ready,2,1,0,636,27369.97,32390.25
9431,ready,1,1,0,636,11164.98,25132.61
9432,ready,2,2,1,636,25807.83,30921.67
9433,ready,2,1,0,636,13314.2,17923.77
9434,ready,3,2,1,636,28067.34,33941.91
9435,ready,2,1,0,636,27039.5,31734.39
9436,ready,2,1,0,636,27012.87,32218.73
9437,ready,1,1,0,636,17184.18,22161.08
9438,ready,2,1,0,636,27546.97,31673.28
9439,ready,2,1,0,636,25318.97,30459.01
9440,ready,2,1,0,636,27014.44,31669.72
9441,ready,2,1,0,636,26008.67,30313.25
9442,ready,2,1,0,636,25717.61,29550.23
9443,ready,2,1,0,636,26224.03,30252.86
9444,ready,1,1,0,636,22233.7,26496.05
9445,ready,4,1,0,636,30529.37,35788.54
9446,ready,1,1,0,636,13881.44,18469.47
9447,ready,1,1,0,636,13152.11,18543.94
9448,ready,1,1,0,636,9718.45,18013.39
9449,ready,1,1,0,636,17084.28,22338.35
9450,ready,1,1,0,636,11166.57,22411.01
9451,ready,1,1,0,636,11164.09,21787.58
9452,ready,1,1,0,636,13689.63,18287.08
9453,ready,3,1,0,636,28154.44,32359.93
9454,ready,2,1,0,636,27000.22,31357.22
9455,ready,1,2,1,636,11802.67,62873.08
9456,ready,2,1,0,636,27531.75,32042.11
9457,ready,2,1,0,636,27043.83,32268.93
9458,ready,1,1,0,636,11791.26,17691
9459,ready,2,1,0,636,27274.12,31812.71
9460,ready,1,1,0,636,13937.27,18978.22
9461,ready,1,1,0,636,14942.97,18894.58
9462,ready,1,1,0,636,13946.91,19279.92
9463,ready,1,1,0,636,19665.45,23498.26
9464,ready,2,1,0,636,26010.01,30635.68
9465,ready,2,2,1,636,27284.65,33108.04
9466,ready,1,1,0,636,18263.46,23010.58
9467,ready,2,1,0,636,26996.88,32213.74
9468,ready,2,1,0,636,26047.88,31347.8
9469,ready,2,1,0,636,27211.16,31364.4
9470,ready,1,1,0,636,17678.58,23205.26
9471,ready,2,1,0,636,25496.01,29606.64
9472,ready,1,2,1,636,13881.48,19976.84
9473,ready,1,1,0,636,14943.01,19465.82
9474,ready,2,2,1,636,13383.89,64587.63
9475,ready,3,1,0,636,27909.37,32360.18
9476,ready,2,1,0,636,25442.31,29597.81
9477,ready,1,2,1,636,11802.74,63479.46
9478,ready,2,1,0,636,25398.22,30832.35
9479,ready,2,1,0,636,13383.94,26862.63
9480,ready,3,2,1,636,27767.24,32990.87
9481,ready,2,3,2,636,13329.97,30946.3
9482,ready,1,1,0,636,16875.22,21325.93
9483,ready,1,1,0,636,13924.77,19009.35
9484,ready,1,1,0,636,13939.18,19020.1
9485,ready,2,1,0,636,27275.76,31713.64
9486,ready,2,2,1,636,26046.28,31241.17
9487,ready,2,1,0,636,25128.97,29948.8
9488,ready,1,2,1,636,11790.53,25700.06
9489,ready,2,1,0,636,27211.11,31403.83
9490,ready,2,1,0,636,26091.65,31122.11
9491,ready,2,1,0,636,27808.46,32983.42
9492,ready,1,1,0,636,13926.3,18538.43
9493,ready,2,1,0,636,25940.92,29942.12
9494,ready,2,1,0,636,13384.08,18490.57
9495,ready,2,1,0,636,27009.17,31711.81
9496,ready,1,2,1,636,13940.86,64973.49
9497,ready,2,1,0,636,27856.49,32069.49
9498,ready,1,2,1,636,13689.64,64953.32
9499,ready,1,1,0,636,16287.77,20927.28
9500,ready,1,2,1,636,13152,18419.23
9501,ready,1,1,0,636,23278.11,29067.95
9502,ready,2,1,0,636,27369.89,32132.97
9503,ready,1,1,0,636,18692.93,23191.46
9504,ready,2,1,0,636,27002.51,32124.08
9505,ready,1,1,0,636,16096.52,21284.39
9506,ready,1,1,0,636,13151.9,27091.95
9507,ready,2,1,0,636,27002.62,31326.57
9508,ready,2,1,0,636,26062.24,30492.57
9509,ready,2,1,0,636,13317.07,18107.22
9510,ready,2,1,0,636,26026.86,30687.03
9511,ready,2,1,0,636,25607.75,29968.56
9512,ready,1,1,0,636,20040.7,25132.41
9513,ready,1,1,0,636,13880.8,19151.98
9514,ready,2,1,0,636,25285.48,30241.98
9515,ready,1,1,0,636,14005.64,19318.01
9516,ready,1,1,0,636,13110.82,18542.63
9517,ready,2,1,0,636,27599.49,32363.11
9518,ready,3,1,0,636,28956.99,33442.98
9519,ready,1,1,0,636,13111.21,24488.87
9520,ready,3,1,0,636,28818.88,33285.16
9521,ready,2,2,1,636,27284.9,31913.32
9522,ready,4,1,0,636,15828.53,20456.59
9523,ready,2,1,0,636,27045.1,31874.27
9524,ready,3,1,0,636,27898.15,32972.96
9525,ready,1,2,1,636,18794.7,24111.18
9526,ready,2,1,0,636,25846.89,30176.83
9527,ready,2,1,0,636,27153.98,31990.8
9528,ready,1,1,0,636,15693.49,20456.55
9529,ready,1,1,0,636,13901.51,18280.36
9530,ready,1,1,0,636,11799.74,16096.08
9531,ready,2,1,0,636,27045.06,31494.45
9532,ready,1,1,0,636,13151.13,17087.96
9533,ready,1,2,1,636,13689.71,18866.05
9534,ready,1,1,0,636,17182.97,21450.76
9535,ready,2,1,0,636,25846.92,31034.88
9536,ready,1,1,0,636,18229.3,23477.06
9537,ready,2,1,0,636,13342.05,18280.25
9538,ready,1,1,0,636,15157.62,20153.17
9539,ready,3,1,0,636,28712.31,33675.23
9540,ready,1,1,0,636,13946.89,18811.37
9541,ready,2,1,0,636,13383.97,18885.77
9542,ready,1,1,0,636,13883.68,18548.95
9543,ready,1,1,0,636,11790.9,25132.71
9544,ready,1,1,0,636,11166.32,19036.9
9545,ready,2,1,0,636,28067.31,32211.85
9546,ready,2,1,0,636,27025.13,30927.41
9547,ready,4,1,0,636,30236.21,34519.44
9548,ready,3,1,0,636,28817.35,33974.06
9549,ready,2,1,0,636,27208.35,31964.22
9550,ready,3,1,0,636,28710.74,33444.26
9551,ready,2,1,0,636,11803.51,17087.92
9552,ready,2,1,0,636,27284.22,31194.94
9553,ready,2,1,0,636,11801.14,29290.94
9554,ready,1,1,0,636,13883.38,18004.54
9555,ready,2,1,0,636,27790.06,32847.79
9556,ready,2,1,0,636,13330.68,17946.13
9557,ready,2,1,0,636,27041.53,31124.18
9558,ready,1,2,1,636,15843.86,20927.29
9559,ready,3,1,0,636,27808.42,31846.57
9560,ready,2,1,0,636,25841,31004.87
9561,ready,3,1,0,636,28754.05,33864.66
9562,ready,2,1,0,636,25975.3,30778.45
9563,ready,2,2,1,636,26004.72,30660.77
9564,ready,1,1,0,636,11795.18,16224.18
9565,ready,2,1,0,636,27028.04,31347.9
9566,ready,1,1,0,636,11165.31,18040.3
9567,ready,1,1,0,636,11165.91,24103.81
9568,ready,1,2,1,636,11164.17,29118.72
9569,ready,1,2,1,636,13917.38,19279.64
9570,ready,1,1,0,636,13104,21418.88
9571,ready,1,1,0,636,17130.13,20946.05
9572,ready,1,1,0,636,14050.74,26395.21
9573,ready,2,2,1,636,27008.12,32345.28
9574,ready,2,1,0,636,28070.11,32264.02
9575,ready,1,1,0,636,18039.07,22965.16
9576,ready,2,1,0,636,27236.98,32170.71
9577,ready,1,1,0,636,16675.85,21148.52
9578,ready,2,1,0,636,26989.91,30793.64
9579,ready,1,2,1,636,11166.19,63139.36
9580,ready,1,1,0,636,13880.88,18107.53
9581,ready,1,1,0,636,20595.85,25132.81
9582,ready,2,2,1,636,25607.49,31201.86
9583,ready,2,1,0,636,25430.68,30138.22
9584,ready,1,1,0,636,21078.13,25522.75
9585,ready,1,2,1,636,11163.03,28950.11
9586,ready,1,1,0,636,11165.84,16351.43
9587,ready,1,1,0,636,11799.25,27432.67
9588,ready,1,1,0,636,11791.17,16516.92
9589,ready,1,1,0,636,18796.39,24101.5
9590,ready,2,1,0,636,27032.31,31357.42
9591,ready,2,1,0,636,26083.48,31045.03
9592,ready,3,1,0,636,25128.74,30031.83
9593,ready,1,1,0,636,17547.28,21293.24
9594,ready,2,1,0,636,26034.17,30785.45
9595,ready,2,1,0,636,27531.72,31832.77
9596,ready,1,1,0,636,16675.88,20926.6
9597,ready,1,1,0,636,21243.57,25577.85
9598,ready,1,1,0,636,11794.37,25131.93
9599,ready,2,2,1,636,13325.84,18286.93
9600,ready,3,1,0,636,28172.15,32466.31
9601,ready,1,1,0,636,17085.9,21861.97
9602,ready,2,1,0,636,27002.66,31618.8
9603,ready,2,1,0,636,25634.48,29902.76
9604,ready,2,1,0,636,27000.27,31964.2
9605,ready,2,1,0,636,27762.64,33063.34
9606,ready,2,1,0,636,27009.47,30944.94
9607,ready,1,1,0,636,17197.77,21118.89
9608,ready,2,3,2,636,27275.73,34110.72
9609,ready,1,1,0,636,21120.24,25997.97
9610,ready,1,1,0,636,11790.21,16314.82
9611,ready,2,1,0,636,27030.34,30853.1
9612,ready,1,1,0,636,13174.4,18447.39
9613,ready,2,1,0,636,25260.31,30698.26
9614,ready,2,1,0,636,27029.96,32192.56
9615,ready,1,1,0,636,17230.8,22349.95
9616,ready,2,1,0,636,25564.98,30464.14
9617,ready,2,2,1,636,25957.73,30707.5
9618,ready,1,1,0,636,11791.02,16348.78
9619,ready,2,1,0,636,27271.82,31317.35
9620,ready,1,2,1,636,11793.57,62545.13
9621,ready,3,1,0,636,29174.39,34276.57
9622,ready,1,1,0,636,13880.81,18516
9623,ready,1,1,0,636,13913.61,20328.14
9624,ready,1,1,0,636,11790.61,16340.83
9625,ready,1,1,0,636,11790.76,26181.14
9626,ready,1,1,0,636,11792.88,27539.86
9627,ready,1,1,0,636,18200.91,22909.88
9628,ready,2,1,0,636,27531.76,31877.81
9629,ready,1,1,0,636,11791.18,16407.18
9630,ready,2,1,0,636,27862.2,32983.46
9631,ready,2,1,0,636,13317.31,18121.42
9632,ready,2,1,0,636,27550.85,32977.54
9633,ready,1,1,0,636,11797.65,16234.94
9634,ready,1,1,0,636,16675.75,21893.92
9635,ready,1,1,0,636,14063.26,18461.93
9636,ready,1,1,0,636,13174.21,17238.94
9637,ready,1,2,1,636,13914.18,19591.47
9638,ready,3,1,0,636,28699.51,34024.05
9639,ready,2,1,0,636,13371.68,18107.29
9640,ready,1,1,0,636,13870.61,18251.57
9641,ready,3,1,0,636,28623.61,32954.16
9642,ready,1,2,1,636,16987.2,22490.38
9643,ready,2,1,0,636,28094.9,33050.91
9644,ready,3,1,0,636,29221.29,34103.04
9645,ready,2,1,0,636,25880.44,30345.48
9646,ready,2,2,1,636,11800.56,16375.97
9647,ready,2,1,0,636,25575.77,30115.82
9648,ready,1,1,0,636,15400.76,20339.93
9649,ready,3,1,0,636,29292.1,33383.12
9650,ready,1,3,2,636,13880.93,66880.21
9651,ready,1,1,0,636,19568.65,24100.34
9652,ready,1,1,0,636,13117.63,18436.96
9653,ready,1,2,1,636,13870.78,65818.05
9654,ready,2,1,0,636,27234.85,32038.24
9655,ready,3,2,1,636,28612.47,33952.69
9656,ready,1,1,0,636,22857.72,27169.42
9657,ready,2,2,1,636,28081.63,33345.39
9658,ready,2,1,0,636,26024,30453.19
9659,ready,1,2,1,636,11166.55,17157.09
9660,ready,1,1,0,636,13926.43,18624.51
9661,ready,2,1,0,636,27029.97,30874.19
9662,ready,2,1,0,636,26203.69,30707.35
9663,ready,2,2,1,636,11803.17,29889.36
9664,ready,1,1,0,636,11166.43,31633.18
9665,ready,2,1,0,636,26337.56,30765.56
9666,ready,2,1,0,636,26317.53,30498.91
9667,ready,2,1,0,636,27491.24,32453.19
9668,ready,1,1,0,636,18257.1,24102.51
9669,ready,3,1,0,636,28270.45,32977.32
9670,ready,3,1,0,636,29632.98,34042.77
9671,ready,2,2,1,636,27030.17,32799.44
9672,ready,2,1,0,636,25904.79,30915.76
9673,ready,1,2,1,636,17169.76,22267.02
9674,ready,2,1,0,636,27042.11,31584.41
9675,ready,2,1,0,636,27273.88,31994.78
9676,ready,2,2,1,636,27026.56,33299.89
9677,ready,2,1,0,636,27009.42,32072.51
9678,ready,1,1,0,636,14404.45,18527.09
9679,ready,3,1,0,636,28838.55,34117.2
9680,ready,2,1,0,636,25663.93,29895.29
9681,ready,1,1,0,636,13881.03,18976.87
9682,ready,2,1,0,636,25878.61,30044.97
9683,ready,1,2,1,636,17845.64,23791.94
9684,ready,2,1,0,636,26052.4,30938.3
9685,ready,1,2,1,636,13937.16,19257.55
9686,ready,1,2,1,636,11802.34,30497.65
9687,ready,2,2,1,636,13341.51,66251.14
9688,ready,2,1,0,636,27284.44,32109.08
9689,ready,1,2,1,636,13149.91,19319.43
9690,ready,3,1,0,636,29076.26,33889.57
9691,ready,1,1,0,636,13152.27,20306.34
9692,ready,1,1,0,636,17084.43,22307.32
9693,ready,2,1,0,636,11801.98,16351.47
9694,ready,2,1,0,636,25817.29,30996.93
9695,ready,1,1,0,636,11793.18,18696.59
9696,ready,2,1,0,636,25885.21,30653.21
9697,ready,1,1,0,636,13901.73,27398.69
9698,ready,2,2,1,636,28081.59,34148.33
9699,ready,1,1,0,636,16698.43,20927.48
9700,ready,1,1,0,636,17244.24,22506.04
9701,ready,2,1,0,636,27235.37,31971.81
9702,ready,2,1,0,636,25575.8,30915.6
9703,ready,2,1,0,636,27534.83,31280.83
9704,ready,2,1,0,636,11800.96,17129.53
9705,ready,3,1,0,636,28235.33,33609.88
9706,ready,2,1,0,636,27233.09,32520.83
9707,ready,2,1,0,636,27289.56,31990.82
9708,ready,1,1,0,636,9718.48,19574.98
9709,ready,2,2,1,636,25508.69,31189.16
9710,ready,2,1,0,636,27274.14,31451.57
9711,ready,2,1,0,636,13353.08,18004.57
9712,ready,1,1,0,636,13117.1,18106.87
9713,ready,2,1,0,636,25691.6,30527.46
9714,ready,3,1,0,636,29022.12,34240.64
9715,ready,1,2,1,636,16289.95,21287.33
9716,ready,2,1,0,636,27285.09,32850.31
9717,ready,1,1,0,636,13892.32,19163.11
9718,ready,1,2,1,636,11800.17,18252.38
9719,ready,3,1,0,636,29097.12,33509.14
9720,ready,1,1,0,636,11798.71,18022.31
9721,ready,1,3,2,636,19031.89,25132.57
9722,ready,1,1,0,636,11164.69,16314.79
9723,ready,1,2,1,636,11792.98,29602.5
9724,ready,2,1,0,636,25700.1,30467.01
9725,ready,1,1,0,636,11166.21,33982.2
9726,ready,1,1,0,636,11787.5,16591.34
9727,ready,2,1,0,636,28142.36,32219.66
9728,ready,1,1,0,636,18128.95,23171.38
9729,ready,1,1,0,636,13151.88,18246.65
9730,ready,2,1,0,636,11800.77,17089.08
9731,ready,3,1,0,636,29116.25,33370.38
9732,ready,2,1,0,636,28034.64,31764.48
9733,ready,1,1,0,636,11798.5,16962.73
9734,ready,2,1,0,636,27011.31,31268.58
9735,ready,2,1,0,636,25894.57,30940.78
9736,ready,1,1,0,636,11791.85,16339.67
9737,ready,3,1,0,636,28672.74,33083.01
9738,ready,1,3,2,636,11164.55,63039.95
9739,ready,1,1,0,636,9718.02,17455.56
9740,ready,1,1,0,636,11799.12,16209.9
9741,ready,2,1,0,636,25477.03,30463.57
9742,ready,1,1,0,636,13149.5,17562.72
9743,ready,1,1,0,636,11166.81,19579.66
9744,ready,2,1,0,636,13330.56,21420
9745,ready,3,1,0,636,28592.28,34033.45
9746,ready,2,1,0,636,27547.15,31811.31
9747,ready,1,1,0,636,21788.98,25711.2
9748,ready,2,1,0,636,13317.51,17129.64
9749,ready,2,1,0,636,11803.2,16855.49
9750,ready,1,1,0,636,13870.65,18280.46
9751,ready,2,1,0,636,11800.91,17703.77
9752,ready,3,3,2,636,28754,34871.89
9753,ready,1,1,0,636,13151.4,18173.45
9754,ready,2,1,0,636,28098.66,33028.43
9755,ready,3,2,1,636,28218.14,33008.98
9756,ready,1,2,1,636,11165.18,28762.58
9757,ready,3,1,0,636,15595.4,20306.22
9758,ready,1,1,0,636,13149.88,24982.42
9759,ready,2,1,0,636,27624.39,32257.91
9760,ready,1,1,0,636,11796.51,16389.64
9761,ready,3,1,0,636,28235.21,32876.02
9762,ready,1,1,0,636,13913.93,18469.54
9763,ready,2,1,0,636,25653.84,30897.19
9764,ready,1,1,0,636,14405.35,18462
9765,ready,2,1,0,636,13342.66,17356
9766,ready,1,1,0,636,13926.39,18132.91
9767,ready,1,1,0,636,13104.22,18121.2
9768,ready,2,1,0,636,27374.75,32799.66
9769,ready,1,1,0,636,14065.23,19376.25
9770,ready,1,1,0,636,13951.09,21445.79
9771,ready,1,2,1,636,13883.44,65865.39
9772,ready,2,1,0,636,25671,29559.63
9773,ready,1,1,0,636,13913.99,19433.05
9774,ready,2,1,0,636,25938.73,30745.52
9775,ready,2,1,0,636,28087.13,33285.36
9776,ready,1,1,0,636,19730.8,25132.33
9777,ready,2,1,0,636,25775.56,31004.75
9778,ready,1,2,1,636,14900.35,20067.96
9779,ready,2,1,0,636,25928.45,31035.05
9780,ready,1,1,0,636,11799.69,16096.29
9781,ready,1,1,0,636,11166.85,18039.47
9782,ready,1,1,0,636,17129.91,21734.01
9783,ready,2,1,0,636,11800.84,18839.62
9784,ready,2,1,0,636,27024.04,30848.14
9785,ready,3,2,1,636,27766.65,32847.82
9786,ready,2,1,0,636,27273.57,31263.53
9787,ready,2,2,1,636,25986.72,31085.44
9788,ready,2,1,0,636,25833.98,30573.02
9789,ready,3,2,1,636,15560.58,21134.68
9790,ready,1,1,0,636,9718.98,17919.07
9791,ready,1,1,0,636,11798.93,26620.85
9792,ready,1,1,0,636,14942.87,19970.19
9793,ready,1,1,0,636,13110.64,18120.67
9794,ready,3,1,0,636,28213.18,32308.85
9795,ready,1,1,0,636,16096.51,19949.32
9796,ready,2,1,0,636,26035.49,31074.34
9797,ready,1,1,0,636,11796.02,27028.59
9798,ready,2,1,0,636,25318.9,30067.5
9799,ready,1,1,0,636,11794.75,18040.04
9800,ready,2,1,0,636,13325.66,33283.78
9801,ready,1,1,0,636,11792.57,16775.8
9802,ready,1,1,0,636,18172.46,22937.69
9803,ready,1,1,0,636,11165.59,15968.64
9804,ready,1,1,0,636,11787.3,33767.4
9805,ready,3,1,0,636,27854.21,32984.73
9806,ready,1,1,0,636,13151.45,18122.25
9807,ready,2,1,0,636,27032.43,31899.15
9808,ready,1,1,0,636,11792.72,16504.04
9809,ready,2,3,2,636,11802.03,30800.24
9810,ready,1,1,0,636,11799.94,25926.51
9811,ready,2,1,0,636,13381.16,18352.16
9812,ready,2,1,0,636,27000.16,32056.41
9813,ready,1,1,0,636,13949.5,18385.24
9814,ready,1,1,0,636,11797.85,16700.83
9815,ready,2,2,1,636,26991.69,31950.13
9816,ready,1,2,1,636,11786.97,63187.65
9817,ready,1,1,0,636,13150.09,17310.32
9818,ready,1,1,0,636,11799.95,29552.72
9819,ready,1,3,2,636,15146.44,22228.95
9820,ready,2,1,0,636,27284.83,32219.09
9821,ready,1,1,0,636,17983.87,22451.28
9822,ready,2,1,0,636,13342.83,25132.35
9823,ready,2,1,0,636,25966.77,30081.74
9824,ready,1,1,0,636,13917.34,23474.99
9825,ready,1,1,0,636,11790.02,16748.26
9826,ready,1,1,0,636,15213.5,19419.02
9827,ready,3,1,0,636,28772.53,34195.75
9828,ready,1,1,0,636,13880.9,18121.04
9829,ready,1,1,0,636,13949.68,18868.61
9830,ready,4,1,0,636,63356.22,68334.81
9831,ready,2,1,0,636,27032.96,31832.63
9832,ready,2,1,0,636,13383.6,18454.8
9833,ready,3,1,0,636,29479.22,33607.07
9834,ready,1,1,0,636,18159.29,21957.06
9835,ready,2,1,0,636,26116.53,31357.49
9836,ready,1,1,0,636,11162.49,31846.33
9837,ready,2,1,0,636,27035.13,32133.06
9838,ready,1,1,0,636,14068.71,18869.17
9839,ready,2,1,0,636,26041.4,30848.07
9840,ready,1,1,0,636,11800.26,16706.74
9841,ready,3,1,0,636,28384.15,32475.31
9842,ready,2,1,0,636,11803.04,25839.92
9843,ready,1,1,0,636,20426.22,25132.48
9844,ready,2,1,0,636,26193.62,30220.31
9845,ready,2,2,1,636,25921.87,30538.52
9846,ready,2,1,0,636,25366.8,30145
9847,ready,1,1,0,636,13883.65,19089.42
9848,ready,2,2,1,636,11803.01,28881.7
9849,ready,2,1,0,636,25366.7,30377.47
9850,ready,2,1,0,636,27022.85,32109.03
9851,ready,3,1,0,636,28206.28,32345.04
9852,ready,1,1,0,636,11166.59,19034.2
9853,ready,1,1,0,636,18071.5,22507.91
9854,ready,1,1,0,636,11796,16339.45
9855,ready,2,1,0,636,13327.36,18486.58
9856,ready,1,1,0,636,13914.13,24102.42
9857,ready,1,1,0,636,17854.86,22683.21
9858,ready,1,1,0,636,21070.03,25422.84
9859,ready,2,1,0,636,27012.72,31241.45
9860,ready,1,1,0,636,14005.58,19397.88
9861,ready,1,2,1,636,13913.6,18866.1
9862,ready,1,1,0,636,21803.04,26880.01
9863,ready,2,1,0,636,13342.59,18810.1
9864,ready,2,1,0,636,27028.13,31256.24
9865,ready,1,1,0,636,11164.2,24426.88
9866,ready,1,1,0,636,13117.45,17423.38
9867,ready,2,1,0,636,25784.26,30653.11
9868,ready,3,2,1,636,28901.84,34266.86
9869,ready,2,1,0,636,25921.9,30869.07
9870,ready,1,2,1,636,13926.4,65870
9871,ready,2,1,0,636,25892.26,30855.66
9872,ready,1,1,0,636,14786.22,19288.95
9873,ready,1,2,1,636,14063.28,65458.94
9874,ready,1,1,0,636,11163.85,16314.78
9875,ready,1,1,0,636,11793.05,16340.74
9876,ready,2,1,0,636,27842.6,32308.5
9877,ready,1,1,0,636,13938.99,19034.24
9878,ready,1,1,0,636,18130.53,22984.73
9879,ready,1,1,0,636,13913.86,23643.79
9880,ready,1,1,0,636,9718.38,25183.13
9881,ready,2,1,0,636,27009.28,30905.72
9882,ready,2,1,0,636,25633.19,31071.47
9883,ready,2,2,1,636,27834.07,33801.65
9884,ready,2,1,0,636,27533.45,31904.84
9885,ready,2,1,0,636,13361.87,17129.63
9886,ready,2,1,0,636,25614.67,29777.91
9887,ready,1,1,0,636,19128.43,25132.04
9888,ready,2,1,0,636,25519.52,30867.73
9889,ready,2,2,1,636,13307.17,26824.81
9890,ready,2,1,0,636,27234.99,31122.31
9891,ready,1,1,0,636,17207.18,21736.68
9892,ready,1,3,2,636,11162.37,64864.25
9893,ready,2,1,0,636,27269.71,31911.95
9894,ready,2,3,2,636,13345.28,31913.36
9895,ready,2,1,0,636,25990.72,30295.94
9896,ready,2,1,0,636,26068.47,31185.03
9897,ready,1,1,0,636,18038.99,23478.91
9898,ready,2,1,0,636,25730.22,30951.96
9899,ready,1,1,0,636,13151.7,18437.27
9900,ready,2,1,0,636,26120.52,31124.15
9901,ready,2,2,1,636,26022.7,30918.91
9902,ready,2,1,0,636,27277.41,31664.97
9903,ready,1,1,0,636,19053.76,23791.92
9904,ready,1,1,0,636,21198,26218.3
9905,ready,1,1,0,636,11164.11,18782.77
9906,ready,1,1,0,636,13150.65,17935.88
9907,ready,2,1,0,636,27280.92,31879.17
9908,ready,1,1,0,636,15146.39,19737.91
9909,ready,1,1,0,636,9718.24,18751.24
9910,ready,2,1,0,636,26112.4,31097.42
9911,ready,2,1,0,636,25892.17,30218.55
9912,ready,1,1,0,636,17852.13,22806.65
9913,ready,2,1,0,636,27364.64,32954.31
9914,ready,1,1,0,636,11799.08,27398.67
9915,ready,2,1,0,636,28043.93,32219.55
9916,ready,4,1,0,636,31212.83,36077.21
9917,ready,1,3,2,636,18418.51,25132.56
9918,ready,2,1,0,636,25981.21,30400.24
9919,ready,1,1,0,636,13880.99,18107.42
9920,ready,1,1,0,636,16308.22,20446.84
9921,ready,1,1,0,636,13151.24,18175.32
9922,ready,1,2,1,636,11796.53,63563.14
9923,ready,1,1,0,636,13150.7,23475.01
9924,ready,4,1,0,636,30599.81,34813.38
9925,ready,1,1,0,636,13892.41,19086.96
9926,ready,1,1,0,636,11790.27,16862.04
9927,ready,1,1,0,636,13151.97,24426.62
9928,ready,2,2,1,636,26153.03,32168.69
9929,ready,2,1,0,636,25704.83,30609.89
9930,ready,2,1,0,636,26991.61,32192.6
9931,ready,1,1,0,636,15185.13,20157.89
9932,ready,2,1,0,636,13353.68,29669.93
9933,ready,2,1,0,636,26026.83,30345.37
9934,ready,1,1,0,636,13117.32,17275.12
9935,ready,1,1,0,636,11791.38,17087.71
9936,ready,3,1,0,636,29496.49,34254.44
9937,ready,2,1,0,636,25204.93,30220.07
9938,ready,2,1,0,636,27277.46,31381.9
9939,ready,1,3,2,636,22433.89,28586.54
9940,ready,4,1,0,636,31276.45,36220.87
9941,ready,2,1,0,636,25447.81,30067.54
9942,ready,1,1,0,636,11790.86,16526.94
9943,ready,2,1,0,636,27533.36,32994.39
9944,ready,1,2,1,636,13117.52,30337.59
9945,ready,1,2,1,636,11788.63,63235.89
9946,ready,3,2,1,636,29102.92,34507.99
9947,ready,1,2,1,636,13901.63,31723.7
9948,ready,1,2,1,636,13880.62,19354.82
9949,ready,1,1,0,636,11795.93,16574.24
9950,ready,1,1,0,636,20594.47,25132.82
9951,ready,2,1,0,636,27820.5,32344.91
9952,ready,1,1,0,636,13880.48,19014.64
9953,ready,1,1,0,636,16675.82,22005.14
9954,ready,3,1,0,636,28219.67,32306.69
9955,ready,3,1,0,636,29147.47,34021.73
9956,ready,2,1,0,636,25673.48,29943.42
9957,ready,2,1,0,636,11802.99,16594.88
9958,ready,2,1,0,636,25756.95,30249.19
9959,ready,1,1,0,636,18445.81,23113.9
9960,ready,3,1,0,636,28712.37,33446.93
9961,ready,1,1,0,636,17150.82,22026.89
9962,ready,1,1,0,636,13883.49,18643.82
9963,ready,2,1,0,636,27280.12,31316.72
9964,ready,1,1,0,636,21755.79,26935.92
9965,ready,1,1,0,636,14942.84,19505.59
9966,ready,2,1,0,636,13342.09,18120.88
9967,ready,2,1,0,636,27537.93,32360.34
9968,ready,2,1,0,636,26316.03,30262.17
9969,ready,1,1,0,636,19201.38,23488.05
9970,ready,1,1,0,636,20923.59,25953.78
9971,ready,2,1,0,636,27367.27,31714.92
9972,notice_fetch_failed,1,3,2,240,15330.6,16981.99
9973,ready,1,1,0,636,11787.01,16231.32
9974,ready,2,2,1,636,13343.21,18553.93
9975,ready,1,1,0,636,11791.61,19947.6
9976,ready,1,1,0,636,13870.47,26475.6
9977,ready,2,1,0,636,25190.58,30081.88
9978,ready,2,1,0,636,25641.61,30917.05
9979,ready,2,1,0,636,27369.11,32359.76
9980,ready,2,1,0,636,13360.17,18280.4
9981,ready,2,1,0,636,27238.29,31039.8
9982,ready,2,1,0,636,25183.11,30146.97
9983,ready,2,1,0,636,26074.28,30859.87
9984,ready,2,1,0,636,25914.9,30288.36
9985,ready,1,1,0,636,13117.78,17087.61
9986,ready,2,2,1,636,27007.72,31813.94
9987,ready,3,2,1,636,28712.38,33801.4
9988,ready,2,1,0,636,27275.59,32817.3
9989,ready,1,1,0,636,11164.71,17563.34
9990,ready,3,1,0,636,27957.5,32834.1
9991,ready,2,1,0,636,25988.18,30422.69
9992,ready,1,1,0,636,13881.55,19426.58
9993,ready,1,1,0,636,13892.4,27396.92
9994,ready,1,1,0,636,18125.82,23480.38
9995,ready,2,1,0,636,27016.53,31470.35
9996,ready,2,1,0,636,13325.64,17539.25
9997,ready,1,1,0,636,16684.2,21763.12
9998,ready,2,1,0,636,26155.75,31002.24
9999,ready,2,1,0,636,27760.55,32894.69
10000,ready,2,1,0,636,26051.04,30222.6
